0 0.4002659574468085 0.002586206896551724 0.39184397163120566 0.004310344827586207 0.38475177304964536 0.016379310344827588 0.3882978723404255 0.029310344827586206 0.399822695035461 0.03793103448275862 0.41134751773049644 0.034482758620689655 0.4148936170212766 0.027586206896551724 0.4148936170212766 0.008620689655172414 0.4051418439716312 0.002586206896551724
0 0.4423758865248227 0.004310344827586207 0.4317375886524823 0.008620689655172414 0.42730496453900707 0.014655172413793103 0.4308510638297872 0.029310344827586206 0.4423758865248227 0.03706896551724138 0.449468085106383 0.0353448275862069 0.4521276595744681 0.03189655172413793 0.45478723404255317 0.01810344827586207 0.4512411347517731 0.00603448275862069 0.4432624113475177 0.004310344827586207
0 0.4734042553191489 0.004310344827586207 0.4645390070921986 0.015517241379310345 0.4698581560283688 0.0353448275862069 0.4769503546099291 0.03706896551724138 0.48404255319148937 0.03189655172413793 0.4849290780141844 0.01293103448275862 0.475177304964539 0.004310344827586207
0 0.5 0.01293103448275862 0.4946808510638298 0.013793103448275862 0.49024822695035464 0.022413793103448276 0.49113475177304966 0.0353448275862069 0.4973404255319149 0.04310344827586207 0.5070921985815603 0.039655172413793106 0.5124113475177305 0.03103448275862069 0.5088652482269503 0.01810344827586207 0.50177304964539 0.01293103448275862
0 0.5283687943262412 0.01810344827586207 0.5186170212765957 0.022413793103448276 0.5195035460992907 0.03620689655172414 0.524822695035461 0.04051724137931034 0.5328014184397163 0.03879310344827586 0.5363475177304965 0.03362068965517241 0.5363475177304965 0.02327586206896552 0.5319148936170213 0.01810344827586207
0 0.3519503546099291 0.011206896551724138 0.3484042553191489 0.019827586206896553 0.3484042553191489 0.03706896551724138 0.3528368794326241 0.04051724137931034 0.3608156028368794 0.04051724137931034 0.3679078014184397 0.03793103448275862 0.36879432624113473 0.03103448275862069 0.36524822695035464 0.015517241379310345 0.35904255319148937 0.011206896551724138
0 0.3696808510638298 0.04827586206896552 0.3554964539007092 0.05344827586206897 0.350177304964539 0.06379310344827586 0.3546099290780142 0.08275862068965517 0.36524822695035464 0.08706896551724137 0.375886524822695 0.08706896551724137 0.3829787234042553 0.08103448275862069 0.38652482269503546 0.07327586206896551 0.38475177304964536 0.05862068965517241 0.37943262411347517 0.05172413793103448 0.37145390070921985 0.04827586206896552
0 0.4024822695035461 0.04482758620689655 0.3945035460992908 0.05 0.39273049645390073 0.06206896551724138 0.40070921985815605 0.0706896551724138 0.4078014184397163 0.07155172413793104 0.4148936170212766 0.06206896551724138 0.4148936170212766 0.052586206896551725 0.40691489361702127 0.04482758620689655
0 0.4423758865248227 0.045689655172413794 0.4317375886524823 0.05 0.4299645390070922 0.06379310344827586 0.43351063829787234 0.0706896551724138 0.4432624113475177 0.07672413793103448 0.4530141843971631 0.07413793103448275 0.4601063829787234 0.0603448275862069 0.4574468085106383 0.05086206896551724 0.44858156028368795 0.045689655172413794
0 0.49645390070921985 0.05 0.49113475177304966 0.05086206896551724 0.4858156028368794 0.0603448275862069 0.4875886524822695 0.06896551724137931 0.4946808510638298 0.07327586206896551 0.500886524822695 0.07155172413793104 0.5035460992907801 0.06724137931034482 0.5035460992907801 0.05517241379310345 0.49822695035460995 0.05
0 0.5292553191489362 0.05086206896551724 0.5203900709219859 0.05517241379310345 0.5177304964539007 0.061206896551724135 0.5195035460992907 0.06896551724137931 0.526595744680851 0.0706896551724138 0.5363475177304965 0.061206896551724135 0.5363475177304965 0.05603448275862069 0.5301418439716312 0.05172413793103448
0 0.5292553191489362 0.08103448275862069 0.5230496453900709 0.08448275862068966 0.5195035460992907 0.09051724137931035 0.5195035460992907 0.09482758620689655 0.5283687943262412 0.1 0.5372340425531915 0.09741379310344828 0.5416666666666666 0.09224137931034483 0.5407801418439716 0.08448275862068966 0.5363475177304965 0.08103448275862069
0 0.5567375886524822 0.04827586206896552 0.549645390070922 0.054310344827586204 0.549645390070922 0.06293103448275862 0.5531914893617021 0.06810344827586207 0.5602836879432624 0.06724137931034482 0.5629432624113475 0.0603448275862069 0.5620567375886525 0.052586206896551725 0.5576241134751773 0.04827586206896552
0 0.5567375886524822 0.022413793103448276 0.549645390070922 0.029310344827586206 0.5523049645390071 0.039655172413793106 0.5602836879432624 0.039655172413793106 0.5620567375886525 0.03620689655172414 0.5620567375886525 0.028448275862068967 0.5576241134751773 0.022413793103448276
0 0.250886524822695 0.009482758620689655 0.24468085106382978 0.013793103448275862 0.24202127659574468 0.020689655172413793 0.24379432624113476 0.03793103448275862 0.25 0.04310344827586207 0.2579787234042553 0.041379310344827586 0.2641843971631206 0.03189655172413793 0.2624113475177305 0.01810344827586207 0.25620567375886527 0.009482758620689655
0 0.28102836879432624 0 0.274822695035461 0 0.2695035460992908 0.00603448275862069 0.2712765957446808 0.021551724137931036 0.274822695035461 0.026724137931034484 0.28191489361702127 0.026724137931034484 0.2898936170212766 0.017241379310344827 0.2907801418439716 0.005172413793103448 0.2872340425531915 0
0 0.2845744680851064 0.05 0.2721631205673759 0.0603448275862069 0.2721631205673759 0.07844827586206897 0.28102836879432624 0.0896551724137931 0.2969858156028369 0.09482758620689655 0.3067375886524823 0.08793103448275862 0.3076241134751773 0.07327586206896551 0.29521276595744683 0.052586206896551725 0.2907801418439716 0.05
0 0.30851063829787234 0.04051724137931034 0.3049645390070922 0.04482758620689655 0.3049645390070922 0.05086206896551724 0.30939716312056736 0.0603448275862069 0.31382978723404253 0.06206896551724138 0.32180851063829785 0.0603448275862069 0.3271276595744681 0.05517241379310345 0.32269503546099293 0.04396551724137931 0.3147163120567376 0.04051724137931034
0 0.23670212765957446 0.06551724137931035 0.22695035460992907 0.06982758620689655 0.2225177304964539 0.07586206896551724 0.225177304964539 0.08793103448275862 0.23404255319148937 0.09224137931034483 0.24468085106382978 0.0896551724137931 0.24911347517730498 0.08275862068965517 0.24911347517730498 0.075 0.24468085106382978 0.06724137931034482 0.2402482269503546 0.06551724137931035
0 0.24468085106382978 0.09568965517241379 0.2393617021276596 0.09913793103448276 0.23670212765957446 0.1060344827586207 0.23670212765957446 0.11551724137931034 0.24113475177304963 0.12327586206896551 0.24645390070921985 0.12327586206896551 0.25354609929078015 0.11810344827586207 0.25620567375886527 0.10258620689655172 0.250886524822695 0.09568965517241379
0 0.2721631205673759 0.09655172413793103 0.26684397163120566 0.10431034482758621 0.26773049645390073 0.1146551724137931 0.2721631205673759 0.12241379310344827 0.2801418439716312 0.12327586206896551 0.28900709219858156 0.11637931034482758 0.2898936170212766 0.10775862068965517 0.27925531914893614 0.09655172413793103
0 0.3049645390070922 0.1 0.299645390070922 0.10517241379310345 0.29609929078014185 0.11810344827586207 0.2987588652482269 0.125 0.3058510638297872 0.12844827586206897 0.3120567375886525 0.12586206896551724 0.31648936170212766 0.11551724137931034 0.31560283687943264 0.10431034482758621 0.3076241134751773 0.1
0 0.28368794326241137 0.12758620689655173 0.27393617021276595 0.13706896551724138 0.2721631205673759 0.14396551724137932 0.27570921985815605 0.15 0.2828014184397163 0.15086206896551724 0.2916666666666667 0.1456896551724138 0.2969858156028369 0.13275862068965516 0.2898936170212766 0.12758620689655173
0 0.30939716312056736 0.1353448275862069 0.299645390070922 0.1456896551724138 0.300531914893617 0.15086206896551724 0.3058510638297872 0.15517241379310345 0.31117021276595747 0.15517241379310345 0.31560283687943264 0.15086206896551724 0.3147163120567376 0.1353448275862069
0 0.25620567375886527 0.125 0.24645390070921985 0.1310344827586207 0.24645390070921985 0.1396551724137931 0.2570921985815603 0.14913793103448275 0.26684397163120566 0.14482758620689656 0.2695035460992908 0.13879310344827586 0.26773049645390073 0.13017241379310346 0.25886524822695034 0.125
0 0.2872340425531915 0.15517241379310345 0.2783687943262411 0.16120689655172413 0.2783687943262411 0.1724137931034483 0.2845744680851064 0.18017241379310345 0.2925531914893617 0.1810344827586207 0.300531914893617 0.17327586206896553 0.30141843971631205 0.1646551724137931 0.2978723404255319 0.15862068965517243 0.2898936170212766 0.15517241379310345
0 0.32180851063829785 0.16120689655172413 0.3147163120567376 0.16379310344827586 0.30851063829787234 0.17327586206896553 0.30939716312056736 0.1853448275862069 0.3173758865248227 0.19137931034482758 0.3262411347517731 0.1896551724137931 0.3333333333333333 0.17844827586206896 0.3342198581560284 0.16896551724137931 0.3280141843971631 0.16120689655172413
0 0.3466312056737589 0.16551724137931034 0.3404255319148936 0.1706896551724138 0.3395390070921986 0.18017241379310345 0.3484042553191489 0.1896551724137931 0.35638297872340424 0.18448275862068966 0.35638297872340424 0.1706896551724138 0.35106382978723405 0.16551724137931034
0 0.36879432624113473 0.10862068965517241 0.3625886524822695 0.1146551724137931 0.3599290780141844 0.12413793103448276 0.3608156028368794 0.13448275862068965 0.36879432624113473 0.14482758620689656 0.375 0.14482758620689656 0.3803191489361702 0.1413793103448276 0.38563829787234044 0.1310344827586207 0.38475177304964536 0.11896551724137931 0.37677304964539005 0.10862068965517241
0 0.3519503546099291 0.09224137931034483 0.3484042553191489 0.0939655172413793 0.3448581560283688 0.10258620689655172 0.34574468085106386 0.10775862068965517 0.35106382978723405 0.11206896551724138 0.3554964539007092 0.11120689655172414 0.36347517730496454 0.10258620689655172 0.35904255319148937 0.09224137931034483
0 0.4024822695035461 0.08189655172413793 0.39361702127659576 0.08448275862068966 0.3874113475177305 0.09137931034482759 0.3882978723404255 0.10258620689655172 0.3962765957446808 0.10948275862068965 0.4024822695035461 0.11120689655172414 0.4095744680851064 0.10948275862068965 0.41400709219858156 0.1 0.4122340425531915 0.08793103448275862 0.4051418439716312 0.08189655172413793
0 0.3262411347517731 0.06637931034482758 0.3182624113475177 0.07155172413793104 0.3147163120567376 0.08620689655172414 0.31560283687943264 0.09310344827586207 0.324468085106383 0.10258620689655172 0.3351063829787234 0.09913793103448276 0.3421985815602837 0.08448275862068966 0.34131205673758863 0.07413793103448275 0.3351063829787234 0.06724137931034482 0.33067375886524825 0.06637931034482758
0 0.4441489361702128 0.0853448275862069 0.4308510638297872 0.09051724137931035 0.42819148936170215 0.09568965517241379 0.4299645390070922 0.10517241379310345 0.43882978723404253 0.1146551724137931 0.44858156028368795 0.1146551724137931 0.45567375886524825 0.10517241379310345 0.45656028368794327 0.0939655172413793 0.449468085106383 0.0853448275862069
0 0.44769503546099293 0.11896551724137931 0.4317375886524823 0.12327586206896551 0.42730496453900707 0.13275862068965516 0.42907801418439717 0.14741379310344827 0.4352836879432624 0.15517241379310345 0.4441489361702128 0.15862068965517243 0.45390070921985815 0.1543103448275862 0.4574468085106383 0.14310344827586208 0.45656028368794327 0.1267241379310345 0.449468085106383 0.11896551724137931
0 0.4237588652482269 0.15862068965517243 0.41400709219858156 0.1629310344827586 0.4051418439716312 0.17327586206896553 0.40868794326241137 0.18620689655172415 0.42021276595744683 0.19482758620689655 0.43351063829787234 0.19224137931034482 0.4397163120567376 0.18275862068965518 0.4397163120567376 0.1706896551724138 0.4352836879432624 0.16120689655172413 0.4299645390070922 0.15862068965517243
0 0.5 0.08103448275862069 0.49379432624113473 0.08275862068965517 0.4867021276595745 0.09224137931034483 0.4875886524822695 0.1 0.49822695035460995 0.10948275862068965 0.5026595744680851 0.10948275862068965 0.5124113475177305 0.09655172413793103 0.5124113475177305 0.09051724137931035 0.50177304964539 0.08103448275862069
0 0.5602836879432624 0.10689655172413794 0.5576241134751773 0.10948275862068965 0.5593971631205674 0.11810344827586207 0.5700354609929078 0.1206896551724138 0.5726950354609929 0.11206896551724138 0.5673758865248227 0.10689655172413794
0 0.5372340425531915 0.11206896551724138 0.526595744680851 0.11896551724137931 0.5292553191489362 0.1267241379310345 0.5354609929078015 0.13017241379310346 0.5416666666666666 0.12155172413793103 0.5425531914893617 0.11637931034482758 0.5398936170212766 0.11206896551724138
0 0.5478723404255319 0.14051724137931035 0.5407801418439716 0.14741379310344827 0.5416666666666666 0.15344827586206897 0.5452127659574468 0.1560344827586207 0.549645390070922 0.1560344827586207 0.5549645390070922 0.15086206896551724 0.5558510638297872 0.14655172413793102 0.5523049645390071 0.14051724137931035
0 0.525709219858156 0.13189655172413794 0.5203900709219859 0.1413793103448276 0.5292553191489362 0.14655172413793102 0.5328014184397163 0.14396551724137932 0.5328014184397163 0.13706896551724138 0.5283687943262412 0.13448275862068965
0 0.5044326241134752 0.11551724137931034 0.500886524822695 0.11724137931034483 0.49822695035460995 0.12413793103448276 0.49822695035460995 0.13275862068965516 0.5044326241134752 0.14310344827586208 0.5115248226950354 0.1413793103448276 0.5195035460992907 0.13017241379310346 0.5186170212765957 0.12155172413793103 0.5088652482269503 0.11551724137931034
0 0.47606382978723405 0.11810344827586207 0.4654255319148936 0.12586206896551724 0.4645390070921986 0.14224137931034483 0.47074468085106386 0.15344827586206897 0.48226950354609927 0.15517241379310345 0.4867021276595745 0.15344827586206897 0.49379432624113473 0.14396551724137932 0.49379432624113473 0.1336206896551724 0.49113475177304966 0.1267241379310345 0.4787234042553192 0.11810344827586207
0 0.5150709219858156 0.15 0.5097517730496454 0.15344827586206897 0.5079787234042553 0.15862068965517243 0.5079787234042553 0.16379310344827586 0.5141843971631206 0.1706896551724138 0.5221631205673759 0.16810344827586207 0.524822695035461 0.1629310344827586 0.523936170212766 0.1543103448275862 0.5186170212765957 0.15
0 0.49113475177304966 0.16034482758620688 0.48404255319148937 0.16896551724137931 0.48138297872340424 0.17758620689655172 0.48847517730496454 0.18620689655172415 0.49556737588652483 0.1853448275862069 0.500886524822695 0.17586206896551723 0.500886524822695 0.16637931034482759 0.49556737588652483 0.16034482758620688
0 0.4592198581560284 0.15862068965517243 0.4512411347517731 0.16896551724137931 0.4512411347517731 0.17844827586206896 0.4601063829787234 0.1896551724137931 0.4671985815602837 0.1879310344827586 0.475177304964539 0.17586206896551723 0.4716312056737589 0.1646551724137931 0.46365248226950356 0.15862068965517243
0 0.5274822695035462 0.18275862068965518 0.5212765957446809 0.1870689655172414 0.5195035460992907 0.19655172413793104 0.5292553191489362 0.20344827586206896 0.5345744680851063 0.20086206896551725 0.5372340425531915 0.1939655172413793 0.5363475177304965 0.1853448275862069 0.5301418439716312 0.18275862068965518
0 0.5354609929078015 0.16551724137931034 0.5319148936170213 0.17413793103448275 0.5381205673758865 0.17758620689655172 0.5452127659574468 0.17586206896551723 0.5469858156028369 0.16810344827586207 0.5425531914893617 0.16551724137931034
0 0.5115248226950354 0.175 0.50177304964539 0.1810344827586207 0.50177304964539 0.1870689655172414 0.5124113475177305 0.18879310344827585 0.5159574468085106 0.18275862068965518 0.5150709219858156 0.17844827586206896
0 0.49822695035460995 0.1896551724137931 0.48936170212765956 0.19482758620689655 0.4849290780141844 0.20603448275862069 0.49113475177304966 0.21637931034482757 0.5026595744680851 0.21982758620689655 0.5097517730496454 0.21379310344827587 0.5141843971631206 0.19913793103448277 0.5097517730496454 0.19310344827586207 0.499113475177305 0.19051724137931034
0 0.5110815602836879 0.225 0.5062056737588653 0.225 0.500886524822695 0.23017241379310344 0.49645390070921985 0.24482758620689654 0.5035460992907801 0.2560344827586207 0.5150709219858156 0.25948275862068965 0.524822695035461 0.2560344827586207 0.5310283687943262 0.2439655172413793 0.5283687943262412 0.23275862068965517 0.5159574468085106 0.225
0 0.526595744680851 0.26982758620689656 0.5132978723404256 0.2775862068965517 0.5106382978723404 0.2896551724137931 0.5221631205673759 0.30775862068965515 0.5283687943262412 0.3103448275862069 0.5363475177304965 0.3086206896551724 0.5443262411347518 0.29310344827586204 0.5407801418439716 0.27586206896551724 0.5319148936170213 0.26982758620689656
0 0.47118794326241137 0.23275862068965517 0.4627659574468085 0.23448275862068965 0.4592198581560284 0.2439655172413793 0.46631205673758863 0.2672413793103448 0.4698581560283688 0.2706896551724138 0.4778368794326241 0.27155172413793105 0.4858156028368794 0.2689655172413793 0.48936170212765956 0.2646551724137931 0.49113475177304966 0.2525862068965517 0.48936170212765956 0.24482758620689654 0.47606382978723405 0.23275862068965517
0 0.42863475177304966 0.19913793103448277 0.4175531914893617 0.2 0.4104609929078014 0.20775862068965517 0.41312056737588654 0.2206896551724138 0.4157801418439716 0.22586206896551725 0.42109929078014185 0.22844827586206898 0.43351063829787234 0.22844827586206898 0.44060283687943264 0.22413793103448276 0.4432624113475177 0.20344827586206896 0.43882978723404253 0.2043103448275862 0.43351063829787234 0.19913793103448277
0 0.38386524822695034 0.20086206896551725 0.37677304964539005 0.20344827586206896 0.374113475177305 0.21724137931034482 0.37943262411347517 0.23793103448275862 0.3874113475177305 0.2413793103448276 0.40070921985815605 0.23620689655172414 0.40602836879432624 0.2267241379310345 0.40602836879432624 0.21551724137931033 0.3971631205673759 0.20517241379310344 0.38652482269503546 0.20086206896551725
0 0.40070921985815605 0.2508620689655172 0.39095744680851063 0.25862068965517243 0.3900709219858156 0.2706896551724138 0.39361702127659576 0.2793103448275862 0.4051418439716312 0.28448275862068967 0.41400709219858156 0.27844827586206894 0.4157801418439716 0.2681034482758621 0.41134751773049644 0.25517241379310346 0.4015957446808511 0.2517241379310345
0 0.35638297872340424 0.27241379310344827 0.35106382978723405 0.27586206896551724 0.350177304964539 0.28448275862068967 0.3608156028368794 0.30086206896551726 0.36613475177304966 0.30431034482758623 0.37056737588652483 0.3 0.374113475177305 0.2827586206896552 0.3696808510638298 0.275 0.3608156028368794 0.27241379310344827
0 0.3342198581560284 0.23879310344827587 0.3271276595744681 0.2439655172413793 0.32358156028368795 0.25948275862068965 0.3262411347517731 0.2646551724137931 0.3324468085106383 0.2681034482758621 0.3421985815602837 0.2681034482758621 0.3466312056737589 0.25775862068965516 0.3351063829787234 0.23879310344827587
0 0.46365248226950356 0.32241379310344825 0.4530141843971631 0.3258620689655172 0.44592198581560283 0.33448275862068966 0.44858156028368795 0.3482758620689655 0.4627659574468085 0.3620689655172414 0.47606382978723405 0.3568965517241379 0.4849290780141844 0.3439655172413793 0.4849290780141844 0.33275862068965517 0.48226950354609927 0.3275862068965517 0.4671985815602837 0.32241379310344825
0 0.5261524822695035 0.33620689655172414 0.5150709219858156 0.33793103448275863 0.5115248226950354 0.34655172413793106 0.5132978723404256 0.3560344827586207 0.5230496453900709 0.3646551724137931 0.5336879432624113 0.36379310344827587 0.5390070921985816 0.35517241379310344 0.5381205673758865 0.3422413793103448 0.5319148936170213 0.33620689655172414
0 0.5452127659574468 0.3629310344827586 0.5390070921985816 0.3689655172413793 0.5390070921985816 0.3810344827586207 0.5460992907801419 0.3913793103448276 0.5611702127659575 0.3896551724137931 0.5656028368794326 0.38362068965517243 0.5629432624113475 0.36982758620689654 0.5523049645390071 0.3629310344827586
0 0.5757978723404256 0.33879310344827585 0.5673758865248227 0.34051724137931033 0.5620567375886525 0.35086206896551725 0.5629432624113475 0.3603448275862069 0.5700354609929078 0.36724137931034484 0.5815602836879432 0.36724137931034484 0.5877659574468085 0.3612068965517241 0.5886524822695035 0.3482758620689655 0.5815602836879432 0.33879310344827585
0 0.5939716312056738 0.36551724137931035 0.5895390070921985 0.36982758620689654 0.5895390070921985 0.3870689655172414 0.5966312056737588 0.3939655172413793 0.6046099290780141 0.39482758620689656 0.6152482269503546 0.3887931034482759 0.6161347517730497 0.3767241379310345 0.6099290780141844 0.36982758620689654 0.600177304964539 0.36551724137931035
0 0.6187943262411347 0.3413793103448276 0.6099290780141844 0.3482758620689655 0.6099290780141844 0.35517241379310344 0.6179078014184397 0.36637931034482757 0.62322695035461 0.36724137931034484 0.6312056737588653 0.3620689655172414 0.6338652482269503 0.35172413793103446 0.6285460992907801 0.3431034482758621 0.6205673758865248 0.3413793103448276
0 0.5523049645390071 0.3146551724137931 0.5434397163120568 0.31724137931034485 0.5407801418439716 0.3267241379310345 0.5434397163120568 0.3353448275862069 0.549645390070922 0.33879310344827585 0.5567375886524822 0.33793103448275863 0.5629432624113475 0.33189655172413796 0.5611702127659575 0.31896551724137934 0.5531914893617021 0.3146551724137931
0 0.5771276595744681 0.2974137931034483 0.5691489361702128 0.30603448275862066 0.5691489361702128 0.31551724137931036 0.5806737588652482 0.3163793103448276 0.5859929078014184 0.3137931034482759 0.5868794326241135 0.30344827586206896 0.5824468085106383 0.2974137931034483
0 0.5460992907801419 0.24568965517241378 0.5398936170212766 0.2482758620689655 0.5310283687943262 0.26120689655172413 0.5319148936170213 0.2655172413793103 0.5452127659574468 0.2706896551724138 0.550531914893617 0.26982758620689656 0.5549645390070922 0.2620689655172414 0.550531914893617 0.24913793103448276 0.5469858156028369 0.24655172413793103
0 0.5664893617021277 0.2681034482758621 0.5576241134751773 0.275 0.5593971631205674 0.2827586206896552 0.5664893617021277 0.2896551724137931 0.5709219858156028 0.2896551724137931 0.5771276595744681 0.2793103448275862 0.574468085106383 0.26982758620689656 0.5709219858156028 0.2681034482758621
0 0.549645390070922 0.20948275862068966 0.5425531914893617 0.21293103448275863 0.5416666666666666 0.21810344827586206 0.5487588652482269 0.23620689655172414 0.5531914893617021 0.23793103448275862 0.5629432624113475 0.23448275862068965 0.5638297872340425 0.2189655172413793 0.5593971631205674 0.2120689655172414 0.550531914893617 0.20948275862068966
0 0.5638297872340425 0.16982758620689656 0.5549645390070922 0.17327586206896553 0.5549645390070922 0.1810344827586207 0.5620567375886525 0.1853448275862069 0.5735815602836879 0.1853448275862069 0.5762411347517731 0.18275862068965518 0.5762411347517731 0.17672413793103448 0.5735815602836879 0.17155172413793104 0.5682624113475178 0.16982758620689656
0 0.5797872340425532 0.19655172413793104 0.5735815602836879 0.20172413793103447 0.574468085106383 0.20862068965517241 0.5824468085106383 0.20948275862068966 0.5851063829787234 0.20689655172413793 0.5815602836879432 0.19655172413793104
0 0.5842198581560284 0.21982758620689655 0.5806737588652482 0.22413793103448276 0.5824468085106383 0.23189655172413792 0.5877659574468085 0.23189655172413792 0.5904255319148937 0.22844827586206898 0.5904255319148937 0.22327586206896552 0.5868794326241135 0.21982758620689655
0 0.46365248226950356 0.1956896551724138 0.45390070921985815 0.20603448275862069 0.4530141843971631 0.21379310344827587 0.46365248226950356 0.22413793103448276 0.4716312056737589 0.225 0.4769503546099291 0.2189655172413793 0.4778368794326241 0.2103448275862069 0.47606382978723405 0.20517241379310344 0.46631205673758863 0.1956896551724138
0 0.4352836879432624 0.23189655172413792 0.4299645390070922 0.23448275862068965 0.425531914893617 0.24482758620689654 0.425531914893617 0.25 0.4317375886524823 0.25689655172413794 0.43882978723404253 0.25517241379310346 0.44592198581560283 0.24655172413793103 0.44680851063829785 0.2413793103448276 0.43882978723404253 0.23189655172413792
0 0.44592198581560283 0.2620689655172414 0.43617021276595747 0.2663793103448276 0.4326241134751773 0.27155172413793105 0.4370567375886525 0.2818965517241379 0.4450354609929078 0.28620689655172415 0.45478723404255317 0.2810344827586207 0.45390070921985815 0.2689655172413793 0.44680851063829785 0.2629310344827586
0 0.4157801418439716 0.31896551724137934 0.40602836879432624 0.325 0.4033687943262411 0.3353448275862069 0.41134751773049644 0.34913793103448276 0.42641843971631205 0.35172413793103446 0.43351063829787234 0.3439655172413793 0.43439716312056736 0.3310344827586207 0.42819148936170215 0.32155172413793104 0.42021276595744683 0.31896551724137934
0 0.3723404255319149 0.31551724137931036 0.3679078014184397 0.32413793103448274 0.36879432624113473 0.3353448275862069 0.375886524822695 0.3396551724137931 0.3829787234042553 0.3396551724137931 0.3891843971631206 0.33448275862068966 0.3900709219858156 0.32413793103448274 0.37943262411347517 0.31551724137931036
0 0.33599290780141844 0.3086206896551724 0.3280141843971631 0.30948275862068964 0.32358156028368795 0.3137931034482759 0.324468085106383 0.3232758620689655 0.3324468085106383 0.33275862068965517 0.3395390070921986 0.3310344827586207 0.3448581560283688 0.32413793103448274 0.34574468085106386 0.31551724137931036 0.34131205673758863 0.3086206896551724
0 0.2916666666666667 0.2913793103448276 0.28634751773049644 0.296551724137931 0.2828014184397163 0.30603448275862066 0.28368794326241137 0.31810344827586207 0.2916666666666667 0.3232758620689655 0.30319148936170215 0.32068965517241377 0.30851063829787234 0.3163793103448276 0.3102836879432624 0.3103448275862069 0.3076241134751773 0.296551724137931 0.2969858156028369 0.2913793103448276
0 0.3067375886524823 0.22586206896551725 0.299645390070922 0.2293103448275862 0.29521276595744683 0.23793103448275862 0.29609929078014185 0.25 0.300531914893617 0.253448275862069 0.3129432624113475 0.2508620689655172 0.3182624113475177 0.24224137931034484 0.31648936170212766 0.23103448275862068 0.3076241134751773 0.22586206896551725
0 0.2925531914893617 0.1879310344827586 0.2854609929078014 0.1956896551724138 0.28191489361702127 0.20603448275862069 0.2854609929078014 0.21637931034482757 0.30141843971631205 0.21465517241379312 0.30939716312056736 0.20603448275862069 0.30851063829787234 0.19482758620689655 0.2978723404255319 0.1879310344827586
0 0.2721631205673759 0.22241379310344828 0.2624113475177305 0.23103448275862068 0.2624113475177305 0.24482758620689654 0.2730496453900709 0.24224137931034484 0.2765957446808511 0.23706896551724138 0.2765957446808511 0.2293103448275862 0.2730496453900709 0.22327586206896552
0 0.2721631205673759 0.25517241379310346 0.26684397163120566 0.25862068965517243 0.2650709219858156 0.2655172413793103 0.2712765957446808 0.27844827586206894 0.2828014184397163 0.28448275862068967 0.2872340425531915 0.2663793103448276 0.2845744680851064 0.2603448275862069 0.2774822695035461 0.25517241379310346
0 0.2579787234042553 0.2913793103448276 0.250886524822695 0.2991379310344828 0.25 0.3086206896551724 0.25354609929078015 0.31810344827586207 0.26152482269503546 0.32068965517241377 0.2695035460992908 0.3163793103448276 0.2730496453900709 0.30775862068965515 0.2695035460992908 0.2991379310344828 0.26152482269503546 0.2913793103448276
0 0.24113475177304963 0.24051724137931035 0.2296099290780142 0.24741379310344827 0.22606382978723405 0.253448275862069 0.22783687943262412 0.2646551724137931 0.2375886524822695 0.27155172413793105 0.24822695035460993 0.26982758620689656 0.25443262411347517 0.2620689655172414 0.25354609929078015 0.24482758620689654 0.24822695035460993 0.24051724137931035
0 0.24379432624113476 0.20517241379310344 0.23847517730496454 0.2120689655172414 0.23847517730496454 0.225 0.24379432624113476 0.23017241379310344 0.25177304964539005 0.22844827586206898 0.25443262411347517 0.22241379310344828 0.25443262411347517 0.20948275862068966 0.24911347517730498 0.20517241379310344
0 0.26152482269503546 0.1724137931034483 0.24911347517730498 0.1870689655172414 0.2526595744680851 0.19913793103448277 0.2579787234042553 0.20172413793103447 0.26595744680851063 0.19827586206896552 0.2730496453900709 0.1853448275862069 0.27393617021276595 0.17844827586206896 0.26861702127659576 0.1724137931034483
0 0.2402482269503546 0.15258620689655172 0.23138297872340424 0.16120689655172413 0.2322695035460993 0.17155172413793104 0.2402482269503546 0.17844827586206896 0.24822695035460993 0.17413793103448275 0.2526595744680851 0.16551724137931034 0.25177304964539005 0.15775862068965518 0.24379432624113476 0.15258620689655172
0 0.26684397163120566 0.15086206896551724 0.25975177304964536 0.15775862068965518 0.25886524822695034 0.16379310344827586 0.26152482269503546 0.16810344827586207 0.2730496453900709 0.16120689655172413 0.2730496453900709 0.1543103448275862 0.2695035460992908 0.15086206896551724
0 0.23049645390070922 0.12413793103448276 0.2225177304964539 0.13275862068965516 0.22163120567375885 0.13879310344827586 0.2225177304964539 0.14655172413793102 0.22695035460992907 0.14913793103448275 0.23315602836879432 0.1482758620689655 0.23670212765957446 0.1396551724137931 0.23670212765957446 0.1310344827586207 0.2349290780141844 0.12586206896551724 0.23138297872340424 0.12413793103448276
0 0.2225177304964539 0.09568965517241379 0.21631205673758866 0.10172413793103448 0.21631205673758866 0.1103448275862069 0.225177304964539 0.11810344827586207 0.2296099290780142 0.11551724137931034 0.23138297872340424 0.1060344827586207 0.23049645390070922 0.10172413793103448 0.22340425531914893 0.09568965517241379
0 0.20301418439716312 0.09655172413793103 0.19592198581560283 0.10775862068965517 0.19592198581560283 0.11379310344827587 0.19946808510638298 0.11724137931034483 0.20301418439716312 0.11724137931034483 0.2074468085106383 0.1103448275862069 0.20833333333333334 0.10172413793103448 0.20390070921985815 0.09741379310344828
0 0.21187943262411346 0.08189655172413793 0.20921985815602837 0.08362068965517241 0.20921985815602837 0.09137931034482759 0.2127659574468085 0.09482758620689655 0.21719858156028368 0.09137931034482759 0.21631205673758866 0.08189655172413793
0 0.2127659574468085 0.06551724137931035 0.20921985815602837 0.06896551724137931 0.21010638297872342 0.07758620689655173 0.21631205673758866 0.07413793103448275 0.21631205673758866 0.06551724137931035
0 0.22695035460992907 0.03793103448275862 0.2198581560283688 0.04310344827586207 0.21808510638297873 0.04827586206896552 0.21897163120567376 0.05603448275862069 0.22340425531914893 0.061206896551724135 0.23404255319148937 0.05775862068965517 0.23670212765957446 0.05344827586206897 0.23847517730496454 0.045689655172413794 0.2322695035460993 0.03793103448275862
0 0.2296099290780142 0.015517241379310345 0.22429078014184398 0.022413793103448276 0.225177304964539 0.028448275862068967 0.2296099290780142 0.03103448275862069 0.23404255319148937 0.03017241379310345 0.23581560283687944 0.026724137931034484 0.23581560283687944 0.01810344827586207 0.23315602836879432 0.015517241379310345
0 0.2198581560283688 0 0.21099290780141844 0 0.21365248226950354 0.010344827586206896 0.21719858156028368 0.013793103448275862 0.22429078014184398 0.01206896551724138 0.22429078014184398 0
0 0.29609929078014185 0.02413793103448276 0.28634751773049644 0.032758620689655175 0.2854609929078014 0.039655172413793106 0.2925531914893617 0.04482758620689655 0.299645390070922 0.04224137931034483 0.30230496453900707 0.03793103448275862 0.30230496453900707 0.028448275862068967 0.2969858156028369 0.02413793103448276
0 0.32092198581560283 0.005172413793103448 0.31560283687943264 0.011206896551724138 0.31560283687943264 0.02327586206896552 0.3200354609929078 0.029310344827586206 0.3271276595744681 0.03017241379310345 0.33156028368794327 0.02586206896551724 0.33067375886524825 0.011206896551724138 0.32269503546099293 0.006896551724137931
0 0.3554964539007092 0.1482758620689655 0.3519503546099291 0.15689655172413794 0.3546099290780142 0.16206896551724137 0.35904255319148937 0.16206896551724137 0.36347517730496454 0.15775862068965518 0.36347517730496454 0.15172413793103448 0.35904255319148937 0.1482758620689655
0 0.33067375886524825 0.19655172413793104 0.32358156028368795 0.20517241379310344 0.32092198581560283 0.21637931034482757 0.32269503546099293 0.225 0.3280141843971631 0.22844827586206898 0.3377659574468085 0.2267241379310345 0.3466312056737589 0.21293103448275863 0.3448581560283688 0.20086206896551725 0.3377659574468085 0.19655172413793104
0 0.3554964539007092 0.21551724137931033 0.3484042553191489 0.22844827586206898 0.3519503546099291 0.23620689655172414 0.35726950354609927 0.2353448275862069 0.36347517730496454 0.2267241379310345 0.35726950354609927 0.21551724137931033
0 0.4858156028368794 0.2767241379310345 0.4804964539007092 0.2801724137931034 0.4787234042553192 0.28879310344827586 0.4804964539007092 0.296551724137931 0.4858156028368794 0.2982758620689655 0.4920212765957447 0.2974137931034483 0.49556737588652483 0.29310344827586204 0.49556737588652483 0.2810344827586207 0.49113475177304966 0.2767241379310345
0 0.4592198581560284 0.29051724137931034 0.45390070921985815 0.2939655172413793 0.44769503546099293 0.30603448275862066 0.44858156028368795 0.3103448275862069 0.45567375886524825 0.3146551724137931 0.4627659574468085 0.3146551724137931 0.46631205673758863 0.30603448275862066 0.46631205673758863 0.296551724137931 0.4601063829787234 0.29051724137931034
0 0.598404255319149 0.2637931034482759 0.5913120567375887 0.2681034482758621 0.5904255319148937 0.2767241379310345 0.6028368794326241 0.27586206896551724 0.6037234042553191 0.2672413793103448 0.599290780141844 0.2637931034482759
0 0.5673758865248227 0.24741379310344827 0.5620567375886525 0.2508620689655172 0.5629432624113475 0.25775862068965516 0.5673758865248227 0.2603448275862069 0.5726950354609929 0.25948275862068965 0.575354609929078 0.25517241379310346 0.5709219858156028 0.24741379310344827
0 0.6054964539007093 0.28620689655172415 0.600177304964539 0.2896551724137931 0.601063829787234 0.2956896551724138 0.6099290780141844 0.2982758620689655 0.6117021276595744 0.2913793103448276 0.6063829787234043 0.28706896551724137
0 0.6187943262411347 0.30775862068965515 0.6125886524822695 0.3137931034482759 0.6143617021276596 0.32155172413793104 0.624113475177305 0.3163793103448276 0.624113475177305 0.3103448275862069 0.6205673758865248 0.30775862068965515
0 0.6294326241134752 0.32155172413793104 0.62677304964539 0.3293103448275862 0.6303191489361702 0.3353448275862069 0.6391843971631206 0.33189655172413796 0.6391843971631206 0.3258620689655172 0.6356382978723404 0.32155172413793104
0 0.6453900709219859 0.33706896551724136 0.6409574468085106 0.3413793103448276 0.6436170212765957 0.3482758620689655 0.6524822695035462 0.3456896551724138 0.6524822695035462 0.3396551724137931 0.648936170212766 0.33706896551724136
0 0.6480496453900709 0.36551724137931035 0.6409574468085106 0.3689655172413793 0.6391843971631206 0.38189655172413794 0.6445035460992907 0.3896551724137931 0.650709219858156 0.3913793103448276 0.6578014184397163 0.3905172413793103 0.6657801418439716 0.3810344827586207 0.6640070921985816 0.3689655172413793 0.651595744680851 0.36551724137931035
0 0.6294326241134752 0.3896551724137931 0.6196808510638298 0.39482758620689656 0.6170212765957447 0.39913793103448275 0.6187943262411347 0.41293103448275864 0.62677304964539 0.4189655172413793 0.6436170212765957 0.41379310344827586 0.6462765957446809 0.4077586206896552 0.6436170212765957 0.39655172413793105 0.6338652482269503 0.3896551724137931
0 0.5913120567375887 0.32241379310344825 0.5877659574468085 0.33017241379310347 0.5886524822695035 0.33448275862068966 0.5975177304964538 0.33879310344827585 0.6072695035460993 0.33448275862068966 0.6054964539007093 0.3258620689655172 0.598404255319149 0.32241379310344825
0 0.5221631205673759 0.3146551724137931 0.5177304964539007 0.32068965517241377 0.5186170212765957 0.3310344827586207 0.5319148936170213 0.33017241379310347 0.5336879432624113 0.3275862068965517 0.5328014184397163 0.31724137931034485 0.525709219858156 0.3146551724137931
0 0.4946808510638298 0.3612068965517241 0.4875886524822695 0.3689655172413793 0.4867021276595745 0.375 0.4973404255319149 0.38448275862068965 0.5079787234042553 0.38189655172413794 0.5115248226950354 0.3758620689655172 0.5088652482269503 0.36637931034482757 0.5026595744680851 0.3612068965517241
0 0.5221631205673759 0.38620689655172413 0.5177304964539007 0.3896551724137931 0.5150709219858156 0.39827586206896554 0.5212765957446809 0.41206896551724137 0.5292553191489362 0.41551724137931034 0.5372340425531915 0.4068965517241379 0.5390070921985816 0.4 0.526595744680851 0.38620689655172413
0 0.49556737588652483 0.40086206896551724 0.4867021276595745 0.4051724137931034 0.48315602836879434 0.41379310344827586 0.48404255319148937 0.425 0.48936170212765956 0.43189655172413793 0.5 0.43103448275862066 0.5106382978723404 0.4224137931034483 0.5088652482269503 0.40948275862068967 0.500886524822695 0.40086206896551724
0 0.5537828014184397 0.41551724137931034 0.5443262411347518 0.41551724137931034 0.5390070921985816 0.41810344827586204 0.5354609929078015 0.4241379310344828 0.5372340425531915 0.4413793103448276 0.5443262411347518 0.44741379310344825 0.5602836879432624 0.44741379310344825 0.5647163120567376 0.44396551724137934 0.5673758865248227 0.4241379310344828 0.5656028368794326 0.41982758620689653 0.5585106382978723 0.41551724137931034
0 0.5851063829787234 0.44310344827586207 0.5762411347517731 0.44482758620689655 0.5673758865248227 0.4508620689655172 0.5656028368794326 0.4663793103448276 0.5726950354609929 0.47844827586206895 0.5913120567375887 0.4827586206896552 0.6028368794326241 0.47672413793103446 0.6046099290780141 0.4672413793103448 0.600177304964539 0.4525862068965517 0.5939716312056738 0.44568965517241377 0.5859929078014184 0.44310344827586207
0 0.6090425531914894 0.4189655172413793 0.6046099290780141 0.421551724137931 0.6072695035460993 0.4267241379310345 0.5939716312056738 0.4353448275862069 0.5939716312056738 0.4387931034482759 0.6054964539007093 0.44913793103448274 0.6214539007092199 0.44482758620689655 0.624113475177305 0.44051724137931036 0.6214539007092199 0.425 0.6143617021276596 0.4189655172413793
0 0.574468085106383 0.3887931034482759 0.5647163120567376 0.39655172413793105 0.5656028368794326 0.41120689655172415 0.5726950354609929 0.41982758620689653 0.5842198581560284 0.421551724137931 0.5930851063829787 0.41724137931034483 0.5948581560283688 0.4060344827586207 0.5895390070921985 0.3939655172413793 0.5780141843971631 0.3887931034482759
0 0.6595744680851063 0.41120689655172415 0.649822695035461 0.41724137931034483 0.648936170212766 0.4267241379310345 0.6533687943262412 0.43275862068965515 0.6657801418439716 0.4362068965517241 0.6737588652482269 0.43103448275862066 0.675531914893617 0.4206896551724138 0.6640070921985816 0.41120689655172415
0 0.674645390070922 0.38620689655172413 0.6702127659574468 0.3896551724137931 0.6675531914893617 0.39827586206896554 0.674645390070922 0.4077586206896552 0.6826241134751773 0.40948275862068967 0.6897163120567376 0.4060344827586207 0.6923758865248227 0.39741379310344827 0.6870567375886525 0.3887931034482759 0.6817375886524822 0.38620689655172413
0 0.46808510638297873 0.38189655172413794 0.4627659574468085 0.3879310344827586 0.4645390070921986 0.4017241379310345 0.4671985815602837 0.4051724137931034 0.4734042553191489 0.4051724137931034 0.4778368794326241 0.4017241379310345 0.48138297872340424 0.3931034482758621 0.4769503546099291 0.38448275862068965 0.4716312056737589 0.38189655172413794
0 0.44592198581560283 0.4017241379310345 0.44060283687943264 0.40344827586206894 0.4379432624113475 0.4077586206896552 0.43882978723404253 0.421551724137931 0.4432624113475177 0.42758620689655175 0.4512411347517731 0.42844827586206896 0.4574468085106383 0.4241379310344828 0.4601063829787234 0.41206896551724137 0.45567375886524825 0.4043103448275862 0.44858156028368795 0.4017241379310345
0 0.40691489361702127 0.3896551724137931 0.39361702127659576 0.3956896551724138 0.3900709219858156 0.4060344827586207 0.39361702127659576 0.41810344827586204 0.40691489361702127 0.425 0.4175531914893617 0.4206896551724138 0.4228723404255319 0.4068965517241379 0.4219858156028369 0.39741379310344827 0.41312056737588654 0.3896551724137931
0 0.3891843971631206 0.35 0.38386524822695034 0.35517241379310344 0.38386524822695034 0.36724137931034484 0.3874113475177305 0.3732758620689655 0.3962765957446808 0.3758620689655172 0.4015957446808511 0.36810344827586206 0.4015957446808511 0.3603448275862069 0.39184397163120566 0.35
0 0.3537234042553192 0.3422413793103448 0.3519503546099291 0.3456896551724138 0.34131205673758863 0.3474137931034483 0.3395390070921986 0.35 0.3404255319148936 0.36379310344827587 0.34574468085106386 0.3724137931034483 0.35726950354609927 0.371551724137931 0.36436170212765956 0.36551724137931035 0.3670212765957447 0.35086206896551725 0.3599290780141844 0.3422413793103448
0 0.3617021276595745 0.38275862068965516 0.3519503546099291 0.3887931034482759 0.35106382978723405 0.4 0.35904255319148937 0.41206896551724137 0.36879432624113473 0.41379310344827586 0.37322695035460995 0.4086206896551724 0.374113475177305 0.3913793103448276 0.36524822695035464 0.38275862068965516
0 0.3067375886524823 0.33620689655172414 0.299645390070922 0.33793103448275863 0.299645390070922 0.35172413793103446 0.30319148936170215 0.3603448275862069 0.31382978723404253 0.3629310344827586 0.3182624113475177 0.3594827586206897 0.3182624113475177 0.35172413793103446 0.31117021276595747 0.33620689655172414
0 0.25 0.3448275862068966 0.24379432624113476 0.34913793103448276 0.24202127659574468 0.3577586206896552 0.24379432624113476 0.3706896551724138 0.24645390070921985 0.3732758620689655 0.25354609929078015 0.371551724137931 0.26063829787234044 0.3603448275862069 0.25975177304964536 0.35172413793103446 0.2526595744680851 0.3448275862068966
0 0.29432624113475175 0.3706896551724138 0.2854609929078014 0.3793103448275862 0.28634751773049644 0.38620689655172413 0.29343971631205673 0.3905172413793103 0.300531914893617 0.3887931034482759 0.3049645390070922 0.38448275862068965 0.30407801418439717 0.3758620689655172 0.2978723404255319 0.3706896551724138
0 0.2198581560283688 0.33275862068965517 0.2127659574468085 0.33879310344827585 0.21187943262411346 0.34655172413793106 0.22074468085106383 0.35517241379310344 0.22872340425531915 0.3560344827586207 0.23404255319148937 0.35172413793103446 0.23581560283687944 0.3422413793103448 0.22074468085106383 0.33275862068965517
0 0.22163120567375885 0.21293103448275863 0.2154255319148936 0.21724137931034482 0.2127659574468085 0.22586206896551725 0.21365248226950354 0.23189655172413792 0.21897163120567376 0.23793103448275862 0.22606382978723405 0.23706896551724138 0.2322695035460993 0.2293103448275862 0.2322695035460993 0.2189655172413793 0.22695035460992907 0.21293103448275863
0 0.2074468085106383 0.20344827586206896 0.19946808510638298 0.21120689655172414 0.20212765957446807 0.2189655172413793 0.2074468085106383 0.2189655172413793 0.2127659574468085 0.21379310344827587 0.21453900709219859 0.20862068965517241 0.21099290780141844 0.20344827586206896
0 0.19680851063829788 0.18275862068965518 0.19148936170212766 0.19137931034482758 0.19148936170212766 0.19913793103448277 0.1950354609929078 0.2025862068965517 0.20212765957446807 0.20086206896551725 0.2074468085106383 0.1939655172413793 0.20833333333333334 0.1853448275862069 0.20301418439716312 0.18275862068965518
0 0.19858156028368795 0.225 0.19858156028368795 0.23620689655172414 0.20656028368794327 0.23793103448275862 0.2074468085106383 0.22758620689655173 0.20301418439716312 0.225
0 0.2127659574468085 0.24224137931034484 0.20921985815602837 0.24310344827586206 0.20656028368794327 0.2508620689655172 0.20921985815602837 0.25775862068965516 0.21365248226950354 0.25775862068965516 0.21897163120567376 0.253448275862069 0.2198581560283688 0.24655172413793103 0.21631205673758866 0.24224137931034484
0 0.21631205673758866 0.2620689655172414 0.2127659574468085 0.27241379310344827 0.2154255319148936 0.2767241379310345 0.22074468085106383 0.2767241379310345 0.22340425531914893 0.2681034482758621 0.21719858156028368 0.2620689655172414
0 0.2296099290780142 0.27844827586206894 0.22429078014184398 0.2836206896551724 0.22429078014184398 0.2913793103448276 0.23049645390070922 0.3 0.23404255319148937 0.3 0.2402482269503546 0.2913793103448276 0.2402482269503546 0.2827586206896552 0.2349290780141844 0.27844827586206894
0 0.19946808510638298 0.25948275862068965 0.19592198581560283 0.2655172413793103 0.19592198581560283 0.27241379310344827 0.19946808510638298 0.275 0.20390070921985815 0.27413793103448275 0.20567375886524822 0.2706896551724138 0.20301418439716312 0.25948275862068965
0 0.19858156028368795 0.24224137931034484 0.19414893617021275 0.2439655172413793 0.19237588652482268 0.24913793103448276 0.19237588652482268 0.25517241379310346 0.1950354609929078 0.25689655172413794 0.20212765957446807 0.24913793103448276 0.19946808510638298 0.24310344827586206
0 0.20212765957446807 0.2827586206896552 0.19858156028368795 0.28879310344827586 0.20212765957446807 0.2956896551724138 0.21099290780141844 0.2913793103448276 0.21187943262411346 0.28620689655172415 0.20656028368794327 0.2827586206896552
0 0.21631205673758866 0.2982758620689655 0.20921985815602837 0.30258620689655175 0.20833333333333334 0.30775862068965515 0.21099290780141844 0.3112068965517241 0.21897163120567376 0.30775862068965515 0.2198581560283688 0.3 0.21719858156028368 0.2982758620689655
0 0.20656028368794327 0.31810344827586207 0.20301418439716312 0.31982758620689655 0.20301418439716312 0.325 0.20656028368794327 0.3293103448275862 0.21453900709219859 0.3267241379310345 0.2154255319148936 0.32068965517241377 0.2127659574468085 0.31810344827586207
0 0.24468085106382978 0.3267241379310345 0.24113475177304963 0.33017241379310347 0.2429078014184397 0.33706896551724136 0.25443262411347517 0.33879310344827585 0.2553191489361702 0.3310344827586207 0.24911347517730498 0.3267241379310345
0 0.3608156028368794 0.19137931034482758 0.3537234042553192 0.19482758620689655 0.3528368794326241 0.20603448275862069 0.3617021276595745 0.21120689655172414 0.36613475177304966 0.20948275862068966 0.36879432624113473 0.20172413793103447 0.36879432624113473 0.19655172413793104 0.36436170212765956 0.19137931034482758
0 0.46631205673758863 0.04655172413793104 0.4627659574468085 0.05 0.4654255319148936 0.06465517241379311 0.4671985815602837 0.06810344827586207 0.4716312056737589 0.06896551724137931 0.4769503546099291 0.06724137931034482 0.4804964539007092 0.059482758620689656 0.4734042553191489 0.04741379310344827 0.4671985815602837 0.04741379310344827
0 0.4698581560283688 0.0853448275862069 0.4645390070921986 0.09051724137931035 0.46365248226950356 0.10172413793103448 0.47074468085106386 0.1103448275862069 0.4769503546099291 0.11206896551724138 0.4778368794326241 0.09224137931034483 0.47074468085106386 0.0853448275862069
0 0.40691489361702127 0.1267241379310345 0.40070921985815605 0.13189655172413794 0.3971631205673759 0.1413793103448276 0.40070921985815605 0.15172413793103448 0.4095744680851064 0.15086206896551724 0.4148936170212766 0.14310344827586208 0.4148936170212766 0.13275862068965516 0.40868794326241137 0.1267241379310345
0 0.3280141843971631 0.10948275862068965 0.32269503546099293 0.12931034482758622 0.324468085106383 0.14051724137931035 0.3280141843971631 0.1396551724137931 0.32978723404255317 0.15086206896551724 0.33687943262411346 0.1543103448275862 0.34397163120567376 0.15344827586206897 0.3484042553191489 0.15086206896551724 0.34929078014184395 0.14482758620689656 0.3484042553191489 0.11637931034482758 0.3351063829787234 0.10948275862068965 0.32890070921985815 0.1103448275862069
0 0.37677304964539005 0.1560344827586207 0.36613475177304966 0.16810344827586207 0.3679078014184397 0.17758620689655172 0.36524822695035464 0.18189655172413793 0.3696808510638298 0.19224137931034482 0.375886524822695 0.1939655172413793 0.3874113475177305 0.19137931034482758 0.3953900709219858 0.18017241379310345 0.39361702127659576 0.16120689655172413 0.3820921985815603 0.1560344827586207
0 0.536052304964539 0 0.526595744680851 0 0.5283687943262412 0.01206896551724138 0.5328014184397163 0.013793103448275862 0.5372340425531915 0.011206896551724138 0.5407801418439716 0
0 0.4804964539007092 0.0706896551724138 0.475177304964539 0.07327586206896551 0.47429078014184395 0.07844827586206897 0.4778368794326241 0.0853448275862069 0.48404255319148937 0.08620689655172414 0.4867021276595745 0.08103448275862069 0.4858156028368794 0.07413793103448275 0.48138297872340424 0.07155172413793104
0 0.4804964539007092 0.4689655172413793 0.4725177304964539 0.4732758620689655 0.4698581560283688 0.4879310344827586 0.47606382978723405 0.5 0.48226950354609927 0.5051724137931034 0.4875886524822695 0.5051724137931034 0.49645390070921985 0.4982758620689655 0.5026595744680851 0.4853448275862069 0.4920212765957447 0.4724137931034483 0.48404255319148937 0.4689655172413793
0 0.4317375886524823 0.43275862068965515 0.42021276595744683 0.4387931034482759 0.4148936170212766 0.4543103448275862 0.4166666666666667 0.46206896551724136 0.4219858156028369 0.4689655172413793 0.43617021276595747 0.4724137931034483 0.44592198581560283 0.4689655172413793 0.4512411347517731 0.46379310344827585 0.4530141843971631 0.45 0.44680851063829785 0.4396551724137931 0.4326241134751773 0.4336206896551724
0 0.3820921985815603 0.43189655172413793 0.375886524822695 0.4387931034482759 0.374113475177305 0.45517241379310347 0.3829787234042553 0.4689655172413793 0.39095744680851063 0.4706896551724138 0.39893617021276595 0.46206896551724136 0.40070921985815605 0.44224137931034485 0.3874113475177305 0.43189655172413793
0 0.375886524822695 0.4793103448275862 0.3670212765957447 0.4879310344827586 0.3670212765957447 0.4974137931034483 0.375886524822695 0.5086206896551724 0.3900709219858156 0.506896551724138 0.3953900709219858 0.5 0.3953900709219858 0.49137931034482757 0.39184397163120566 0.4844827586206897 0.38386524822695034 0.4793103448275862
0 0.3475177304964539 0.4543103448275862 0.3421985815602837 0.4543103448275862 0.3377659574468085 0.45775862068965517 0.33687943262411346 0.4663793103448276 0.3448581560283688 0.48017241379310344 0.3554964539007092 0.4818965517241379 0.3599290780141844 0.47758620689655173 0.3617021276595745 0.46206896551724136 0.35904255319148937 0.45689655172413796 0.3528368794326241 0.4543103448275862
0 0.31648936170212766 0.4267241379310345 0.3102836879432624 0.42931034482758623 0.3076241134751773 0.44310344827586207 0.3120567375886525 0.4508620689655172 0.32092198581560283 0.4543103448275862 0.325354609929078 0.45 0.32890070921985815 0.4353448275862069 0.325354609929078 0.42931034482758623 0.3182624113475177 0.4267241379310345
0 0.3120567375886525 0.46551724137931033 0.3058510638297872 0.4706896551724138 0.3067375886524823 0.4793103448275862 0.31117021276595747 0.4827586206896552 0.3173758865248227 0.4818965517241379 0.324468085106383 0.47413793103448276 0.32269503546099293 0.4681034482758621 0.3173758865248227 0.46551724137931033
0 0.3280141843971631 0.4862068965517241 0.32269503546099293 0.4939655172413793 0.32269503546099293 0.5008620689655172 0.3280141843971631 0.506896551724138 0.3342198581560284 0.5086206896551724 0.3404255319148936 0.503448275862069 0.34131205673758863 0.4974137931034483 0.33865248226950356 0.49137931034482757 0.33156028368794327 0.4862068965517241
0 0.35726950354609927 0.5086206896551724 0.3475177304964539 0.5129310344827587 0.34397163120567376 0.5275862068965518 0.3484042553191489 0.5336206896551724 0.3608156028368794 0.5362068965517242 0.36879432624113473 0.5327586206896552 0.37056737588652483 0.5181034482758621 0.36524822695035464 0.5112068965517241 0.35904255319148937 0.5086206896551724
0 0.38652482269503546 0.5146551724137931 0.37854609929078015 0.521551724137931 0.3776595744680851 0.5327586206896552 0.3820921985815603 0.5379310344827586 0.3900709219858156 0.5405172413793103 0.3971631205673759 0.5387931034482759 0.4015957446808511 0.5327586206896552 0.4015957446808511 0.5224137931034483 0.39361702127659576 0.5146551724137931
0 0.42819148936170215 0.5181034482758621 0.41400709219858156 0.5258620689655172 0.41312056737588654 0.5362068965517242 0.42109929078014185 0.5482758620689655 0.4317375886524823 0.5525862068965517 0.4397163120567376 0.55 0.44769503546099293 0.5387931034482759 0.4441489361702128 0.5241379310344828 0.43351063829787234 0.5181034482758621
0 0.4499113475177305 0.4827586206896552 0.4379432624113475 0.4853448275862069 0.4317375886524823 0.49137931034482757 0.43351063829787234 0.5043103448275862 0.4450354609929078 0.5103448275862069 0.45478723404255317 0.506896551724138 0.46187943262411346 0.4982758620689655 0.46099290780141844 0.4896551724137931 0.45478723404255317 0.4827586206896552
0 0.4725177304964539 0.5094827586206897 0.4654255319148936 0.5103448275862069 0.46187943262411346 0.5189655172413793 0.4734042553191489 0.5370689655172414 0.48404255319148937 0.5258620689655172 0.48404255319148937 0.5181034482758621 0.4769503546099291 0.5094827586206897
0 0.5141843971631206 0.5 0.5044326241134752 0.5077586206896552 0.5026595744680851 0.5189655172413793 0.5053191489361702 0.528448275862069 0.5159574468085106 0.5344827586206896 0.523936170212766 0.5327586206896552 0.5310283687943262 0.5189655172413793 0.5301418439716312 0.5103448275862069 0.5186170212765957 0.5
0 0.5452127659574468 0.4706896551724138 0.5363475177304965 0.47586206896551725 0.5319148936170213 0.4836206896551724 0.5328014184397163 0.4982758620689655 0.5398936170212766 0.5043103448275862 0.5469858156028369 0.503448275862069 0.5611702127659575 0.49137931034482757 0.5611702127659575 0.4836206896551724 0.5576241134751773 0.47672413793103446 0.5478723404255319 0.4706896551724138
0 0.5026595744680851 0.44310344827586207 0.5 0.44568965517241377 0.5 0.4586206896551724 0.5035460992907801 0.4681034482758621 0.5106382978723404 0.47586206896551725 0.5212765957446809 0.47586206896551725 0.526595744680851 0.4672413793103448 0.5230496453900709 0.44913793103448274 0.5186170212765957 0.44482758620689655 0.5070921985815603 0.44310344827586207
0 0.4725177304964539 0.42844827586206896 0.46631205673758863 0.42931034482758623 0.46099290780141844 0.4336206896551724 0.4592198581560284 0.4508620689655172 0.4627659574468085 0.4603448275862069 0.475177304964539 0.46379310344827585 0.4849290780141844 0.45948275862068966 0.48847517730496454 0.44051724137931036 0.48315602836879434 0.43275862068965515 0.4734042553191489 0.42844827586206896
0 0.5842198581560284 0.49224137931034484 0.5762411347517731 0.4974137931034483 0.574468085106383 0.5086206896551724 0.5762411347517731 0.5137931034482759 0.5886524822695035 0.5224137931034483 0.5939716312056738 0.5206896551724138 0.601063829787234 0.5129310344827587 0.6019503546099291 0.5017241379310344 0.5948581560283688 0.4939655172413793 0.5851063829787234 0.49224137931034484
0 0.6174645390070922 0.47586206896551725 0.6125886524822695 0.47586206896551725 0.6081560283687943 0.4810344827586207 0.6072695035460993 0.4939655172413793 0.6099290780141844 0.5008620689655172 0.624113475177305 0.5077586206896552 0.6320921985815603 0.5086206896551724 0.6418439716312057 0.503448275862069 0.6427304964539007 0.4896551724137931 0.6365248226950354 0.4818965517241379 0.6223404255319149 0.47586206896551725
0 0.6418439716312057 0.4379310344827586 0.6285460992907801 0.44396551724137934 0.6276595744680851 0.4603448275862069 0.6320921985815603 0.4698275862068966 0.6374113475177305 0.47413793103448276 0.6542553191489362 0.47672413793103446 0.6640070921985816 0.4663793103448276 0.6648936170212766 0.4543103448275862 0.6622340425531915 0.4482758620689655 0.648936170212766 0.4379310344827586
0 0.6897163120567376 0.45948275862068966 0.6808510638297872 0.46120689655172414 0.674645390070922 0.4663793103448276 0.6728723404255319 0.4793103448275862 0.6799645390070922 0.49310344827586206 0.6861702127659575 0.496551724137931 0.6968085106382979 0.4974137931034483 0.7101063829787234 0.4896551724137931 0.7127659574468085 0.47758620689655173 0.7083333333333334 0.4681034482758621 0.6941489361702128 0.45948275862068966
0 0.6675531914893617 0.4974137931034483 0.6578014184397163 0.4991379310344828 0.651595744680851 0.5043103448275862 0.648936170212766 0.5103448275862069 0.648936170212766 0.5241379310344828 0.650709219858156 0.5293103448275862 0.6578014184397163 0.5353448275862069 0.6764184397163121 0.5387931034482759 0.6843971631205674 0.5362068965517242 0.6906028368794326 0.5301724137931034 0.6923758865248227 0.5146551724137931 0.6843971631205674 0.5025862068965518 0.6719858156028369 0.4974137931034483
0 0.6117021276595744 0.5137931034482759 0.6054964539007093 0.5172413793103449 0.6028368794326241 0.525 0.6046099290780141 0.5327586206896552 0.6117021276595744 0.5379310344827586 0.624113475177305 0.5344827586206896 0.6285460992907801 0.5293103448275862 0.625 0.5172413793103449 0.6187943262411347 0.5137931034482759
0 0.5549645390070922 0.5146551724137931 0.5478723404255319 0.5163793103448275 0.5452127659574468 0.5232758620689655 0.549645390070922 0.5336206896551724 0.5602836879432624 0.5396551724137931 0.5656028368794326 0.5370689655172414 0.5673758865248227 0.5258620689655172 0.5647163120567376 0.5181034482758621 0.5585106382978723 0.5146551724137931
0 0.5062056737588653 0.5594827586206896 0.49556737588652483 0.5672413793103448 0.4920212765957447 0.5853448275862069 0.50177304964539 0.6025862068965517 0.5177304964539007 0.6060344827586207 0.5292553191489362 0.5956896551724138 0.5336879432624113 0.5775862068965517 0.525709219858156 0.5646551724137931 0.5141843971631206 0.5594827586206896
0 0.4645390070921986 0.5465517241379311 0.4521276595744681 0.55 0.44858156028368795 0.5551724137931034 0.44858156028368795 0.5646551724137931 0.45478723404255317 0.571551724137931 0.4671985815602837 0.575 0.47606382978723405 0.5706896551724138 0.4804964539007092 0.5603448275862069 0.4769503546099291 0.55 0.46897163120567376 0.5465517241379311
0 0.4219858156028369 0.5594827586206896 0.41312056737588654 0.5689655172413793 0.41400709219858156 0.5793103448275863 0.42109929078014185 0.5862068965517241 0.4317375886524823 0.5853448275862069 0.4397163120567376 0.5741379310344827 0.43882978723404253 0.5655172413793104 0.42907801418439717 0.5594827586206896
0 0.4095744680851064 0.5939655172413794 0.3980496453900709 0.603448275862069 0.399822695035461 0.6172413793103448 0.40691489361702127 0.6241379310344828 0.41843971631205673 0.6224137931034482 0.4237588652482269 0.6137931034482759 0.4237588652482269 0.6025862068965517 0.4148936170212766 0.5939655172413794
0 0.39361702127659576 0.5681034482758621 0.3874113475177305 0.5706896551724138 0.38386524822695034 0.5767241379310345 0.38475177304964536 0.5862068965517241 0.39095744680851063 0.5905172413793104 0.3980496453900709 0.5896551724137931 0.4024822695035461 0.5827586206896552 0.4015957446808511 0.5732758620689655 0.3945035460992908 0.5689655172413793
0 0.36613475177304966 0.5405172413793103 0.35904255319148937 0.5482758620689655 0.35638297872340424 0.5603448275862069 0.36436170212765956 0.5706896551724138 0.374113475177305 0.571551724137931 0.3803191489361702 0.5672413793103448 0.38120567375886527 0.5586206896551724 0.3776595744680851 0.5465517241379311 0.3696808510638298 0.5405172413793103
0 0.33865248226950356 0.5379310344827586 0.33067375886524825 0.5439655172413793 0.33067375886524825 0.55 0.3377659574468085 0.5568965517241379 0.34308510638297873 0.5568965517241379 0.3484042553191489 0.5525862068965517 0.3484042553191489 0.5439655172413793 0.3421985815602837 0.5379310344827586
0 0.32269503546099293 0.5198275862068965 0.3191489361702128 0.5224137931034483 0.3173758865248227 0.5293103448275862 0.3191489361702128 0.5344827586206896 0.32358156028368795 0.5370689655172414 0.33067375886524825 0.5353448275862069 0.3377659574468085 0.528448275862069 0.33599290780141844 0.5224137931034483 0.33067375886524825 0.5198275862068965
0 0.30141843971631205 0.5241379310344828 0.2978723404255319 0.5258620689655172 0.29521276595744683 0.5362068965517242 0.2978723404255319 0.5405172413793103 0.3049645390070922 0.5422413793103448 0.31117021276595747 0.5387931034482759 0.3129432624113475 0.5327586206896552 0.31117021276595747 0.528448275862069 0.30407801418439717 0.5241379310344828
0 0.28191489361702127 0.4698275862068966 0.2765957446808511 0.47413793103448276 0.2774822695035461 0.48879310344827587 0.2845744680851064 0.49482758620689654 0.2916666666666667 0.49482758620689654 0.2969858156028369 0.4896551724137931 0.2978723404255319 0.4810344827586207 0.2969858156028369 0.47672413793103446 0.2872340425531915 0.4698275862068966
0 0.2925531914893617 0.5025862068965518 0.28812056737588654 0.5051724137931034 0.2872340425531915 0.5120689655172413 0.29343971631205673 0.5163793103448275 0.299645390070922 0.5129310344827587 0.2987588652482269 0.5051724137931034 0.29343971631205673 0.5025862068965518
0 0.28191489361702127 0.41810344827586204 0.2783687943262411 0.4232758620689655 0.27925531914893614 0.4387931034482759 0.28191489361702127 0.44051724137931036 0.2907801418439716 0.4370689655172414 0.29432624113475175 0.43189655172413793 0.2907801418439716 0.4224137931034483 0.2854609929078014 0.41810344827586204
0 0.2712765957446808 0.44741379310344825 0.26684397163120566 0.4517241379310345 0.2703900709219858 0.46206896551724136 0.2774822695035461 0.4603448275862069 0.27925531914893614 0.45689655172413796 0.2774822695035461 0.44913793103448274 0.27393617021276595 0.44741379310344825
0 0.250886524822695 0.42844827586206896 0.24822695035460993 0.43103448275862066 0.25 0.4387931034482759 0.2570921985815603 0.44482758620689655 0.2624113475177305 0.4353448275862069 0.2553191489361702 0.42844827586206896
0 0.274822695035461 0.3913793103448276 0.26861702127659576 0.39482758620689656 0.26684397163120566 0.4 0.2721631205673759 0.40948275862068967 0.2783687943262411 0.40948275862068967 0.28368794326241137 0.4060344827586207 0.28368794326241137 0.3956896551724138 0.27925531914893614 0.3913793103448276
0 0.2473404255319149 0.38362068965517243 0.24113475177304963 0.38620689655172413 0.2402482269503546 0.39741379310344827 0.2429078014184397 0.4017241379310345 0.24822695035460993 0.40344827586206894 0.25443262411347517 0.4025862068965517 0.25886524822695034 0.3956896551724138 0.25620567375886527 0.38620689655172413 0.25177304964539005 0.38362068965517243
0 0.22340425531914893 0.3646551724137931 0.21719858156028368 0.3689655172413793 0.21719858156028368 0.378448275862069 0.2198581560283688 0.3896551724137931 0.22695035460992907 0.3922413793103448 0.23404255319148937 0.38362068965517243 0.23404255319148937 0.3758620689655172 0.23138297872340424 0.3689655172413793 0.22429078014184398 0.36551724137931035
0 0.22872340425531915 0.39913793103448275 0.22429078014184398 0.40344827586206894 0.22783687943262412 0.4086206896551724 0.23138297872340424 0.4086206896551724 0.2349290780141844 0.4043103448275862 0.23138297872340424 0.39913793103448275
0 0.19946808510638298 0.35258620689655173 0.19680851063829788 0.3594827586206897 0.20301418439716312 0.36982758620689654 0.20833333333333334 0.36637931034482757 0.20921985815602837 0.3612068965517241 0.20656028368794327 0.35517241379310344 0.20212765957446807 0.35258620689655173
0 0.19946808510638298 0.41379310344827586 0.19414893617021275 0.4189655172413793 0.1950354609929078 0.42586206896551726 0.19946808510638298 0.42931034482758623 0.20656028368794327 0.42586206896551726 0.2074468085106383 0.41810344827586204 0.20390070921985815 0.41379310344827586
0 0.3271276595744681 0.36982758620689654 0.32180851063829785 0.3732758620689655 0.3182624113475177 0.38275862068965516 0.325354609929078 0.3956896551724138 0.32890070921985815 0.3956896551724138 0.33599290780141844 0.38620689655172413 0.33599290780141844 0.3767241379310345 0.3280141843971631 0.36982758620689654
0 0.30230496453900707 0.39741379310344827 0.29521276595744683 0.4017241379310345 0.29432624113475175 0.4086206896551724 0.2969858156028369 0.4146551724137931 0.30319148936170215 0.41810344827586204 0.3102836879432624 0.41551724137931034 0.3129432624113475 0.4086206896551724 0.31117021276595747 0.39827586206896554 0.3058510638297872 0.39741379310344827
0 0.32890070921985815 0.4043103448275862 0.324468085106383 0.41379310344827586 0.3280141843971631 0.421551724137931 0.3342198581560284 0.421551724137931 0.3395390070921986 0.41551724137931034 0.3395390070921986 0.4086206896551724 0.3351063829787234 0.4043103448275862
0 0.350177304964539 0.4224137931034483 0.3466312056737589 0.4241379310344828 0.34308510638297873 0.43189655172413793 0.34308510638297873 0.4396551724137931 0.35106382978723405 0.44482758620689655 0.35638297872340424 0.44482758620689655 0.3625886524822695 0.4396551724137931 0.36347517730496454 0.42844827586206896 0.3554964539007092 0.4224137931034483
0 0.1422872340425532 0.11293103448275862 0.13297872340425532 0.11551724137931034 0.13031914893617022 0.12155172413793103 0.1320921985815603 0.13017241379310346 0.13829787234042554 0.13448275862068965 0.1453900709219858 0.13448275862068965 0.15159574468085107 0.12844827586206897 0.1524822695035461 0.11810344827586207 0.14716312056737588 0.11293103448275862
0 0.14627659574468085 0.021551724137931036 0.14095744680851063 0.02327586206896552 0.1356382978723404 0.03189655172413793 0.13652482269503546 0.03620689655172414 0.14361702127659576 0.04224137931034483 0.14804964539007093 0.04224137931034483 0.15691489361702127 0.03620689655172414 0.15602836879432624 0.02413793103448276 0.15159574468085107 0.021551724137931036
0 0.17553191489361702 0.4336206896551724 0.16666666666666666 0.4353448275862069 0.16489361702127658 0.44655172413793104 0.17287234042553193 0.45948275862068966 0.18351063829787234 0.4603448275862069 0.19237588652482268 0.4525862068965517 0.19414893617021275 0.44224137931034485 0.18971631205673758 0.4353448275862069 0.18173758865248227 0.4336206896551724
0 0.18262411347517732 0.4698275862068966 0.1799645390070922 0.4724137931034483 0.18085106382978725 0.48017241379310344 0.18528368794326242 0.4870689655172414 0.19148936170212766 0.4879310344827586 0.19946808510638298 0.4827586206896552 0.20035460992907803 0.47586206896551725 0.18971631205673758 0.4698275862068966
0 0.2047872340425532 0.49051724137931035 0.19680851063829788 0.496551724137931 0.19680851063829788 0.5025862068965518 0.20124113475177305 0.5120689655172413 0.21099290780141844 0.5172413793103449 0.21631205673758866 0.5120689655172413 0.21897163120567376 0.5008620689655172 0.21453900709219859 0.4939655172413793 0.20833333333333334 0.49051724137931035
0 0.2198581560283688 0.5198275862068965 0.21365248226950354 0.5258620689655172 0.2154255319148936 0.5344827586206896 0.2198581560283688 0.5370689655172414 0.23049645390070922 0.5327586206896552 0.23049645390070922 0.5258620689655172 0.225177304964539 0.5198275862068965
0 0.2712765957446808 0.5008620689655172 0.26773049645390073 0.503448275862069 0.26773049645390073 0.5103448275862069 0.2703900709219858 0.5129310344827587 0.27925531914893614 0.5103448275862069 0.2801418439716312 0.5051724137931034 0.2765957446808511 0.5008620689655172
0 0.27925531914893614 0.5181034482758621 0.2765957446808511 0.525 0.28102836879432624 0.528448275862069 0.2854609929078014 0.5267241379310345 0.28368794326241137 0.5181034482758621
0 0.25975177304964536 0.5181034482758621 0.25620567375886527 0.5258620689655172 0.26063829787234044 0.5301724137931034 0.26861702127659576 0.528448275862069 0.26684397163120566 0.5181034482758621
0 0.49379432624113473 0.5362068965517242 0.4867021276595745 0.5422413793103448 0.48847517730496454 0.55 0.49379432624113473 0.5543103448275862 0.5044326241134752 0.5482758620689655 0.5026595744680851 0.5405172413793103 0.49556737588652483 0.5362068965517242
0 0.44858156028368795 0.5844827586206897 0.4423758865248227 0.5905172413793104 0.4397163120567376 0.6017241379310345 0.4423758865248227 0.6068965517241379 0.44858156028368795 0.6086206896551725 0.45656028368794327 0.6068965517241379 0.46187943262411346 0.6 0.4601063829787234 0.5887931034482758 0.45478723404255317 0.5844827586206897
0 0.4787234042553192 0.6025862068965517 0.4725177304964539 0.6060344827586207 0.4725177304964539 0.6120689655172413 0.4796099290780142 0.6206896551724138 0.49024822695035464 0.6155172413793103 0.48936170212765956 0.6068965517241379 0.48404255319148937 0.6025862068965517
0 0.5053191489361702 0.6146551724137931 0.4973404255319149 0.6232758620689656 0.499113475177305 0.6310344827586207 0.5044326241134752 0.6370689655172413 0.5159574468085106 0.6353448275862069 0.5203900709219859 0.6301724137931034 0.5186170212765957 0.6189655172413793 0.5106382978723404 0.6146551724137931
0 0.5292553191489362 0.6396551724137931 0.5203900709219859 0.6474137931034483 0.5177304964539007 0.6586206896551724 0.525709219858156 0.6681034482758621 0.5363475177304965 0.6698275862068965 0.5452127659574468 0.6637931034482759 0.5478723404255319 0.6508620689655172 0.5425531914893617 0.6439655172413793 0.5328014184397163 0.6396551724137931
0 0.5319148936170213 0.6793103448275862 0.523936170212766 0.6818965517241379 0.5159574468085106 0.6922413793103448 0.5186170212765957 0.7025862068965517 0.5283687943262412 0.7086206896551724 0.5381205673758865 0.7025862068965517 0.5443262411347518 0.6922413793103448 0.5434397163120568 0.6844827586206896 0.5328014184397163 0.6793103448275862
0 0.4946808510638298 0.6672413793103448 0.4849290780141844 0.675 0.4849290780141844 0.6810344827586207 0.49113475177304966 0.6896551724137931 0.500886524822695 0.6913793103448276 0.5079787234042553 0.6853448275862069 0.5088652482269503 0.6775862068965517 0.5053191489361702 0.6706896551724137 0.499113475177305 0.6672413793103448
0 0.46099290780141844 0.6448275862068965 0.45656028368794327 0.646551724137931 0.450354609929078 0.6551724137931034 0.4530141843971631 0.6646551724137931 0.4592198581560284 0.6672413793103448 0.46808510638297873 0.6655172413793103 0.475177304964539 0.6577586206896552 0.475177304964539 0.6517241379310345 0.46631205673758863 0.6448275862068965
0 0.42730496453900707 0.6301724137931034 0.4175531914893617 0.6362068965517241 0.4175531914893617 0.65 0.4228723404255319 0.6560344827586206 0.4326241134751773 0.6551724137931034 0.4397163120567376 0.646551724137931 0.44060283687943264 0.6370689655172413 0.4326241134751773 0.6301724137931034
0 0.39273049645390073 0.6301724137931034 0.3874113475177305 0.6336206896551724 0.38652482269503546 0.6431034482758621 0.3891843971631206 0.6482758620689655 0.3962765957446808 0.6517241379310345 0.4033687943262411 0.6491379310344828 0.40691489361702127 0.6439655172413793 0.4051418439716312 0.6344827586206897 0.39893617021276595 0.6301724137931034
0 0.36613475177304966 0.6267241379310344 0.3599290780141844 0.6327586206896552 0.3599290780141844 0.6405172413793103 0.36613475177304966 0.6448275862068965 0.374113475177305 0.6456896551724138 0.3776595744680851 0.6431034482758621 0.37854609929078015 0.6327586206896552 0.36879432624113473 0.6267241379310344
0 0.3475177304964539 0.603448275862069 0.3404255319148936 0.6077586206896551 0.3404255319148936 0.6172413793103448 0.3519503546099291 0.6232758620689656 0.35726950354609927 0.6206896551724138 0.3599290780141844 0.6155172413793103 0.3599290780141844 0.6094827586206897 0.3537234042553192 0.603448275862069
0 0.33156028368794327 0.5818965517241379 0.325354609929078 0.5887931034482758 0.325354609929078 0.596551724137931 0.33156028368794327 0.6025862068965517 0.3377659574468085 0.6017241379310345 0.3448581560283688 0.5905172413793104 0.34397163120567376 0.5853448275862069 0.33865248226950356 0.5818965517241379
0 0.3058510638297872 0.5775862068965517 0.299645390070922 0.5836206896551724 0.299645390070922 0.5948275862068966 0.30319148936170215 0.5991379310344828 0.3147163120567376 0.6008620689655172 0.3200354609929078 0.5956896551724138 0.3200354609929078 0.5870689655172414 0.3173758865248227 0.5801724137931035 0.3120567375886525 0.5775862068965517
0 0.29343971631205673 0.5491379310344827 0.28900709219858156 0.5543103448275862 0.2898936170212766 0.5629310344827586 0.29609929078014185 0.5698275862068966 0.30319148936170215 0.5698275862068966 0.30851063829787234 0.5672413793103448 0.30851063829787234 0.5560344827586207 0.300531914893617 0.5491379310344827
0 0.3200354609929078 0.5586206896551724 0.31560283687943264 0.5637931034482758 0.3200354609929078 0.5775862068965517 0.3280141843971631 0.5767241379310345 0.32978723404255317 0.5741379310344827 0.32978723404255317 0.5629310344827586 0.325354609929078 0.5586206896551724
0 0.34397163120567376 0.5663793103448276 0.3404255319148936 0.5681034482758621 0.33865248226950356 0.5732758620689655 0.34308510638297873 0.5793103448275863 0.35106382978723405 0.5741379310344827 0.3484042553191489 0.5663793103448276
0 0.36613475177304966 0.5801724137931035 0.3528368794326241 0.5913793103448276 0.3528368794326241 0.5956896551724138 0.3617021276595745 0.6017241379310345 0.36879432624113473 0.6017241379310345 0.37322695035460995 0.5982758620689655 0.375 0.5862068965517241 0.37056737588652483 0.5801724137931035
0 0.31382978723404253 0.5413793103448276 0.3120567375886525 0.5508620689655173 0.3200354609929078 0.5525862068965517 0.32269503546099293 0.5431034482758621 0.3191489361702128 0.5413793103448276
0 0.45478723404255317 0.621551724137931 0.450354609929078 0.625 0.4521276595744681 0.6353448275862069 0.4592198581560284 0.6344827586206897 0.4627659574468085 0.6310344827586207 0.46365248226950356 0.6232758620689656 0.46099290780141844 0.621551724137931
0 0.4946808510638298 0.6439655172413793 0.48936170212765956 0.6474137931034483 0.48847517730496454 0.6560344827586206 0.49113475177304966 0.6594827586206896 0.499113475177305 0.6586206896551724 0.5026595744680851 0.653448275862069 0.500886524822695 0.6456896551724138 0.49645390070921985 0.6439655172413793
0 0.3537234042553192 0.6456896551724138 0.3484042553191489 0.6474137931034483 0.3466312056737589 0.6594827586206896 0.3519503546099291 0.6672413793103448 0.35815602836879434 0.6681034482758621 0.3670212765957447 0.6637931034482759 0.3679078014184397 0.6577586206896552 0.36613475177304966 0.6525862068965518 0.35638297872340424 0.6456896551724138
0 0.42109929078014185 0.6836206896551724 0.41400709219858156 0.6887931034482758 0.41400709219858156 0.7017241379310345 0.42021276595744683 0.7103448275862069 0.4317375886524823 0.7120689655172414 0.4397163120567376 0.7034482758620689 0.4397163120567376 0.6948275862068966 0.43439716312056736 0.6879310344827586 0.4219858156028369 0.6836206896551724
0 0.4095744680851064 0.6594827586206896 0.4015957446808511 0.6612068965517242 0.39893617021276595 0.6663793103448276 0.399822695035461 0.675 0.4078014184397163 0.6793103448275862 0.41843971631205673 0.6741379310344827 0.42021276595744683 0.6672413793103448 0.4148936170212766 0.6594827586206896
0 0.37854609929078015 0.6698275862068965 0.375 0.6741379310344827 0.37677304964539005 0.6810344827586207 0.3874113475177305 0.6844827586206896 0.39095744680851063 0.6775862068965517 0.38563829787234044 0.6698275862068965
0 0.2969858156028369 0.6293103448275862 0.28900709219858156 0.6336206896551724 0.28812056737588654 0.6439655172413793 0.2969858156028369 0.653448275862069 0.3058510638297872 0.6543103448275862 0.31382978723404253 0.6474137931034483 0.3147163120567376 0.6396551724137931 0.3102836879432624 0.6327586206896552 0.30141843971631205 0.6293103448275862
0 0.27393617021276595 0.6025862068965517 0.2641843971631206 0.6189655172413793 0.2650709219858156 0.6267241379310344 0.2730496453900709 0.6310344827586207 0.2828014184397163 0.628448275862069 0.2872340425531915 0.6155172413793103 0.28634751773049644 0.6060344827586207 0.2801418439716312 0.6025862068965517
0 0.3173758865248227 0.6551724137931034 0.3120567375886525 0.6586206896551724 0.3120567375886525 0.6681034482758621 0.31382978723404253 0.6715517241379311 0.324468085106383 0.675 0.33067375886524825 0.6698275862068965 0.33067375886524825 0.6620689655172414 0.32269503546099293 0.6551724137931034
0 0.3328900709219858 0.6793103448275862 0.325354609929078 0.6810344827586207 0.324468085106383 0.6887931034482758 0.32978723404255317 0.6956896551724138 0.3395390070921986 0.6982758620689655 0.34397163120567376 0.6948275862068966 0.34574468085106386 0.6836206896551724 0.33865248226950356 0.6793103448275862
0 0.35106382978723405 0.6956896551724138 0.34397163120567376 0.7034482758620689 0.3448581560283688 0.7120689655172414 0.3528368794326241 0.7224137931034482 0.3617021276595745 0.7241379310344828 0.36524822695035464 0.721551724137931 0.3679078014184397 0.7051724137931035 0.36347517730496454 0.6991379310344827 0.3546099290780142 0.6956896551724138
0 0.25354609929078015 0.5836206896551724 0.2473404255319149 0.5905172413793104 0.24822695035460993 0.5982758620689655 0.25177304964539005 0.6017241379310345 0.2579787234042553 0.6 0.26063829787234044 0.593103448275862 0.25886524822695034 0.5853448275862069 0.2553191489361702 0.5836206896551724
0 0.23670212765957446 0.5396551724137931 0.22695035460992907 0.5439655172413793 0.22606382978723405 0.5543103448275862 0.23049645390070922 0.5620689655172414 0.2402482269503546 0.5646551724137931 0.24556737588652483 0.5603448275862069 0.24645390070921985 0.55 0.24468085106382978 0.5439655172413793 0.23847517730496454 0.5396551724137931
0 0.25886524822695034 0.5387931034482759 0.2553191489361702 0.5456896551724137 0.2579787234042553 0.55 0.2641843971631206 0.5517241379310345 0.26773049645390073 0.5491379310344827 0.26773049645390073 0.5439655172413793 0.2650709219858156 0.5405172413793103 0.25975177304964536 0.5396551724137931
0 0.7047872340425532 0.41206896551724137 0.6968085106382979 0.41379310344827586 0.6950354609929078 0.41810344827586204 0.699468085106383 0.4224137931034483 0.7101063829787234 0.42586206896551726 0.7163120567375887 0.41724137931034483 0.7065602836879432 0.41206896551724137
0 0.6888297872340425 0.42931034482758623 0.6835106382978723 0.4370689655172414 0.6852836879432624 0.44396551724137934 0.700354609929078 0.44655172413793104 0.7039007092198581 0.44224137931034485 0.7039007092198581 0.4362068965517241 0.6950354609929078 0.42931034482758623
0 0.7313829787234043 0.41724137931034483 0.7225177304964538 0.4224137931034483 0.7198581560283688 0.42931034482758623 0.7198581560283688 0.43275862068965515 0.7296099290780141 0.4379310344827586 0.7393617021276596 0.4362068965517241 0.7446808510638298 0.42844827586206896 0.7340425531914894 0.41724137931034483
0 0.750886524822695 0.43103448275862066 0.7464539007092199 0.4370689655172414 0.7473404255319149 0.44224137931034485 0.7562056737588653 0.44482758620689655 0.7606382978723404 0.44051724137931036 0.7606382978723404 0.4353448275862069 0.7544326241134752 0.43103448275862066
0 0.7695035460992907 0.44051724137931036 0.7668439716312057 0.4482758620689655 0.7712765957446809 0.453448275862069 0.7783687943262412 0.44913793103448274 0.7783687943262412 0.44224137931034485 0.775709219858156 0.44051724137931036
0 0.8333333333333334 0.4543103448275862 0.8271276595744681 0.45775862068965517 0.825354609929078 0.4689655172413793 0.8324468085106383 0.47758620689655173 0.8404255319148937 0.47844827586206895 0.848404255319149 0.4724137931034483 0.849290780141844 0.46293103448275863 0.8439716312056738 0.4560344827586207 0.8386524822695035 0.4543103448275862
0 0.7544326241134752 0.453448275862069 0.7429078014184397 0.4560344827586207 0.7393617021276596 0.46379310344827585 0.7437943262411347 0.4810344827586207 0.75177304964539 0.4853448275862069 0.7641843971631206 0.4810344827586207 0.7686170212765957 0.475 0.7659574468085106 0.4586206896551724 0.7553191489361702 0.4543103448275862
0 0.7180851063829787 0.44396551724137934 0.7145390070921985 0.4482758620689655 0.7154255319148937 0.4560344827586207 0.7216312056737588 0.46120689655172414 0.7269503546099291 0.4603448275862069 0.7313829787234043 0.4525862068965517 0.726063829787234 0.44396551724137934
0 0.7349290780141844 0.4879310344827586 0.7225177304964538 0.4896551724137931 0.7180851063829787 0.496551724137931 0.723404255319149 0.5137931034482759 0.7340425531914894 0.5198275862068965 0.7446808510638298 0.5189655172413793 0.7553191489361702 0.5094827586206897 0.7526595744680851 0.4956896551724138 0.7473404255319149 0.4896551724137931 0.7411347517730497 0.4879310344827586
0 0.7890070921985816 0.4681034482758621 0.7836879432624113 0.4698275862068966 0.7774822695035462 0.47758620689655173 0.7792553191489362 0.49051724137931035 0.7854609929078015 0.5 0.7960992907801419 0.496551724137931 0.8058510638297872 0.4879310344827586 0.8040780141843972 0.475 0.7943262411347518 0.4681034482758621
0 0.8262411347517731 0.4836206896551724 0.8209219858156028 0.4853448275862069 0.8147163120567376 0.49224137931034484 0.8164893617021277 0.5077586206896552 0.8235815602836879 0.5129310344827587 0.8351063829787234 0.5103448275862069 0.8404255319148937 0.4991379310344828 0.8368794326241135 0.4870689655172414 0.8280141843971631 0.4836206896551724
0 0.7712765957446809 0.506896551724138 0.7632978723404256 0.5103448275862069 0.7615248226950354 0.5232758620689655 0.7659574468085106 0.5310344827586206 0.7810283687943262 0.5362068965517242 0.7872340425531915 0.5327586206896552 0.7898936170212766 0.5189655172413793 0.7863475177304965 0.5112068965517241 0.7792553191489362 0.506896551724138
0 0.8129432624113475 0.5206896551724138 0.8014184397163121 0.528448275862069 0.8040780141843972 0.5422413793103448 0.8120567375886525 0.5491379310344827 0.8271276595744681 0.5439655172413793 0.8306737588652482 0.5379310344827586 0.8262411347517731 0.5241379310344828 0.8173758865248227 0.5206896551724138
0 0.8634751773049646 0.4689655172413793 0.8563829787234043 0.47155172413793106 0.8554964539007093 0.47758620689655173 0.8581560283687943 0.4836206896551724 0.8652482269503546 0.4879310344827586 0.874113475177305 0.4827586206896552 0.87322695035461 0.4724137931034483 0.8679078014184397 0.4689655172413793
0 0.8603723404255319 0.4974137931034483 0.8554964539007093 0.4974137931034483 0.8519503546099291 0.5008620689655172 0.851063829787234 0.506896551724138 0.8528368794326241 0.5155172413793103 0.8617021276595744 0.5224137931034483 0.8696808510638298 0.5189655172413793 0.87322695035461 0.5137931034482759 0.8723404255319149 0.5043103448275862 0.8652482269503546 0.4974137931034483
0 0.8927304964539007 0.47413793103448276 0.8856382978723404 0.47586206896551725 0.8829787234042553 0.48017241379310344 0.8829787234042553 0.4844827586206897 0.8900709219858156 0.4896551724137931 0.8945035460992907 0.48879310344827587 0.8980496453900709 0.4827586206896552 0.8980496453900709 0.47758620689655173 0.8936170212765957 0.47413793103448276
0 0.9113475177304965 0.47758620689655173 0.9069148936170213 0.48017241379310344 0.9069148936170213 0.4862068965517241 0.9122340425531915 0.4939655172413793 0.9184397163120568 0.49482758620689654 0.9228723404255319 0.49137931034482757 0.9228723404255319 0.4836206896551724 0.9122340425531915 0.47844827586206895
0 0.901595744680851 0.4982758620689655 0.8927304964539007 0.5 0.8918439716312057 0.5163793103448275 0.8945035460992907 0.528448275862069 0.9042553191489362 0.5327586206896552 0.9069148936170213 0.5327586206896552 0.9184397163120568 0.5198275862068965 0.9148936170212766 0.503448275862069 0.9069148936170213 0.4982758620689655
0 0.9423758865248227 0.5060344827586207 0.9317375886524822 0.5103448275862069 0.9273049645390071 0.5224137931034483 0.9335106382978723 0.5336206896551724 0.9450354609929078 0.5387931034482759 0.9556737588652482 0.531896551724138 0.9609929078014184 0.5224137931034483 0.9574468085106383 0.5120689655172413 0.9468085106382979 0.5060344827586207
0 0.8971631205673759 0.5379310344827586 0.8847517730496454 0.5474137931034483 0.8829787234042553 0.553448275862069 0.8918439716312057 0.5698275862068966 0.9069148936170213 0.571551724137931 0.9157801418439716 0.5629310344827586 0.9184397163120568 0.5551724137931034 0.9042553191489362 0.5379310344827586
0 0.8528368794326241 0.5310344827586206 0.8448581560283688 0.5344827586206896 0.8404255319148937 0.5413793103448276 0.8421985815602837 0.5508620689655173 0.849290780141844 0.5586206896551724 0.8599290780141844 0.5586206896551724 0.8679078014184397 0.553448275862069 0.8696808510638298 0.5413793103448276 0.8661347517730497 0.5353448275862069 0.8581560283687943 0.5310344827586206
0 0.8439716312056738 0.5646551724137931 0.8359929078014184 0.5698275862068966 0.8342198581560284 0.5810344827586207 0.8377659574468085 0.5905172413793104 0.8457446808510638 0.5939655172413794 0.8537234042553191 0.593103448275862 0.8608156028368794 0.5827586206896552 0.8599290780141844 0.5741379310344827 0.8519503546099291 0.5646551724137931
0 0.8040780141843972 0.5568965517241379 0.7907801418439716 0.5629310344827586 0.7907801418439716 0.5706896551724138 0.799645390070922 0.5810344827586207 0.8058510638297872 0.5827586206896552 0.8129432624113475 0.5810344827586207 0.8182624113475178 0.5741379310344827 0.8173758865248227 0.5629310344827586 0.8111702127659575 0.5568965517241379
0 0.7641843971631206 0.5387931034482759 0.7473404255319149 0.5456896551724137 0.7429078014184397 0.553448275862069 0.7429078014184397 0.5629310344827586 0.7464539007092199 0.571551724137931 0.7553191489361702 0.5775862068965517 0.7632978723404256 0.5793103448275863 0.776595744680851 0.575 0.7819148936170213 0.5663793103448276 0.7819148936170213 0.5551724137931034 0.7792553191489362 0.55 0.774822695035461 0.5431034482758621 0.7659574468085106 0.5387931034482759
0 0.7154255319148937 0.521551724137931 0.7012411347517731 0.5293103448275862 0.700354609929078 0.5439655172413793 0.7092198581560284 0.5551724137931034 0.7198581560283688 0.5586206896551724 0.726063829787234 0.5577586206896552 0.7393617021276596 0.5474137931034483 0.7393617021276596 0.5387931034482759 0.7349290780141844 0.5293103448275862 0.7304964539007093 0.5241379310344828 0.723404255319149 0.521551724137931
0 0.8900709219858156 0.5758620689655173 0.87677304964539 0.5801724137931035 0.8705673758865248 0.5879310344827586 0.8687943262411347 0.5956896551724138 0.8803191489361702 0.6120689655172413 0.901595744680851 0.6146551724137931 0.9113475177304965 0.6077586206896551 0.9140070921985816 0.5956896551724138 0.9024822695035462 0.5775862068965517 0.8909574468085106 0.5767241379310345
0 0.9326241134751773 0.4836206896551724 0.9281914893617021 0.4862068965517241 0.9281914893617021 0.49051724137931035 0.9352836879432624 0.4982758620689655 0.9406028368794326 0.4939655172413793 0.9406028368794326 0.4870689655172414 0.9352836879432624 0.4836206896551724
0 0.9530141843971631 0.4853448275862069 0.949468085106383 0.4879310344827586 0.950354609929078 0.4956896551724138 0.9583333333333334 0.4991379310344828 0.9609929078014184 0.48879310344827587 0.9547872340425532 0.4853448275862069
0 0.9973404255319149 0.4818965517241379 0.9902482269503546 0.4844827586206897 0.9893617021276596 0.49051724137931035 0.99822695035461 0.4982758620689655 0.999113475177305 0.4818965517241379
0 0.9618794326241135 0.4991379310344828 0.9583333333333334 0.5017241379310344 0.9574468085106383 0.506896551724138 0.9627659574468085 0.5155172413793103 0.9663120567375887 0.5155172413793103 0.9698581560283688 0.506896551724138 0.9698581560283688 0.5017241379310344 0.9663120567375887 0.4991379310344828
0 0.9210992907801419 0.496551724137931 0.9166666666666666 0.5017241379310344 0.9219858156028369 0.5094827586206897 0.9264184397163121 0.5094827586206897 0.9308510638297872 0.5043103448275862 0.9308510638297872 0.5 0.9264184397163121 0.496551724137931
0 0.987145390070922 0.5043103448275862 0.975177304964539 0.5077586206896552 0.9680851063829787 0.5155172413793103 0.9698581560283688 0.5267241379310345 0.9822695035460993 0.5353448275862069 0.9929078014184397 0.531896551724138 0.999113475177305 0.5224137931034483 0.999113475177305 0.5103448275862069 0.9920212765957447 0.5043103448275862
0 0.9849290780141844 0.5439655172413793 0.974290780141844 0.5543103448275862 0.9716312056737588 0.5646551724137931 0.975177304964539 0.5732758620689655 0.9867021276595744 0.5793103448275863 0.999113475177305 0.5767241379310345 0.999113475177305 0.5491379310344827 0.9902482269503546 0.5439655172413793
0 0.9388297872340425 0.55 0.9308510638297872 0.553448275862069 0.9290780141843972 0.5646551724137931 0.9361702127659575 0.575 0.9459219858156028 0.5784482758620689 0.9574468085106383 0.5732758620689655 0.9618794326241135 0.5603448275862069 0.9574468085106383 0.5525862068965517 0.9432624113475178 0.55
0 0.5709219858156028 0.603448275862069 0.5682624113475178 0.6060344827586207 0.5682624113475178 0.6137931034482759 0.5726950354609929 0.6198275862068966 0.5797872340425532 0.618103448275862 0.5824468085106383 0.6120689655172413 0.5797872340425532 0.6051724137931035 0.5762411347517731 0.603448275862069
0 0.5558510638297872 0.575 0.5460992907801419 0.5775862068965517 0.5452127659574468 0.5827586206896552 0.549645390070922 0.5956896551724138 0.5602836879432624 0.5991379310344828 0.5656028368794326 0.5956896551724138 0.5691489361702128 0.5818965517241379 0.5656028368794326 0.5775862068965517 0.5567375886524822 0.575
0 0.5416666666666666 0.6077586206896551 0.5363475177304965 0.6094827586206897 0.5336879432624113 0.6137931034482759 0.5345744680851063 0.6241379310344828 0.5416666666666666 0.6293103448275862 0.550531914893617 0.625 0.5514184397163121 0.6146551724137931 0.5469858156028369 0.6077586206896551
0 0.5944148936170213 0.5724137931034483 0.5851063829787234 0.5741379310344827 0.5824468085106383 0.5827586206896552 0.5833333333333334 0.593103448275862 0.5904255319148937 0.6017241379310345 0.6019503546099291 0.6043103448275862 0.6072695035460993 0.6017241379310345 0.6108156028368794 0.5879310344827586 0.6090425531914894 0.5801724137931035 0.600177304964539 0.5724137931034483
0 0.5593971631205674 0.5517241379310345 0.5540780141843972 0.5543103448275862 0.5523049645390071 0.5603448275862069 0.5531914893617021 0.5637931034482758 0.5602836879432624 0.5681034482758621 0.5709219858156028 0.5637931034482758 0.5718085106382979 0.5586206896551724 0.5673758865248227 0.5517241379310345
0 0.6320921985815603 0.5913793103448276 0.62322695035461 0.5991379310344828 0.62322695035461 0.6103448275862069 0.6276595744680851 0.6189655172413793 0.6418439716312057 0.6206896551724138 0.650709219858156 0.6155172413793103 0.6524822695035462 0.6043103448275862 0.6480496453900709 0.596551724137931 0.6391843971631206 0.5913793103448276
0 0.6227836879432624 0.5543103448275862 0.6152482269503546 0.5551724137931034 0.6117021276595744 0.5646551724137931 0.6223404255319149 0.5801724137931035 0.6303191489361702 0.5818965517241379 0.6374113475177305 0.575 0.6382978723404256 0.5663793103448276 0.6347517730496454 0.5594827586206896 0.6276595744680851 0.5543103448275862
0 0.6374113475177305 0.531896551724138 0.6312056737588653 0.5370689655172414 0.6303191489361702 0.5474137931034483 0.6391843971631206 0.553448275862069 0.6445035460992907 0.553448275862069 0.650709219858156 0.5474137931034483 0.649822695035461 0.5362068965517242 0.6445035460992907 0.531896551724138
0 0.6675531914893617 0.5465517241379311 0.6569148936170213 0.5517241379310345 0.6560283687943262 0.5603448275862069 0.6604609929078015 0.5689655172413793 0.6702127659574468 0.5706896551724138 0.6817375886524822 0.5603448275862069 0.6790780141843972 0.55 0.675531914893617 0.5465517241379311
0 0.6968085106382979 0.5603448275862069 0.6906028368794326 0.5629310344827586 0.6843971631205674 0.5706896551724138 0.6861702127659575 0.5818965517241379 0.6968085106382979 0.5870689655172414 0.7127659574468085 0.5827586206896552 0.7171985815602837 0.575 0.7163120567375887 0.5672413793103448 0.7047872340425532 0.5603448275862069
0 0.6737588652482269 0.5879310344827586 0.6666666666666666 0.5913793103448276 0.6613475177304965 0.6086206896551725 0.6684397163120568 0.6163793103448276 0.674645390070922 0.618103448275862 0.6826241134751773 0.6172413793103448 0.6888297872340425 0.6120689655172413 0.6897163120567376 0.5982758620689655 0.6808510638297872 0.5879310344827586
0 0.6808510638297872 0.625 0.6737588652482269 0.6293103448275862 0.6693262411347518 0.6370689655172413 0.6710992907801419 0.653448275862069 0.674645390070922 0.6560344827586206 0.6914893617021277 0.6577586206896552 0.6968085106382979 0.6525862068965518 0.7012411347517731 0.6396551724137931 0.6976950354609929 0.631896551724138 0.6879432624113475 0.625
0 0.6418439716312057 0.6310344827586207 0.6303191489361702 0.6336206896551724 0.625 0.6431034482758621 0.6294326241134752 0.6594827586206896 0.6400709219858156 0.6655172413793103 0.6533687943262412 0.6586206896551724 0.6578014184397163 0.6482758620689655 0.6569148936170213 0.6405172413793103 0.6462765957446809 0.6310344827586207
0 0.598404255319149 0.6448275862068965 0.5895390070921985 0.6482758620689655 0.5851063829787234 0.656896551724138 0.5877659574468085 0.6689655172413793 0.5975177304964538 0.6767241379310345 0.6108156028368794 0.6732758620689655 0.6161347517730497 0.6663793103448276 0.6134751773049646 0.6517241379310345 0.6028368794326241 0.6448275862068965
0 0.5673758865248227 0.6293103448275862 0.5567375886524822 0.6370689655172413 0.5576241134751773 0.646551724137931 0.5656028368794326 0.6551724137931034 0.5735815602836879 0.6525862068965518 0.5806737588652482 0.6413793103448275 0.5797872340425532 0.6336206896551724 0.5726950354609929 0.6293103448275862
0 0.5664893617021277 0.6612068965517242 0.5602836879432624 0.6629310344827586 0.5523049645390071 0.6724137931034483 0.5523049645390071 0.6801724137931034 0.5576241134751773 0.6853448275862069 0.5673758865248227 0.6862068965517242 0.575354609929078 0.6793103448275862 0.5762411347517731 0.6724137931034483 0.5673758865248227 0.6612068965517242
0 0.4973404255319149 0.7034482758620689 0.49024822695035464 0.7086206896551724 0.48936170212765956 0.7189655172413794 0.4946808510638298 0.7258620689655172 0.500886524822695 0.728448275862069 0.5115248226950354 0.725 0.5150709219858156 0.7163793103448276 0.5106382978723404 0.7060344827586207 0.5053191489361702 0.7034482758620689
0 0.4574468085106383 0.678448275862069 0.450354609929078 0.6801724137931034 0.44858156028368795 0.6836206896551724 0.449468085106383 0.6939655172413793 0.45567375886524825 0.696551724137931 0.4645390070921986 0.6922413793103448 0.4654255319148936 0.6818965517241379 0.46099290780141844 0.678448275862069
0 0.43882978723404253 0.6620689655172414 0.4317375886524823 0.6646551724137931 0.4308510638297872 0.6758620689655173 0.43882978723404253 0.6775862068965517 0.4441489361702128 0.6741379310344827 0.4441489361702128 0.6646551724137931 0.4397163120567376 0.6629310344827586
0 0.47606382978723405 0.6982758620689655 0.46897163120567376 0.7060344827586207 0.4725177304964539 0.7120689655172414 0.4804964539007092 0.7086206896551724 0.4804964539007092 0.6982758620689655
0 0.4521276595744681 0.7060344827586207 0.44680851063829785 0.7077586206896552 0.4441489361702128 0.7137931034482758 0.44858156028368795 0.7224137931034482 0.45478723404255317 0.721551724137931 0.46099290780141844 0.7163793103448276 0.46099290780141844 0.7094827586206897 0.4530141843971631 0.7060344827586207
0 0.42819148936170215 0.7189655172413794 0.424645390070922 0.7206896551724138 0.4237588652482269 0.7275862068965517 0.4352836879432624 0.7344827586206897 0.43882978723404253 0.7327586206896551 0.4397163120567376 0.7258620689655172 0.43439716312056736 0.7189655172413794
0 0.3962765957446808 0.7094827586206897 0.39273049645390073 0.7137931034482758 0.3980496453900709 0.7258620689655172 0.4033687943262411 0.7293103448275862 0.4095744680851064 0.7293103448275862 0.4148936170212766 0.7241379310344828 0.4148936170212766 0.718103448275862 0.4015957446808511 0.7094827586206897
0 0.3971631205673759 0.7344827586206897 0.3882978723404255 0.7405172413793103 0.38652482269503546 0.7482758620689656 0.39273049645390073 0.7577586206896552 0.4051418439716312 0.7603448275862069 0.4104609929078014 0.7543103448275862 0.4104609929078014 0.746551724137931 0.40602836879432624 0.7379310344827587 0.3980496453900709 0.7344827586206897
0 0.43882978723404253 0.7405172413793103 0.43351063829787234 0.7439655172413793 0.43351063829787234 0.7560344827586207 0.43882978723404253 0.7620689655172413 0.450354609929078 0.7655172413793103 0.45656028368794327 0.7586206896551724 0.45656028368794327 0.7474137931034482 0.4397163120567376 0.7405172413793103
0 0.42819148936170215 0.7672413793103449 0.42021276595744683 0.7724137931034483 0.42021276595744683 0.7827586206896552 0.4352836879432624 0.7931034482758621 0.4432624113475177 0.7922413793103448 0.44858156028368795 0.7862068965517242 0.44680851063829785 0.7758620689655172 0.4397163120567376 0.7698275862068965 0.4308510638297872 0.7672413793103449
0 0.4858156028368794 0.7767241379310345 0.4725177304964539 0.7844827586206896 0.4716312056737589 0.7896551724137931 0.475177304964539 0.7939655172413793 0.48315602836879434 0.7948275862068965 0.48936170212765956 0.7896551724137931 0.49113475177304966 0.778448275862069 0.48847517730496454 0.7767241379310345
0 0.48404255319148937 0.7508620689655172 0.4796099290780142 0.7560344827586207 0.4796099290780142 0.7629310344827587 0.49113475177304966 0.7698275862068965 0.49645390070921985 0.7663793103448275 0.49822695035460995 0.756896551724138 0.49024822695035464 0.7508620689655172
0 0.5132978723404256 0.7612068965517241 0.5062056737588653 0.7629310344827587 0.49822695035460995 0.771551724137931 0.50177304964539 0.7836206896551724 0.5124113475177305 0.7853448275862069 0.5221631205673759 0.7801724137931034 0.5221631205673759 0.7681034482758621 0.5150709219858156 0.7612068965517241
0 0.5079787234042553 0.7344827586206897 0.499113475177305 0.7439655172413793 0.5026595744680851 0.753448275862069 0.5079787234042553 0.7560344827586207 0.5159574468085106 0.7551724137931034 0.5203900709219859 0.75 0.5212765957446809 0.7396551724137931 0.5159574468085106 0.7344827586206897
0 0.5381205673758865 0.7422413793103448 0.5283687943262412 0.7448275862068966 0.523936170212766 0.753448275862069 0.525709219858156 0.7620689655172413 0.5319148936170213 0.7663793103448275 0.5425531914893617 0.7629310344827587 0.5478723404255319 0.7551724137931034 0.5452127659574468 0.7456896551724138 0.5390070921985816 0.7422413793103448
0 0.5336879432624113 0.7163793103448276 0.526595744680851 0.718103448275862 0.5212765957446809 0.7267241379310345 0.5221631205673759 0.7310344827586207 0.5310283687943262 0.7362068965517241 0.5372340425531915 0.7344827586206897 0.5425531914893617 0.7275862068965517 0.5407801418439716 0.7189655172413794 0.5363475177304965 0.7163793103448276
0 0.5576241134751773 0.7267241379310345 0.5514184397163121 0.7336206896551725 0.5514184397163121 0.7405172413793103 0.5585106382978723 0.7474137931034482 0.5656028368794326 0.7448275862068966 0.5718085106382979 0.7379310344827587 0.5691489361702128 0.7293103448275862 0.5638297872340425 0.7267241379310345
0 0.5647163120567376 0.7551724137931034 0.5549645390070922 0.7577586206896552 0.5514184397163121 0.7681034482758621 0.5523049645390071 0.7741379310344828 0.5585106382978723 0.7810344827586206 0.574468085106383 0.781896551724138 0.5789007092198581 0.7775862068965518 0.5806737588652482 0.7663793103448275 0.5789007092198581 0.7612068965517241 0.5691489361702128 0.7551724137931034
0 0.5904255319148937 0.7370689655172413 0.5815602836879432 0.743103448275862 0.5815602836879432 0.75 0.5859929078014184 0.753448275862069 0.5939716312056738 0.753448275862069 0.600177304964539 0.7491379310344828 0.599290780141844 0.7413793103448276 0.5930851063829787 0.7370689655172413
0 0.5824468085106383 0.7120689655172414 0.5762411347517731 0.7163793103448276 0.574468085106383 0.7241379310344828 0.5842198581560284 0.7301724137931035 0.5930851063829787 0.7241379310344828 0.5930851063829787 0.7163793103448276 0.5877659574468085 0.7120689655172414
0 0.6117021276595744 0.7068965517241379 0.6028368794326241 0.7112068965517241 0.600177304964539 0.7172413793103448 0.601063829787234 0.725 0.6108156028368794 0.7344827586206897 0.6205673758865248 0.7362068965517241 0.6312056737588653 0.7301724137931035 0.6329787234042553 0.7163793103448276 0.6303191489361702 0.7129310344827586 0.6143617021276596 0.7068965517241379
0 0.6298758865248227 0.6732758620689655 0.6187943262411347 0.6758620689655173 0.6152482269503546 0.6810344827586207 0.6179078014184397 0.696551724137931 0.6285460992907801 0.7017241379310345 0.6365248226950354 0.7 0.6427304964539007 0.6913793103448276 0.6427304964539007 0.6793103448275862 0.6347517730496454 0.6732758620689655
0 0.6719858156028369 0.6655172413793103 0.6613475177304965 0.6672413793103448 0.6533687943262412 0.6767241379310345 0.6578014184397163 0.6956896551724138 0.6684397163120568 0.7017241379310345 0.6799645390070922 0.7017241379310345 0.6861702127659575 0.6982758620689655 0.6932624113475178 0.6853448275862069 0.6914893617021277 0.675 0.6764184397163121 0.6655172413793103
0 0.7189716312056738 0.6887931034482758 0.7047872340425532 0.6939655172413793 0.6985815602836879 0.7043103448275863 0.7021276595744681 0.7206896551724138 0.7127659574468085 0.7258620689655172 0.7269503546099291 0.7241379310344828 0.7349290780141844 0.7112068965517241 0.7358156028368794 0.7025862068965517 0.7331560283687943 0.6956896551724138 0.7207446808510638 0.6887931034482758
0 0.6790780141843972 0.7129310344827586 0.674645390070922 0.7129310344827586 0.6675531914893617 0.718103448275862 0.6657801418439716 0.7301724137931035 0.6710992907801419 0.7370689655172413 0.6808510638297872 0.7387931034482759 0.6852836879432624 0.7379310344827587 0.6923758865248227 0.7275862068965517 0.6906028368794326 0.7163793103448276 0.6835106382978723 0.7129310344827586
0 0.6471631205673759 0.7043103448275863 0.6418439716312057 0.7077586206896552 0.6409574468085106 0.7163793103448276 0.6453900709219859 0.7206896551724138 0.6524822695035462 0.7206896551724138 0.6569148936170213 0.7172413793103448 0.6586879432624113 0.7094827586206897 0.6480496453900709 0.7043103448275863
0 0.6471631205673759 0.7293103448275862 0.6400709219858156 0.7301724137931035 0.6374113475177305 0.7353448275862069 0.6374113475177305 0.7456896551724138 0.6436170212765957 0.7517241379310344 0.6542553191489362 0.75 0.6586879432624113 0.7456896551724138 0.6595744680851063 0.7362068965517241 0.651595744680851 0.7293103448275862
0 0.674645390070922 0.7448275862068966 0.6684397163120568 0.7474137931034482 0.6622340425531915 0.7551724137931034 0.6622340425531915 0.7620689655172413 0.6710992907801419 0.7689655172413793 0.6799645390070922 0.7681034482758621 0.6861702127659575 0.7612068965517241 0.6852836879432624 0.75 0.675531914893617 0.7448275862068966
0 0.6453900709219859 0.7586206896551724 0.6382978723404256 0.7594827586206897 0.6329787234042553 0.7681034482758621 0.6329787234042553 0.7758620689655172 0.6400709219858156 0.781896551724138 0.648936170212766 0.7810344827586206 0.6569148936170213 0.7741379310344828 0.6586879432624113 0.7655172413793103 0.650709219858156 0.7586206896551724
0 0.6179078014184397 0.7422413793103448 0.6125886524822695 0.7456896551724138 0.6099290780141844 0.7517241379310344 0.6108156028368794 0.7594827586206897 0.6152482269503546 0.7655172413793103 0.624113475177305 0.7655172413793103 0.6303191489361702 0.7594827586206897 0.6312056737588653 0.7474137931034482 0.625 0.7422413793103448
0 0.5930851063829787 0.7620689655172413 0.5904255319148937 0.7637931034482759 0.5913120567375887 0.7732758620689655 0.6019503546099291 0.7767241379310345 0.6063829787234043 0.7681034482758621 0.599290780141844 0.7620689655172413
0 0.5868794326241135 0.781896551724138 0.5824468085106383 0.7853448275862069 0.5824468085106383 0.7939655172413793 0.5842198581560284 0.7982758620689655 0.5904255319148937 0.8008620689655173 0.601063829787234 0.7965517241379311 0.601063829787234 0.7870689655172414 0.5948581560283688 0.781896551724138
0 0.6179078014184397 0.775 0.6117021276595744 0.7758620689655172 0.6081560283687943 0.7827586206896552 0.6099290780141844 0.7931034482758621 0.6179078014184397 0.7974137931034483 0.62322695035461 0.7965517241379311 0.6303191489361702 0.7896551724137931 0.6294326241134752 0.7793103448275862 0.6223404255319149 0.775
0 0.6710992907801419 0.7767241379310345 0.6604609929078015 0.7810344827586206 0.6551418439716312 0.7887931034482759 0.6578014184397163 0.7991379310344827 0.6657801418439716 0.8051724137931034 0.675531914893617 0.8043103448275862 0.6835106382978723 0.7965517241379311 0.6843971631205674 0.7853448275862069 0.6790780141843972 0.778448275862069 0.6737588652482269 0.7767241379310345
0 0.525709219858156 0.7887931034482759 0.5203900709219859 0.7922413793103448 0.5186170212765957 0.8 0.5301418439716312 0.8051724137931034 0.5381205673758865 0.8043103448275862 0.5407801418439716 0.8 0.5390070921985816 0.7939655172413793 0.5301418439716312 0.7887931034482759
0 0.5328014184397163 0.771551724137931 0.5292553191489362 0.778448275862069 0.5328014184397163 0.7836206896551724 0.5416666666666666 0.7810344827586206 0.5425531914893617 0.7758620689655172 0.5398936170212766 0.771551724137931
0 0.500886524822695 0.7896551724137931 0.49379432624113473 0.7931034482758621 0.49113475177304966 0.8008620689655173 0.4946808510638298 0.8060344827586207 0.50177304964539 0.8086206896551724 0.5088652482269503 0.8043103448275862 0.5106382978723404 0.7991379310344827 0.5097517730496454 0.7931034482758621 0.50177304964539 0.7896551724137931
0 0.4654255319148936 0.7396551724137931 0.46187943262411346 0.7439655172413793 0.4627659574468085 0.7508620689655172 0.4716312056737589 0.7525862068965518 0.475177304964539 0.7448275862068966 0.4698581560283688 0.7396551724137931
0 0.4725177304964539 0.7198275862068966 0.46897163120567376 0.721551724137931 0.4671985815602837 0.7275862068965517 0.47074468085106386 0.7327586206896551 0.4769503546099291 0.7344827586206897 0.48138297872340424 0.7310344827586207 0.48226950354609927 0.7241379310344828 0.47606382978723405 0.7198275862068966
0 0.49024822695035464 0.7327586206896551 0.48315602836879434 0.7379310344827587 0.48404255319148937 0.7439655172413793 0.4946808510638298 0.7422413793103448 0.49556737588652483 0.7336206896551725 0.4920212765957447 0.7327586206896551
0 0.450354609929078 0.7275862068965517 0.4450354609929078 0.7301724137931035 0.44680851063829785 0.7353448275862069 0.45656028368794327 0.7387931034482759 0.46099290780141844 0.7336206896551725 0.45390070921985815 0.7275862068965517
0 0.3271276595744681 0.6387931034482759 0.32358156028368795 0.6431034482758621 0.32358156028368795 0.6482758620689655 0.33156028368794327 0.6525862068965518 0.3404255319148936 0.6474137931034483 0.3404255319148936 0.6439655172413793 0.3342198581560284 0.6387931034482759
0 0.5354609929078015 0.8137931034482758 0.5310283687943262 0.8137931034482758 0.524822695035461 0.8189655172413793 0.526595744680851 0.8267241379310345 0.5328014184397163 0.8336206896551724 0.5425531914893617 0.8318965517241379 0.5469858156028369 0.8275862068965517 0.5469858156028369 0.8206896551724138 0.5398936170212766 0.8137931034482758
0 0.5398936170212766 0.8396551724137931 0.5319148936170213 0.8439655172413794 0.5301418439716312 0.8543103448275862 0.5407801418439716 0.8629310344827587 0.5487588652482269 0.8629310344827587 0.5567375886524822 0.8560344827586207 0.5567375886524822 0.8508620689655172 0.5443262411347518 0.8396551724137931
0 0.5593971631205674 0.8232758620689655 0.5549645390070922 0.8275862068965517 0.5558510638297872 0.8344827586206897 0.5629432624113475 0.843103448275862 0.5682624113475178 0.8439655172413794 0.575354609929078 0.8396551724137931 0.5771276595744681 0.8344827586206897 0.575354609929078 0.8275862068965517 0.5656028368794326 0.8232758620689655
0 0.5806737588652482 0.8508620689655172 0.5718085106382979 0.8517241379310345 0.5664893617021277 0.8577586206896551 0.5664893617021277 0.8663793103448276 0.574468085106383 0.875 0.5859929078014184 0.8724137931034482 0.5921985815602837 0.8655172413793103 0.5921985815602837 0.8577586206896551 0.5859929078014184 0.8508620689655172
0 0.5833333333333334 0.8043103448275862 0.5771276595744681 0.8060344827586207 0.5735815602836879 0.8103448275862069 0.5735815602836879 0.8181034482758621 0.5780141843971631 0.8232758620689655 0.5886524822695035 0.8267241379310345 0.5957446808510638 0.8232758620689655 0.5975177304964538 0.8155172413793104 0.5939716312056738 0.8086206896551724 0.5859929078014184 0.8043103448275862
0 0.5540780141843972 0.8051724137931034 0.549645390070922 0.8086206896551724 0.5531914893617021 0.8181034482758621 0.5602836879432624 0.8172413793103448 0.5647163120567376 0.8120689655172414 0.5647163120567376 0.8086206896551724 0.5593971631205674 0.8051724137931034
0 0.5656028368794326 0.7913793103448276 0.5620567375886525 0.7982758620689655 0.5664893617021277 0.8025862068965517 0.574468085106383 0.8017241379310345 0.5771276595744681 0.7965517241379311 0.5735815602836879 0.7913793103448276
0 0.5487588652482269 0.7862068965517242 0.5452127659574468 0.7896551724137931 0.5469858156028369 0.7956896551724137 0.5549645390070922 0.7974137931034483 0.5567375886524822 0.7896551724137931 0.5531914893617021 0.7862068965517242
0 0.6081560283687943 0.8189655172413793 0.6028368794326241 0.8241379310344827 0.6028368794326241 0.8318965517241379 0.6117021276595744 0.8379310344827586 0.6187943262411347 0.8387931034482758 0.62322695035461 0.8353448275862069 0.624113475177305 0.8275862068965517 0.6161347517730497 0.8189655172413793
0 0.5904255319148937 0.8327586206896552 0.5851063829787234 0.8344827586206897 0.5833333333333334 0.8396551724137931 0.5877659574468085 0.846551724137931 0.5948581560283688 0.8448275862068966 0.5975177304964538 0.8396551724137931 0.5966312056737588 0.8353448275862069 0.5921985815602837 0.8327586206896552
0 0.6103723404255319 0.8456896551724138 0.6046099290780141 0.8456896551724138 0.601063829787234 0.8491379310344828 0.600177304964539 0.8551724137931035 0.6028368794326241 0.8577586206896551 0.6152482269503546 0.8577586206896551 0.6196808510638298 0.853448275862069 0.6196808510638298 0.8491379310344828 0.6161347517730497 0.8456896551724138
0 0.6090425531914894 0.8629310344827587 0.6019503546099291 0.8637931034482759 0.5975177304964538 0.8689655172413793 0.5975177304964538 0.8732758620689656 0.6028368794326241 0.8801724137931034 0.6108156028368794 0.8836206896551724 0.6161347517730497 0.881896551724138 0.6205673758865248 0.8758620689655172 0.6196808510638298 0.8672413793103448 0.6134751773049646 0.8629310344827587
0 0.6320921985815603 0.871551724137931 0.625 0.8767241379310344 0.62322695035461 0.8844827586206897 0.6329787234042553 0.8939655172413793 0.6436170212765957 0.8939655172413793 0.6480496453900709 0.8913793103448275 0.649822695035461 0.8827586206896552 0.6480496453900709 0.8775862068965518 0.6400709219858156 0.871551724137931
0 0.6294326241134752 0.8543103448275862 0.625 0.8577586206896551 0.6276595744680851 0.8672413793103448 0.6436170212765957 0.8646551724137931 0.6365248226950354 0.8543103448275862
0 0.649822695035461 0.8413793103448276 0.6427304964539007 0.8448275862068966 0.6436170212765957 0.8517241379310345 0.650709219858156 0.8560344827586207 0.6622340425531915 0.8551724137931035 0.6640070921985816 0.846551724137931 0.651595744680851 0.8413793103448276
0 0.6666666666666666 0.8732758620689656 0.6578014184397163 0.881896551724138 0.6569148936170213 0.8905172413793103 0.6684397163120568 0.9 0.6728723404255319 0.8991379310344828 0.6808510638297872 0.8879310344827587 0.6808510638297872 0.8801724137931034 0.6728723404255319 0.8732758620689656
0 0.6968085106382979 0.8629310344827587 0.6888297872340425 0.8672413793103448 0.6870567375886525 0.8741379310344828 0.6914893617021277 0.878448275862069 0.7030141843971631 0.8801724137931034 0.7074468085106383 0.8767241379310344 0.7083333333333334 0.8689655172413793 0.7056737588652482 0.8646551724137931 0.700354609929078 0.8629310344827587
0 0.6382978723404256 0.821551724137931 0.6329787234042553 0.8241379310344827 0.6320921985815603 0.8318965517241379 0.6400709219858156 0.8387931034482758 0.6462765957446809 0.8362068965517241 0.648936170212766 0.8318965517241379 0.6480496453900709 0.825 0.6427304964539007 0.821551724137931
0 0.6294326241134752 0.8379310344827586 0.62322695035461 0.8413793103448276 0.62322695035461 0.8482758620689655 0.62677304964539 0.85 0.6382978723404256 0.8482758620689655 0.6400709219858156 0.8413793103448276 0.6338652482269503 0.8379310344827586
0 0.624113475177305 0.803448275862069 0.6196808510638298 0.8060344827586207 0.6205673758865248 0.8103448275862069 0.624113475177305 0.8155172413793104 0.6294326241134752 0.8172413793103448 0.6320921985815603 0.8068965517241379 0.6276595744680851 0.803448275862069
0 0.6046099290780141 0.8008620689655173 0.601063829787234 0.803448275862069 0.601063829787234 0.8077586206896552 0.6054964539007093 0.8129310344827586 0.6099290780141844 0.8120689655172414 0.6143617021276596 0.8068965517241379 0.6090425531914894 0.8008620689655173
0 0.6382978723404256 0.7905172413793103 0.6356382978723404 0.7948275862068965 0.6365248226950354 0.8 0.6436170212765957 0.8017241379310345 0.6462765957446809 0.7939655172413793 0.6427304964539007 0.7905172413793103
0 0.6595744680851063 0.8112068965517242 0.6542553191489362 0.8137931034482758 0.6542553191489362 0.821551724137931 0.6569148936170213 0.8258620689655173 0.6675531914893617 0.8275862068965517 0.6710992907801419 0.8172413793103448 0.6666666666666666 0.8112068965517242
0 0.6906028368794326 0.8051724137931034 0.6799645390070922 0.8129310344827586 0.6808510638297872 0.825 0.6888297872340425 0.8310344827586207 0.700354609929078 0.8293103448275863 0.7056737588652482 0.8206896551724138 0.7030141843971631 0.8112068965517242 0.6959219858156028 0.8051724137931034
0 0.7056737588652482 0.8379310344827586 0.6968085106382979 0.8379310344827586 0.6914893617021277 0.843103448275862 0.6932624113475178 0.853448275862069 0.6976950354609929 0.8568965517241379 0.7118794326241135 0.8577586206896551 0.7154255319148937 0.8551724137931035 0.7171985815602837 0.846551724137931 0.7101063829787234 0.8379310344827586
0 0.6728723404255319 0.853448275862069 0.6693262411347518 0.8551724137931035 0.6693262411347518 0.8663793103448276 0.6790780141843972 0.8689655172413793 0.6861702127659575 0.8612068965517241 0.6835106382978723 0.8560344827586207 0.6781914893617021 0.853448275862069
0 0.6941489361702128 0.8862068965517241 0.6888297872340425 0.8870689655172413 0.6843971631205674 0.8931034482758621 0.6852836879432624 0.9 0.6914893617021277 0.9043103448275862 0.699468085106383 0.9025862068965518 0.7039007092198581 0.8939655172413793 0.6968085106382979 0.8862068965517241
0 0.7464539007092199 0.875 0.7402482269503546 0.875 0.7358156028368794 0.878448275862069 0.7349290780141844 0.8905172413793103 0.7437943262411347 0.8991379310344828 0.7553191489361702 0.9017241379310345 0.7659574468085106 0.8939655172413793 0.7668439716312057 0.8887931034482759 0.7632978723404256 0.8810344827586207 0.7526595744680851 0.875
0 0.7287234042553191 0.9 0.724290780141844 0.9043103448275862 0.724290780141844 0.9112068965517242 0.7269503546099291 0.9155172413793103 0.7349290780141844 0.9163793103448276 0.7393617021276596 0.9129310344827586 0.7393617021276596 0.9043103448275862 0.7313829787234043 0.9
0 0.7092198581560284 0.8922413793103449 0.7056737588652482 0.8956896551724138 0.7047872340425532 0.906896551724138 0.7074468085106383 0.9112068965517242 0.7127659574468085 0.9120689655172414 0.7171985815602837 0.9094827586206896 0.7189716312056738 0.903448275862069 0.7101063829787234 0.8922413793103449
0 0.7163120567375887 0.8793103448275862 0.7101063829787234 0.8827586206896552 0.7109929078014184 0.8905172413793103 0.7163120567375887 0.8939655172413793 0.724290780141844 0.8939655172413793 0.7287234042553191 0.8870689655172413 0.7225177304964538 0.8793103448275862
0 0.7375886524822695 0.8310344827586207 0.7313829787234043 0.8336206896551724 0.7278368794326241 0.8405172413793104 0.7287234042553191 0.846551724137931 0.7375886524822695 0.853448275862069 0.7429078014184397 0.8517241379310345 0.7473404255319149 0.8362068965517241 0.7473404255319149 0.8336206896551724 0.7402482269503546 0.8310344827586207
0 0.723404255319149 0.8594827586206897 0.7163120567375887 0.8620689655172413 0.7163120567375887 0.8724137931034482 0.7278368794326241 0.875 0.7313829787234043 0.871551724137931 0.7313829787234043 0.8646551724137931 0.724290780141844 0.8594827586206897
0 0.7473404255319149 0.7931034482758621 0.7402482269503546 0.7939655172413793 0.7349290780141844 0.8 0.7367021276595744 0.8137931034482758 0.7429078014184397 0.8198275862068966 0.75177304964539 0.8189655172413793 0.7597517730496454 0.8120689655172414 0.7597517730496454 0.7991379310344827 0.75177304964539 0.7931034482758621
0 0.7154255319148937 0.7956896551724137 0.7092198581560284 0.8 0.7109929078014184 0.8086206896551724 0.7154255319148937 0.8112068965517242 0.7225177304964538 0.8068965517241379 0.7225177304964538 0.7991379310344827 0.7189716312056738 0.7956896551724137
0 0.6959219858156028 0.7853448275862069 0.6941489361702128 0.7948275862068965 0.6968085106382979 0.7982758620689655 0.7012411347517731 0.7982758620689655 0.7065602836879432 0.7939655172413793 0.7083333333333334 0.7896551724137931 0.7039007092198581 0.7853448275862069
0 0.6950354609929078 0.7629310344827587 0.6906028368794326 0.7663793103448275 0.6906028368794326 0.7724137931034483 0.6976950354609929 0.7775862068965518 0.7030141843971631 0.7741379310344828 0.7039007092198581 0.7672413793103449 0.6968085106382979 0.7629310344827587
0 0.7269503546099291 0.7586206896551724 0.7198581560283688 0.7594827586206897 0.7145390070921985 0.7655172413793103 0.7154255319148937 0.7801724137931034 0.7216312056737588 0.7853448275862069 0.7340425531914894 0.7844827586206896 0.7411347517730497 0.778448275862069 0.7420212765957447 0.7681034482758621 0.7313829787234043 0.7586206896551724
0 0.7021276595744681 0.7353448275862069 0.6950354609929078 0.7422413793103448 0.6950354609929078 0.75 0.6985815602836879 0.7551724137931034 0.7030141843971631 0.7560344827586207 0.7101063829787234 0.7551724137931034 0.7154255319148937 0.75 0.7154255319148937 0.7405172413793103 0.7101063829787234 0.7353448275862069
0 0.7845744680851063 0.7836206896551724 0.7774822695035462 0.7870689655172414 0.7721631205673759 0.7982758620689655 0.773936170212766 0.8068965517241379 0.7828014184397163 0.8120689655172414 0.7898936170212766 0.8112068965517242 0.7969858156028369 0.803448275862069 0.7969858156028369 0.7905172413793103 0.7890070921985816 0.7836206896551724
0 0.7641843971631206 0.771551724137931 0.7553191489361702 0.7767241379310345 0.7562056737588653 0.7844827586206896 0.7659574468085106 0.7844827586206896 0.7712765957446809 0.7810344827586206 0.7730496453900709 0.775 0.7668439716312057 0.771551724137931
0 0.7553191489361702 0.746551724137931 0.74822695035461 0.753448275862069 0.749113475177305 0.7603448275862069 0.7544326241134752 0.7646551724137931 0.7668439716312057 0.7603448275862069 0.7668439716312057 0.7508620689655172 0.7588652482269503 0.746551724137931
0 0.7322695035460993 0.7327586206896551 0.726063829787234 0.7396551724137931 0.7304964539007093 0.75 0.7402482269503546 0.7482758620689656 0.7429078014184397 0.743103448275862 0.7411347517730497 0.7362068965517241 0.7358156028368794 0.7327586206896551
0 0.7615248226950354 0.7017241379310345 0.75 0.7077586206896552 0.749113475177305 0.7258620689655172 0.7553191489361702 0.7362068965517241 0.7721631205673759 0.7405172413793103 0.7828014184397163 0.7353448275862069 0.7872340425531915 0.7198275862068966 0.774822695035461 0.7043103448275863 0.7668439716312057 0.7017241379310345
0 0.7956560283687943 0.6758620689655173 0.7828014184397163 0.678448275862069 0.7783687943262412 0.6844827586206896 0.7792553191489362 0.6956896551724138 0.7925531914893617 0.7034482758620689 0.8031914893617021 0.7008620689655173 0.8085106382978723 0.6939655172413793 0.8085106382978723 0.6836206896551724 0.8014184397163121 0.6758620689655173
0 0.8129432624113475 0.7094827586206897 0.8058510638297872 0.7120689655172414 0.799645390070922 0.721551724137931 0.8014184397163121 0.7336206896551725 0.8093971631205674 0.7405172413793103 0.8235815602836879 0.7396551724137931 0.8306737588652482 0.7293103448275862 0.8289007092198581 0.7163793103448276 0.8182624113475178 0.7094827586206897
0 0.7872340425531915 0.7448275862068966 0.776595744680851 0.7517241379310344 0.7774822695035462 0.7655172413793103 0.7845744680851063 0.7732758620689655 0.7969858156028369 0.775 0.8040780141843972 0.7655172413793103 0.8040780141843972 0.7543103448275862 0.799645390070922 0.7482758620689656 0.7898936170212766 0.7448275862068966
0 0.7411347517730497 0.6672413793103448 0.7358156028368794 0.6775862068965517 0.7393617021276596 0.6862068965517242 0.749113475177305 0.6922413793103448 0.7579787234042553 0.6913793103448276 0.7641843971631206 0.6853448275862069 0.7641843971631206 0.678448275862069 0.7570921985815603 0.6698275862068965 0.750886524822695 0.6706896551724137 0.7446808510638298 0.6672413793103448
0 0.7686170212765957 0.8146551724137931 0.7579787234042553 0.825 0.7579787234042553 0.8310344827586207 0.7615248226950354 0.8344827586206897 0.7677304964539007 0.8344827586206897 0.7730496453900709 0.8275862068965517 0.774822695035461 0.8206896551724138 0.7695035460992907 0.8155172413793104
0 0.7783687943262412 0.8396551724137931 0.7721631205673759 0.8482758620689655 0.7774822695035462 0.8560344827586207 0.7828014184397163 0.8551724137931035 0.7863475177304965 0.8491379310344828 0.7854609929078015 0.8439655172413794 0.7801418439716312 0.8396551724137931
0 0.7437943262411347 0.8586206896551725 0.7420212765957447 0.8672413793103448 0.7446808510638298 0.8706896551724138 0.75177304964539 0.868103448275862 0.7535460992907801 0.8637931034482759 0.7464539007092199 0.8586206896551725
0 0.7890070921985816 0.8594827586206897 0.7845744680851063 0.8612068965517241 0.7836879432624113 0.8698275862068966 0.7898936170212766 0.8741379310344828 0.7969858156028369 0.8732758620689656 0.7987588652482269 0.8698275862068966 0.7987588652482269 0.8620689655172413 0.7952127659574468 0.8594827586206897
0 0.7810283687943262 0.8775862068965518 0.773936170212766 0.8853448275862069 0.7783687943262412 0.8922413793103449 0.7854609929078015 0.8922413793103449 0.7898936170212766 0.8879310344827587 0.7890070921985816 0.881896551724138 0.7828014184397163 0.8775862068965518
0 0.800531914893617 0.878448275862069 0.7969858156028369 0.8827586206896552 0.7969858156028369 0.8879310344827587 0.799645390070922 0.8913793103448275 0.8076241134751773 0.8922413793103449 0.8129432624113475 0.8862068965517241 0.8111702127659575 0.8810344827586207 0.8067375886524822 0.878448275862069
0 0.7929964539007093 0.9129310344827586 0.7845744680851063 0.9137931034482759 0.7801418439716312 0.9181034482758621 0.7783687943262412 0.9318965517241379 0.7836879432624113 0.9362068965517242 0.7925531914893617 0.9362068965517242 0.8014184397163121 0.9310344827586207 0.8040780141843972 0.9189655172413793 0.7987588652482269 0.9129310344827586
0 0.7610815602836879 0.9077586206896552 0.7535460992907801 0.9086206896551724 0.74822695035461 0.9137931034482759 0.74822695035461 0.925 0.7544326241134752 0.9318965517241379 0.7686170212765957 0.9301724137931034 0.7721631205673759 0.9258620689655173 0.7730496453900709 0.9146551724137931 0.7659574468085106 0.9077586206896552
0 0.8209219858156028 0.8982758620689655 0.8085106382978723 0.903448275862069 0.8102836879432624 0.9146551724137931 0.8226950354609929 0.9172413793103448 0.8289007092198581 0.9146551724137931 0.8306737588652482 0.903448275862069 0.824468085106383 0.8982758620689655
0 0.8164893617021277 0.8543103448275862 0.8102836879432624 0.8568965517241379 0.8076241134751773 0.8612068965517241 0.8085106382978723 0.8698275862068966 0.8138297872340425 0.8741379310344828 0.8235815602836879 0.8741379310344828 0.8289007092198581 0.8689655172413793 0.8297872340425532 0.8612068965517241 0.824468085106383 0.8543103448275862
0 0.8191489361702128 0.8301724137931035 0.8120567375886525 0.8327586206896552 0.8102836879432624 0.8362068965517241 0.8129432624113475 0.843103448275862 0.8182624113475178 0.846551724137931 0.8235815602836879 0.846551724137931 0.8271276595744681 0.8413793103448276 0.8271276595744681 0.8353448275862069 0.8226950354609929 0.8301724137931035
0 0.8173758865248227 0.8008620689655173 0.8120567375886525 0.8043103448275862 0.8076241134751773 0.8137931034482758 0.8120567375886525 0.8206896551724138 0.8200354609929078 0.8198275862068966 0.8262411347517731 0.8146551724137931 0.8289007092198581 0.8060344827586207 0.824468085106383 0.8008620689655173
0 0.7934397163120568 0.8198275862068966 0.7854609929078015 0.8241379310344827 0.7863475177304965 0.8310344827586207 0.7916666666666666 0.8344827586206897 0.7960992907801419 0.8336206896551724 0.800531914893617 0.8284482758620689 0.800531914893617 0.8241379310344827 0.7943262411347518 0.8198275862068966
0 0.8111702127659575 0.7767241379310345 0.8067375886524822 0.7793103448275862 0.8049645390070922 0.7862068965517242 0.8129432624113475 0.7931034482758621 0.8209219858156028 0.7896551724137931 0.8226950354609929 0.7862068965517242 0.8218085106382979 0.7793103448275862 0.8173758865248227 0.7767241379310345
0 0.8226950354609929 0.7482758620689656 0.8156028368794326 0.753448275862069 0.8164893617021277 0.7655172413793103 0.8226950354609929 0.771551724137931 0.8324468085106383 0.7724137931034483 0.8395390070921985 0.7681034482758621 0.8404255319148937 0.7586206896551724 0.8359929078014184 0.7525862068965518 0.8271276595744681 0.7482758620689656
0 0.8439716312056738 0.7767241379310345 0.8359929078014184 0.778448275862069 0.8333333333333334 0.7844827586206896 0.8324468085106383 0.7931034482758621 0.8395390070921985 0.8025862068965517 0.850177304964539 0.8025862068965517 0.8590425531914894 0.7948275862068965 0.8581560283687943 0.7827586206896552 0.848404255319149 0.7767241379310345
0 0.8448581560283688 0.8112068965517242 0.8351063829787234 0.8198275862068966 0.8351063829787234 0.8275862068965517 0.8430851063829787 0.8344827586206897 0.8519503546099291 0.8327586206896552 0.8572695035460993 0.8241379310344827 0.8554964539007093 0.8155172413793104 0.849290780141844 0.8112068965517242
0 0.8457446808510638 0.843103448275862 0.8359929078014184 0.846551724137931 0.8359929078014184 0.8543103448275862 0.8421985815602837 0.8603448275862069 0.851063829787234 0.8594827586206897 0.8554964539007093 0.8560344827586207 0.8563829787234043 0.8474137931034482 0.8519503546099291 0.843103448275862
0 0.8377659574468085 0.8689655172413793 0.8333333333333334 0.8741379310344828 0.8333333333333334 0.878448275862069 0.8368794326241135 0.881896551724138 0.8457446808510638 0.881896551724138 0.848404255319149 0.8793103448275862 0.849290780141844 0.8724137931034482 0.8448581560283688 0.8689655172413793
0 0.8218085106382979 0.8810344827586207 0.8173758865248227 0.8836206896551724 0.8164893617021277 0.8905172413793103 0.8280141843971631 0.8948275862068965 0.8306737588652482 0.8896551724137931 0.8297872340425532 0.8836206896551724 0.8262411347517731 0.8810344827586207
0 0.8448581560283688 0.8887931034482759 0.8368794326241135 0.8948275862068965 0.8413120567375887 0.9017241379310345 0.8537234042553191 0.896551724137931 0.8546099290780141 0.8922413793103449 0.8519503546099291 0.8887931034482759
0 0.848404255319149 0.9077586206896552 0.8377659574468085 0.9181034482758621 0.8395390070921985 0.9301724137931034 0.8466312056737588 0.9336206896551724 0.8537234042553191 0.9327586206896552 0.8625886524822695 0.925 0.8634751773049646 0.9146551724137931 0.8563829787234043 0.9077586206896552
0 0.8820921985815603 0.9086206896551724 0.87677304964539 0.9103448275862069 0.8714539007092199 0.9181034482758621 0.8714539007092199 0.9258620689655173 0.8776595744680851 0.9327586206896552 0.8874113475177305 0.9318965517241379 0.8936170212765957 0.9224137931034483 0.8927304964539007 0.9137931034482759 0.8847517730496454 0.9086206896551724
0 0.8661347517730497 0.8931034482758621 0.8634751773049646 0.9008620689655172 0.8687943262411347 0.9060344827586206 0.874113475177305 0.9017241379310345 0.8723404255319149 0.8931034482758621
0 0.8634751773049646 0.8758620689655172 0.8572695035460993 0.8810344827586207 0.8599290780141844 0.8870689655172413 0.8679078014184397 0.8853448275862069 0.8696808510638298 0.8793103448275862 0.8661347517730497 0.8758620689655172
0 0.8812056737588653 0.8767241379310344 0.875 0.8836206896551724 0.8785460992907801 0.8905172413793103 0.8820921985815603 0.8913793103448275 0.8918439716312057 0.8862068965517241 0.8900709219858156 0.8793103448275862 0.8856382978723404 0.8767241379310344
0 0.9042553191489362 0.8827586206896552 0.899822695035461 0.8862068965517241 0.898936170212766 0.8931034482758621 0.9069148936170213 0.9008620689655172 0.9140070921985816 0.9 0.9210992907801419 0.8939655172413793 0.9210992907801419 0.8896551724137931 0.9095744680851063 0.8827586206896552
0 0.9290780141843972 0.9172413793103448 0.9202127659574468 0.9224137931034483 0.9202127659574468 0.9344827586206896 0.9264184397163121 0.9396551724137931 0.9361702127659575 0.9422413793103448 0.9423758865248227 0.9353448275862069 0.9432624113475178 0.925 0.9397163120567376 0.9198275862068965 0.9335106382978723 0.9172413793103448
0 0.9078014184397163 0.9198275862068965 0.899822695035461 0.925 0.898936170212766 0.9318965517241379 0.9033687943262412 0.9362068965517242 0.9122340425531915 0.9353448275862069 0.9140070921985816 0.9232758620689655 0.9104609929078015 0.9198275862068965
0 0.8745567375886525 0.8577586206896551 0.8696808510638298 0.8577586206896551 0.8670212765957447 0.8612068965517241 0.8670212765957447 0.8689655172413793 0.8696808510638298 0.871551724137931 0.8803191489361702 0.8689655172413793 0.8820921985815603 0.8603448275862069 0.8794326241134752 0.8577586206896551
0 0.8962765957446809 0.8612068965517241 0.8918439716312057 0.8637931034482759 0.8909574468085106 0.8706896551724138 0.8936170212765957 0.875 0.900709219858156 0.8767241379310344 0.9069148936170213 0.8732758620689656 0.9069148936170213 0.8663793103448276 0.898936170212766 0.8612068965517241
0 0.875886524822695 0.8293103448275863 0.8687943262411347 0.8301724137931035 0.8670212765957447 0.8327586206896552 0.8679078014184397 0.843103448275862 0.8723404255319149 0.846551724137931 0.8803191489361702 0.8456896551724138 0.8838652482269503 0.8405172413793104 0.8838652482269503 0.8336206896551724 0.8803191489361702 0.8293103448275863
0 0.8945035460992907 0.8456896551724138 0.8891843971631206 0.85 0.8891843971631206 0.8543103448275862 0.8936170212765957 0.8568965517241379 0.899822695035461 0.853448275862069 0.900709219858156 0.8482758620689655 0.8971631205673759 0.8456896551724138
0 0.9042553191489362 0.8103448275862069 0.8945035460992907 0.8198275862068966 0.8953900709219859 0.8301724137931035 0.9042553191489362 0.8396551724137931 0.9148936170212766 0.8370689655172414 0.9219858156028369 0.8258620689655173 0.9210992907801419 0.8163793103448276 0.9113475177304965 0.8103448275862069
0 0.8723404255319149 0.7965517241379311 0.8652482269503546 0.8017241379310345 0.8652482269503546 0.8120689655172414 0.8687943262411347 0.8181034482758621 0.8803191489361702 0.8189655172413793 0.8874113475177305 0.8120689655172414 0.8882978723404256 0.8060344827586207 0.8776595744680851 0.7965517241379311
0 0.901595744680851 0.781896551724138 0.8953900709219859 0.7853448275862069 0.8945035460992907 0.7948275862068965 0.8980496453900709 0.8008620689655173 0.9086879432624113 0.8025862068965517 0.9148936170212766 0.7982758620689655 0.9166666666666666 0.7896551724137931 0.9131205673758865 0.7844827586206896 0.9060283687943262 0.781896551724138
0 0.8794326241134752 0.7767241379310345 0.8714539007092199 0.781896551724138 0.8714539007092199 0.7870689655172414 0.875 0.7905172413793103 0.8812056737588653 0.7896551724137931 0.8847517730496454 0.7853448275862069 0.8847517730496454 0.7801724137931034 0.8803191489361702 0.7775862068965518
0 0.8971631205673759 0.7577586206896552 0.8900709219858156 0.7594827586206897 0.8874113475177305 0.7646551724137931 0.8874113475177305 0.771551724137931 0.8936170212765957 0.7767241379310345 0.900709219858156 0.7741379310344828 0.9033687943262412 0.7689655172413793 0.9024822695035462 0.7612068965517241 0.8980496453900709 0.7586206896551724
0 0.8665780141843972 0.7422413793103448 0.8519503546099291 0.7448275862068966 0.8475177304964538 0.7525862068965518 0.850177304964539 0.7646551724137931 0.8572695035460993 0.7698275862068965 0.8705673758865248 0.7698275862068965 0.8794326241134752 0.7637931034482759 0.8812056737588653 0.7517241379310344 0.8723404255319149 0.7422413793103448
0 0.8617021276595744 0.7034482758620689 0.8519503546099291 0.7051724137931035 0.8466312056737588 0.7146551724137931 0.848404255319149 0.728448275862069 0.8581560283687943 0.7336206896551725 0.8723404255319149 0.7310344827586207 0.8803191489361702 0.721551724137931 0.8794326241134752 0.7112068965517241 0.874113475177305 0.7051724137931035 0.8679078014184397 0.7034482758620689
0 0.8413120567375887 0.7336206896551725 0.8351063829787234 0.7413793103448276 0.8377659574468085 0.7491379310344828 0.8413120567375887 0.7491379310344828 0.848404255319149 0.7405172413793103 0.849290780141844 0.7370689655172413 0.8439716312056738 0.7336206896551725
0 0.8342198581560284 0.6698275862068965 0.8235815602836879 0.675 0.8226950354609929 0.6836206896551724 0.8271276595744681 0.6956896551724138 0.8315602836879432 0.7 0.8421985815602837 0.7008620689655173 0.848404255319149 0.6939655172413793 0.851063829787234 0.6810344827586207 0.8457446808510638 0.6741379310344827 0.8351063829787234 0.6698275862068965
0 0.825354609929078 0.6362068965517241 0.8200354609929078 0.6379310344827587 0.8164893617021277 0.6439655172413793 0.8173758865248227 0.653448275862069 0.824468085106383 0.6612068965517242 0.8324468085106383 0.6594827586206896 0.8395390070921985 0.6508620689655172 0.8368794326241135 0.6396551724137931 0.8306737588652482 0.6362068965517241
0 0.7890070921985816 0.6267241379310344 0.7792553191489362 0.6293103448275862 0.7703900709219859 0.6396551724137931 0.7721631205673759 0.6560344827586206 0.775709219858156 0.6620689655172414 0.7819148936170213 0.6646551724137931 0.7934397163120568 0.6646551724137931 0.800531914893617 0.6577586206896552 0.8023049645390071 0.6362068965517241 0.7916666666666666 0.6293103448275862
0 0.8076241134751773 0.6594827586206896 0.8031914893617021 0.6681034482758621 0.8067375886524822 0.6732758620689655 0.8138297872340425 0.675 0.8182624113475178 0.6715517241379311 0.8182624113475178 0.6681034482758621 0.8102836879432624 0.6594827586206896
0 0.7974290780141844 0.593103448275862 0.7872340425531915 0.596551724137931 0.7828014184397163 0.6051724137931035 0.7863475177304965 0.6163793103448276 0.7925531914893617 0.6206896551724138 0.8023049645390071 0.6198275862068966 0.8085106382978723 0.6146551724137931 0.8093971631205674 0.6 0.8023049645390071 0.593103448275862
0 0.8306737588652482 0.6017241379310345 0.8235815602836879 0.6068965517241379 0.8226950354609929 0.6129310344827587 0.8262411347517731 0.6258620689655172 0.8342198581560284 0.6301724137931034 0.8404255319148937 0.628448275862069 0.8466312056737588 0.618103448275862 0.8457446808510638 0.6060344827586207 0.8377659574468085 0.6017241379310345
0 0.8643617021276596 0.6146551724137931 0.8572695035460993 0.6189655172413793 0.8563829787234043 0.6258620689655172 0.8590425531914894 0.6344827586206897 0.8679078014184397 0.6379310344827587 0.87322695035461 0.631896551724138 0.87322695035461 0.6224137931034482 0.8661347517730497 0.6146551724137931
0 0.8554964539007093 0.6431034482758621 0.851063829787234 0.6474137931034483 0.851063829787234 0.6577586206896552 0.8546099290780141 0.6655172413793103 0.8634751773049646 0.6681034482758621 0.8670212765957447 0.6663793103448276 0.8723404255319149 0.653448275862069 0.8687943262411347 0.6474137931034483 0.8590425531914894 0.6431034482758621
0 0.8971631205673759 0.6241379310344828 0.8891843971631206 0.6310344827586207 0.8874113475177305 0.6362068965517241 0.8882978723404256 0.6422413793103449 0.8936170212765957 0.6482758620689655 0.901595744680851 0.6482758620689655 0.9104609929078015 0.6413793103448275 0.9104609929078015 0.6327586206896552 0.9024822695035462 0.6241379310344828
0 0.9166666666666666 0.6663793103448276 0.9060283687943262 0.6724137931034483 0.901595744680851 0.6887931034482758 0.9051418439716312 0.6991379310344827 0.9175531914893617 0.7077586206896552 0.9299645390070922 0.7034482758620689 0.9361702127659575 0.696551724137931 0.9352836879432624 0.6741379310344827 0.9237588652482269 0.6663793103448276
0 0.9299645390070922 0.6301724137931034 0.9210992907801419 0.6344827586206897 0.9184397163120568 0.646551724137931 0.9237588652482269 0.6560344827586206 0.9361702127659575 0.6594827586206896 0.9441489361702128 0.6551724137931034 0.9459219858156028 0.646551724137931 0.9397163120567376 0.6353448275862069 0.9326241134751773 0.6301724137931034
0 0.9414893617021277 0.5853448275862069 0.9273049645390071 0.5939655172413794 0.924645390070922 0.6043103448275862 0.9281914893617021 0.6146551724137931 0.9352836879432624 0.6224137931034482 0.949468085106383 0.625 0.9618794326241135 0.6189655172413793 0.9654255319148937 0.5982758620689655 0.9574468085106383 0.5896551724137931 0.9476950354609929 0.5853448275862069
0 0.9556737588652482 0.6974137931034483 0.9441489361702128 0.7034482758620689 0.9379432624113475 0.7155172413793104 0.9379432624113475 0.7258620689655172 0.9468085106382979 0.7379310344827587 0.9574468085106383 0.7413793103448276 0.9689716312056738 0.7413793103448276 0.976063829787234 0.7370689655172413 0.9813829787234043 0.7275862068965517 0.9822695035460993 0.7129310344827586 0.976063829787234 0.7025862068965517 0.9636524822695035 0.6974137931034483
0 0.9202127659574468 0.7577586206896552 0.9140070921985816 0.7620689655172413 0.9122340425531915 0.7681034482758621 0.9140070921985816 0.775 0.9202127659574468 0.7810344827586206 0.9343971631205674 0.7801724137931034 0.9397163120567376 0.775 0.9388297872340425 0.7646551724137931 0.9281914893617021 0.7577586206896552
0 0.9663120567375887 0.7525862068965518 0.9601063829787234 0.7543103448275862 0.9521276595744681 0.7637931034482759 0.9521276595744681 0.7741379310344828 0.9592198581560284 0.7827586206896552 0.9689716312056738 0.7827586206896552 0.9804964539007093 0.7741379310344828 0.9831560283687943 0.7612068965517241 0.973404255319149 0.7525862068965518
0 0.9441489361702128 0.7887931034482759 0.9299645390070922 0.7948275862068965 0.9273049645390071 0.7991379310344827 0.9264184397163121 0.8103448275862069 0.9352836879432624 0.8198275862068966 0.9441489361702128 0.8198275862068966 0.9547872340425532 0.8103448275862069 0.9565602836879432 0.7991379310344827 0.949468085106383 0.7887931034482759
0 0.9636524822695035 0.8198275862068966 0.9539007092198581 0.8267241379310345 0.9530141843971631 0.8387931034482758 0.9627659574468085 0.8482758620689655 0.974290780141844 0.8482758620689655 0.9822695035460993 0.8405172413793104 0.9822695035460993 0.8310344827586207 0.975177304964539 0.8224137931034483 0.9671985815602837 0.8198275862068966
0 0.9175531914893617 0.846551724137931 0.9104609929078015 0.8482758620689655 0.9095744680851063 0.8508620689655172 0.9095744680851063 0.8586206896551725 0.9166666666666666 0.8629310344827587 0.9237588652482269 0.8620689655172413 0.9273049645390071 0.8586206896551725 0.9281914893617021 0.8491379310344828 0.9237588652482269 0.846551724137931
0 0.9485815602836879 0.8508620689655172 0.9423758865248227 0.8551724137931035 0.9397163120567376 0.8655172413793103 0.9432624113475178 0.8706896551724138 0.9530141843971631 0.8732758620689656 0.9601063829787234 0.8698275862068966 0.9627659574468085 0.8594827586206897 0.9609929078014184 0.8551724137931035 0.9521276595744681 0.8508620689655172
0 0.9410460992907801 0.878448275862069 0.9361702127659575 0.878448275862069 0.9290780141843972 0.8836206896551724 0.9317375886524822 0.8931034482758621 0.9432624113475178 0.8939655172413793 0.9485815602836879 0.8896551724137931 0.949468085106383 0.881896551724138 0.9459219858156028 0.878448275862069
0 0.9343971631205674 0.8293103448275863 0.9299645390070922 0.8370689655172414 0.9317375886524822 0.8405172413793104 0.9388297872340425 0.843103448275862 0.9423758865248227 0.843103448275862 0.9450354609929078 0.8379310344827586 0.9423758865248227 0.8293103448275863
0 0.9645390070921985 0.8775862068965518 0.9583333333333334 0.881896551724138 0.9583333333333334 0.8896551724137931 0.9636524822695035 0.896551724137931 0.9716312056737588 0.8991379310344828 0.9787234042553191 0.8956896551724138 0.9796099290780141 0.8870689655172413 0.9707446808510638 0.8775862068965518
0 0.9618794326241135 0.9060344827586206 0.9539007092198581 0.9112068965517242 0.9539007092198581 0.9163793103448276 0.9592198581560284 0.9224137931034483 0.9689716312056738 0.9215517241379311 0.974290780141844 0.9146551724137931 0.9725177304964538 0.9086206896551724 0.9654255319148937 0.9060344827586206
0 0.9943856382978723 0.9258620689655173 0.9849290780141844 0.9258620689655173 0.9778368794326241 0.9301724137931034 0.9769503546099291 0.9362068965517242 0.9840425531914894 0.9448275862068966 0.999113475177305 0.9448275862068966 0.999113475177305 0.9258620689655173
0 0.9902482269503546 0.9017241379310345 0.9840425531914894 0.903448275862069 0.9849290780141844 0.9129310344827586 0.9902482269503546 0.9172413793103448 0.999113475177305 0.9181034482758621 0.999113475177305 0.9025862068965518 0.9946808510638298 0.9017241379310345
0 0.9973404255319149 0.8724137931034482 0.9929078014184397 0.8741379310344828 0.9884751773049646 0.8810344827586207 0.9902482269503546 0.8896551724137931 0.9964539007092199 0.8931034482758621 0.999113475177305 0.8931034482758621 0.999113475177305 0.8724137931034482
0 0.9769503546099291 0.8568965517241379 0.9716312056737588 0.8603448275862069 0.9716312056737588 0.8698275862068966 0.976063829787234 0.8732758620689656 0.9822695035460993 0.8706896551724138 0.9849290780141844 0.8646551724137931 0.9831560283687943 0.8586206896551725 0.9778368794326241 0.8568965517241379
0 0.9609929078014184 0.9301724137931034 0.9556737588652482 0.9301724137931034 0.949468085106383 0.9353448275862069 0.9485815602836879 0.9396551724137931 0.9512411347517731 0.9431034482758621 0.9601063829787234 0.9422413793103448 0.9636524822695035 0.9448275862068966 0.9698581560283688 0.9387931034482758 0.9689716312056738 0.9318965517241379 0.9663120567375887 0.9301724137931034
0 0.9973404255319149 0.8120689655172414 0.9884751773049646 0.8172413793103448 0.9911347517730497 0.8301724137931035 0.9973404255319149 0.8336206896551724 0.999113475177305 0.8120689655172414
0 0.99822695035461 0.7741379310344828 0.9937943262411347 0.7775862068965518 0.9902482269503546 0.7862068965517242 0.9920212765957447 0.7956896551724137 0.9973404255319149 0.7991379310344827 0.999113475177305 0.7741379310344828
0 0.99822695035461 0.7275862068965517 0.9937943262411347 0.7318965517241379 0.9920212765957447 0.7387931034482759 0.9920212765957447 0.7482758620689656 0.99822695035461 0.7594827586206897 0.999113475177305 0.7275862068965517
0 0.9609929078014184 0.6594827586206896 0.9556737588652482 0.6612068965517242 0.9512411347517731 0.6672413793103448 0.9521276595744681 0.678448275862069 0.9592198581560284 0.6862068965517242 0.9716312056737588 0.6853448275862069 0.9769503546099291 0.678448275862069 0.976063829787234 0.6672413793103448 0.9671985815602837 0.6594827586206896
0 0.9937943262411347 0.6301724137931034 0.9858156028368794 0.6336206896551724 0.9831560283687943 0.6439655172413793 0.9893617021276596 0.6612068965517242 0.99822695035461 0.6637931034482759 0.999113475177305 0.6301724137931034
0 0.9973404255319149 0.6775862068965517 0.9893617021276596 0.6862068965517242 0.9893617021276596 0.6956896551724138 0.99822695035461 0.7094827586206897 0.999113475177305 0.6775862068965517
0 0.9920212765957447 0.5862068965517241 0.9787234042553191 0.5956896551724138 0.9769503546099291 0.6051724137931035 0.9787234042553191 0.6103448275862069 0.9858156028368794 0.6163793103448276 0.999113475177305 0.6206896551724138 0.999113475177305 0.5870689655172414 0.9955673758865248 0.5862068965517241
0 0.9601063829787234 0.6310344827586207 0.9565602836879432 0.6353448275862069 0.9565602836879432 0.6431034482758621 0.9609929078014184 0.6482758620689655 0.9680851063829787 0.6482758620689655 0.9725177304964538 0.6370689655172413 0.9654255319148937 0.6310344827586207
0 0.7393617021276596 0.6120689655172413 0.7269503546099291 0.6137931034482759 0.7171985815602837 0.6224137931034482 0.7198581560283688 0.6387931034482759 0.7287234042553191 0.6517241379310345 0.7420212765957447 0.6508620689655172 0.7535460992907801 0.6353448275862069 0.7535460992907801 0.6189655172413793 0.7437943262411347 0.6120689655172413
0 0.7686170212765957 0.5870689655172414 0.7588652482269503 0.5948275862068966 0.7579787234042553 0.6051724137931035 0.7632978723404256 0.6112068965517241 0.7695035460992907 0.6103448275862069 0.7774822695035462 0.5991379310344828 0.775709219858156 0.5913793103448276 0.7695035460992907 0.5879310344827586
0 0.7331560283687943 0.5775862068965517 0.7278368794326241 0.5810344827586207 0.7269503546099291 0.5956896551724138 0.7296099290780141 0.5991379310344828 0.7411347517730497 0.5991379310344828 0.749113475177305 0.5913793103448276 0.749113475177305 0.5844827586206897 0.7340425531914894 0.5775862068965517
0 0.648936170212766 0.5724137931034483 0.6453900709219859 0.5758620689655173 0.6462765957446809 0.5862068965517241 0.6533687943262412 0.5887931034482758 0.6622340425531915 0.5879310344827586 0.6622340425531915 0.5775862068965517 0.651595744680851 0.5724137931034483
0 0.601063829787234 0.6137931034482759 0.5904255319148937 0.6198275862068966 0.5930851063829787 0.6327586206896552 0.6019503546099291 0.6379310344827587 0.6099290780141844 0.6344827586206897 0.6143617021276596 0.6275862068965518 0.6134751773049646 0.6189655172413793 0.6072695035460993 0.6137931034482759
0 0.3962765957446808 0.2939655172413793 0.3900709219858156 0.2991379310344828 0.39095744680851063 0.3112068965517241 0.3945035460992908 0.3146551724137931 0.40070921985815605 0.3146551724137931 0.40425531914893614 0.30344827586206896 0.4024822695035461 0.296551724137931 0.3971631205673759 0.2939655172413793
0 0.13297872340425532 0.09224137931034483 0.13031914893617022 0.09482758620689655 0.13120567375886524 0.10172413793103448 0.1400709219858156 0.10517241379310345 0.1453900709219858 0.09913793103448276 0.1356382978723404 0.09224137931034483
0 0.1675531914893617 0.41206896551724137 0.15780141843971632 0.41551724137931034 0.15691489361702127 0.4189655172413793 0.16046099290780141 0.4241379310344828 0.16578014184397163 0.425 0.17287234042553193 0.4206896551724138 0.17287234042553193 0.4146551724137931 0.16843971631205673 0.41206896551724137
0 0.37943262411347517 0.7198275862068966 0.37322695035460995 0.7232758620689655 0.37145390070921985 0.7301724137931035 0.374113475177305 0.7370689655172413 0.3776595744680851 0.7387931034482759 0.3820921985815603 0.7387931034482759 0.38652482269503546 0.7275862068965517 0.3900709219858156 0.7275862068965517 0.3829787234042553 0.7198275862068966
0 0.8794326241134752 0.6767241379310345 0.8705673758865248 0.6793103448275862 0.8670212765957447 0.6853448275862069 0.8679078014184397 0.6905172413793104 0.87677304964539 0.6991379310344827 0.8856382978723404 0.6956896551724138 0.8874113475177305 0.6793103448275862 0.8838652482269503 0.6767241379310345
0 0.7189716312056738 0.4672413793103448 0.7163120567375887 0.4698275862068966 0.7180851063829787 0.4810344827586207 0.7198581560283688 0.4836206896551724 0.725177304964539 0.4836206896551724 0.7331560283687943 0.4810344827586207 0.7349290780141844 0.47672413793103446 0.724290780141844 0.4672413793103448
0 0.8359929078014184 0.5146551724137931 0.8280141843971631 0.5206896551724138 0.8289007092198581 0.5258620689655172 0.8351063829787234 0.5327586206896552 0.8404255319148937 0.5310344827586206 0.8457446808510638 0.525 0.8466312056737588 0.5189655172413793 0.8413120567375887 0.5146551724137931
0 0.8156028368794326 0.4689655172413793 0.8111702127659575 0.4724137931034483 0.8138297872340425 0.4827586206896552 0.8226950354609929 0.47758620689655173 0.8209219858156028 0.4689655172413793
0 0.8439716312056738 0.4818965517241379 0.8404255319148937 0.4836206896551724 0.8413120567375887 0.49051724137931035 0.8457446808510638 0.496551724137931 0.849290780141844 0.496551724137931 0.8519503546099291 0.4956896551724138 0.8537234042553191 0.48879310344827587 0.8466312056737588 0.4818965517241379
0 0.7375886524822695 0.44224137931034485 0.7331560283687943 0.44568965517241377 0.7375886524822695 0.4543103448275862 0.7411347517730497 0.4543103448275862 0.7455673758865248 0.44913793103448274 0.7420212765957447 0.44224137931034485
0 0.6533687943262412 0.3931034482758621 0.6471631205673759 0.4 0.650709219858156 0.41206896551724137 0.6604609929078015 0.4068965517241379 0.6631205673758865 0.4017241379310345 0.6604609929078015 0.3931034482758621
0 0.625 0.3732758620689655 0.6223404255319149 0.3758620689655172 0.6223404255319149 0.38362068965517243 0.62677304964539 0.3870689655172414 0.6312056737588653 0.38620689655172413 0.6338652482269503 0.38017241379310346 0.6329787234042553 0.375 0.6294326241134752 0.3732758620689655
0 0.5975177304964538 0.34655172413793106 0.5939716312056738 0.35258620689655173 0.5948581560283688 0.3612068965517241 0.6037234042553191 0.3594827586206897 0.6028368794326241 0.3482758620689655 0.599290780141844 0.34655172413793106
0 0.3102836879432624 0.2637931034482759 0.3058510638297872 0.2672413793103448 0.30230496453900707 0.27586206896551724 0.3049645390070922 0.2810344827586207 0.30939716312056736 0.2810344827586207 0.31560283687943264 0.27327586206896554 0.31560283687943264 0.2663793103448276 0.31117021276595747 0.2637931034482759
0 0.3820921985815603 0.6112068965517241 0.375886524822695 0.618103448275862 0.3803191489361702 0.6258620689655172 0.3882978723404255 0.6224137931034482 0.3882978723404255 0.6146551724137931 0.38386524822695034 0.6112068965517241
0 0.3625886524822695 0.6715517241379311 0.3546099290780142 0.675 0.3546099290780142 0.6862068965517242 0.3670212765957447 0.6827586206896552 0.36879432624113473 0.6741379310344827 0.36347517730496454 0.6715517241379311