0 0.5670611439842209 0.5594594594594594 0.5483234714003945 0.5657657657657658 0.5414201183431953 0.572972972972973 0.5414201183431953 0.581981981981982 0.5483234714003945 0.6081081081081081 0.5690335305719921 0.6171171171171171 0.5818540433925049 0.6153153153153154 0.5907297830374754 0.609009009009009 0.596646942800789 0.6027027027027027 0.5996055226824457 0.5936936936936937 0.5986193293885601 0.581081081081081 0.5927021696252466 0.5702702702702702 0.5749506903353058 0.5594594594594594
0 0.6272189349112426 0.5495495495495496 0.6153846153846154 0.5540540540540541 0.6045364891518737 0.5666666666666667 0.6055226824457594 0.581981981981982 0.6153846153846154 0.5927927927927928 0.6282051282051282 0.5927927927927928 0.636094674556213 0.5891891891891892 0.6469428007889546 0.5747747747747748 0.6469428007889546 0.5603603603603604 0.6341222879684418 0.5495495495495496
0 0.591715976331361 0.527027027027027 0.5828402366863905 0.5306306306306307 0.5749506903353058 0.5414414414414415 0.5749506903353058 0.5504504504504505 0.5808678500986193 0.5576576576576576 0.6025641025641025 0.5567567567567567 0.6025641025641025 0.5540540540540541 0.6134122287968442 0.5459459459459459 0.6104536489151874 0.5351351351351351 0.5936883629191322 0.527027027027027
0 0.6153846153846154 0.4936936936936937 0.6025641025641025 0.5009009009009009 0.5976331360946746 0.5162162162162162 0.6055226824457594 0.5261261261261261 0.6143984220907298 0.5297297297297298 0.6242603550295858 0.5297297297297298 0.6370808678500987 0.5225225225225225 0.6390532544378699 0.5072072072072072 0.6331360946745562 0.4990990990990991 0.6203155818540433 0.4936936936936937
0 0.6518737672583826 0.5198198198198198 0.6410256410256411 0.5261261261261261 0.6380670611439843 0.5387387387387388 0.6400394477317555 0.5477477477477477 0.6538461538461539 0.554954954954955 0.6676528599605522 0.5513513513513514 0.6755424063116371 0.5423423423423424 0.6755424063116371 0.5315315315315315 0.6607495069033531 0.5198198198198198
0 0.6952662721893491 0.5441441441441441 0.6794871794871795 0.5513513513513514 0.6775147928994083 0.5738738738738739 0.6814595660749507 0.5828828828828829 0.6952662721893491 0.5927927927927928 0.7100591715976331 0.5945945945945946 0.722879684418146 0.5882882882882883 0.7287968441814595 0.5693693693693693 0.7218934911242604 0.5531531531531532 0.703155818540434 0.5441441441441441
0 0.752465483234714 0.5702702702702702 0.73767258382643 0.5774774774774775 0.7337278106508875 0.5918918918918918 0.7406311637080868 0.6072072072072072 0.7633136094674556 0.6126126126126126 0.7830374753451677 0.6018018018018018 0.7840236686390533 0.590990990990991 0.7800788954635108 0.5801801801801801 0.7613412228796844 0.5702702702702702
0 0.7652859960552268 0.5342342342342342 0.7534516765285996 0.5414414414414415 0.752465483234714 0.5567567567567567 0.7613412228796844 0.5648648648648649 0.782051282051282 0.5693693693693693 0.7958579881656804 0.5621621621621622 0.7988165680473372 0.5567567567567567 0.7909270216962525 0.5414414414414415 0.7741617357001972 0.5342342342342342
0 0.7199211045364892 0.509009009009009 0.7061143984220908 0.5171171171171172 0.703155818540434 0.5324324324324324 0.7130177514792899 0.5441441441441441 0.727810650887574 0.5486486486486486 0.7406311637080868 0.5441441441441441 0.7445759368836292 0.5387387387387388 0.7465483234714004 0.527027027027027 0.7435897435897436 0.5198198198198198 0.7347140039447732 0.5117117117117117 0.7248520710059172 0.509009009009009
0 0.6760355029585798 0.4891891891891892 0.6676528599605522 0.4900900900900901 0.6637080867850098 0.4945945945945946 0.6637080867850098 0.509009009009009 0.6715976331360947 0.5225225225225225 0.6863905325443787 0.5243243243243243 0.6972386587771203 0.5198198198198198 0.6992110453648915 0.5036036036036036 0.6932938856015779 0.4945945945945946 0.6814595660749507 0.4891891891891892
0 0.6351084812623274 0.45585585585585586 0.6193293885601578 0.4657657657657658 0.6173570019723866 0.47477477477477475 0.6203155818540433 0.4837837837837838 0.626232741617357 0.4900900900900901 0.6449704142011834 0.4963963963963964 0.6548323471400395 0.4918918918918919 0.6617357001972387 0.4783783783783784 0.6617357001972387 0.4711711711711712 0.6548323471400395 0.46216216216216216 0.6410256410256411 0.45585585585585586
0 0.5739644970414202 0.47387387387387386 0.5631163708086785 0.48018018018018016 0.5601577909270217 0.49099099099099097 0.5700197238658777 0.5054054054054054 0.5818540433925049 0.5072072072072072 0.591715976331361 0.5045045045045045 0.6005917159763313 0.49099099099099097 0.596646942800789 0.48018018018018016 0.5808678500986193 0.47387387387387386
0 0.5493096646942801 0.5054054054054054 0.5424063116370809 0.5072072072072072 0.5355029585798816 0.5144144144144144 0.534516765285996 0.5252252252252252 0.5384615384615384 0.5369369369369369 0.5424063116370809 0.5396396396396397 0.5660749506903353 0.5351351351351351 0.5749506903353058 0.527027027027027 0.5739644970414202 0.5144144144144144 0.5710059171597633 0.5108108108108108 0.5502958579881657 0.5054054054054054
0 0.5226824457593688 0.5405405405405406 0.5138067061143984 0.545045045045045 0.5069033530571992 0.554954954954955 0.5078895463510849 0.5648648648648649 0.514792899408284 0.5711711711711712 0.5325443786982249 0.5702702702702702 0.5404339250493096 0.5567567567567567 0.5374753451676528 0.5459459459459459 0.5276134122287969 0.5405405405405406
0 0.490138067061144 0.5738738738738739 0.47337278106508873 0.5783783783783784 0.46548323471400394 0.5855855855855856 0.45759368836291914 0.6 0.45857988165680474 0.6171171171171171 0.47633136094674555 0.6270270270270271 0.490138067061144 0.6270270270270271 0.5088757396449705 0.6108108108108108 0.5088757396449705 0.581981981981982 0.5059171597633136 0.5774774774774775 0.4960552268244576 0.5738738738738739
0 0.5157790927021696 0.6270270270270271 0.5 0.636936936936937 0.4940828402366864 0.6477477477477478 0.4960552268244576 0.6684684684684684 0.5029585798816568 0.6747747747747748 0.5157790927021696 0.6783783783783783 0.5305719921104537 0.6765765765765765 0.5414201183431953 0.6666666666666666 0.5414201183431953 0.6531531531531531 0.5374753451676528 0.6423423423423423 0.5325443786982249 0.6315315315315315 0.52465483234714 0.6270270270270271
0 0.5483234714003945 0.618018018018018 0.5404339250493096 0.6261261261261262 0.5404339250493096 0.6342342342342342 0.5473372781065089 0.6504504504504505 0.5522682445759369 0.654054054054054 0.5611439842209073 0.654054054054054 0.571992110453649 0.6441441441441441 0.5729783037475346 0.6297297297297297 0.5690335305719921 0.6225225225225225 0.5562130177514792 0.618018018018018
0 0.6193293885601578 0.5990990990990991 0.6015779092702169 0.609009009009009 0.5976331360946746 0.6162162162162163 0.596646942800789 0.6306306306306306 0.6094674556213018 0.6441441441441441 0.626232741617357 0.6423423423423423 0.6390532544378699 0.6261261261261262 0.631163708086785 0.6054054054054054 0.6232741617357002 0.5990990990990991
0 0.6627218934911243 0.6315315315315315 0.645956607495069 0.6360360360360361 0.6321499013806706 0.6513513513513514 0.6301775147928994 0.6675675675675675 0.6429980276134122 0.6801801801801802 0.6568047337278107 0.6801801801801802 0.6666666666666666 0.6765765765765765 0.6755424063116371 0.6648648648648648 0.6785009861932939 0.6459459459459459 0.6745562130177515 0.636936936936937 0.6676528599605522 0.6315315315315315
0 0.6045364891518737 0.663963963963964 0.5877712031558185 0.6720720720720721 0.5828402366863905 0.6801801801801802 0.5808678500986193 0.6954954954954955 0.5897435897435898 0.7063063063063063 0.6015779092702169 0.7072072072072072 0.6094674556213018 0.7036036036036036 0.621301775147929 0.69009009009009 0.6222879684418146 0.6738738738738739 0.6193293885601578 0.6693693693693694 0.6084812623274162 0.663963963963964
0 0.6444773175542406 0.690990990990991 0.6321499013806706 0.6936936936936937 0.6272189349112426 0.7009009009009008 0.6301775147928994 0.7207207207207207 0.6400394477317555 0.7279279279279279 0.6528599605522682 0.727027027027027 0.6587771203155819 0.7207207207207207 0.6617357001972387 0.7117117117117117 0.6587771203155819 0.6990990990990991 0.6499013806706114 0.690990990990991
0 0.6834319526627219 0.7117117117117117 0.6686390532544378 0.7207207207207207 0.6637080867850098 0.7315315315315315 0.6637080867850098 0.7414414414414414 0.6735700197238659 0.7531531531531531 0.6932938856015779 0.7522522522522522 0.7041420118343196 0.7405405405405405 0.7041420118343196 0.727027027027027 0.6992110453648915 0.7189189189189189 0.6893491124260355 0.7117117117117117
0 0.7337278106508875 0.7225225225225225 0.7238658777120316 0.7252252252252253 0.7159763313609467 0.7324324324324324 0.7110453648915187 0.7432432432432432 0.7110453648915187 0.7549549549549549 0.7189349112426036 0.7666666666666667 0.7396449704142012 0.7711711711711712 0.7465483234714004 0.7693693693693694 0.752465483234714 0.763063063063063 0.7564102564102564 0.7549549549549549 0.7564102564102564 0.7414414414414414 0.7485207100591716 0.7279279279279279 0.73767258382643 0.7225225225225225
0 0.8165680473372781 0.7171171171171171 0.7998027613412229 0.7261261261261261 0.7958579881656804 0.7342342342342343 0.7988165680473372 0.7468468468468469 0.8076923076923077 0.7549549549549549 0.8136094674556213 0.7558558558558559 0.8264299802761341 0.754054054054054 0.834319526627219 0.7432432432432432 0.8333333333333334 0.727027027027027 0.8274161735700197 0.7207207207207207 0.8185404339250493 0.7171171171171171
0 0.7919132149901381 0.6711711711711712 0.7790927021696252 0.6783783783783783 0.7790927021696252 0.6963963963963964 0.7899408284023669 0.7063063063063063 0.8076923076923077 0.7099099099099099 0.8214990138067061 0.7 0.8224852071005917 0.6891891891891891 0.814595660749507 0.6765765765765765 0.7998027613412229 0.6711711711711712
0 0.8027613412228797 0.627927927927928 0.7938856015779092 0.636936936936937 0.7948717948717948 0.6558558558558558 0.8057199211045365 0.6612612612612613 0.8224852071005917 0.6585585585585586 0.8303747534516766 0.6468468468468469 0.8303747534516766 0.6351351351351351 0.8214990138067061 0.6297297297297297 0.8037475345167653 0.627927927927928
0 0.7642998027613412 0.6198198198198198 0.757396449704142 0.6234234234234234 0.752465483234714 0.6324324324324324 0.7534516765285996 0.6468468468468469 0.7613412228796844 0.6531531531531531 0.7692307692307693 0.6531531531531531 0.7810650887573964 0.6378378378378379 0.7810650887573964 0.627927927927928 0.7731755424063116 0.6198198198198198
0 0.8150887573964497 0.5855855855855856 0.8007889546351085 0.5891891891891892 0.7919132149901381 0.6 0.7958579881656804 0.6126126126126126 0.8057199211045365 0.6198198198198198 0.8293885601577909 0.6189189189189189 0.8412228796844181 0.609009009009009 0.8422090729783037 0.6009009009009009 0.8353057199211046 0.590990990990991 0.8205128205128205 0.5855855855855856
0 0.8673570019723866 0.6270270270270271 0.8560157790927022 0.6288288288288288 0.8500986193293886 0.6360360360360361 0.8530571992110454 0.654054054054054 0.8658777120315582 0.6621621621621622 0.8826429980276134 0.6576576576576577 0.888560157790927 0.6459459459459459 0.8856015779092702 0.6333333333333333 0.8727810650887574 0.6270270270270271
0 0.7465483234714004 0.6558558558558558 0.7416173570019724 0.6558558558558558 0.7347140039447732 0.6612612612612613 0.7307692307692307 0.6720720720720721 0.7317554240631163 0.6855855855855856 0.742603550295858 0.6990990990990991 0.7514792899408284 0.6990990990990991 0.7593688362919132 0.6945945945945946 0.7662721893491125 0.6873873873873874 0.7702169625246549 0.6747747747747748 0.7692307692307693 0.6657657657657657 0.76232741617357 0.6594594594594595 0.7514792899408284 0.6558558558558558
0 0.7021696252465484 0.6405405405405405 0.6893491124260355 0.6477477477477478 0.685404339250493 0.6576576576576577 0.6863905325443787 0.6720720720720721 0.6893491124260355 0.6774774774774774 0.6982248520710059 0.681981981981982 0.7149901380670611 0.6774774774774774 0.722879684418146 0.6648648648648648 0.7199211045364892 0.6477477477477478 0.7130177514792899 0.6423423423423423 0.703155818540434 0.6405405405405405
0 0.7149901380670611 0.69009009009009 0.7061143984220908 0.6918918918918919 0.7001972386587771 0.7 0.7021696252465484 0.709009009009009 0.7140039447731755 0.718018018018018 0.7238658777120316 0.7162162162162162 0.7287968441814595 0.709009009009009 0.7268244575936884 0.6963963963963964 0.7199211045364892 0.69009009009009
0 0.8757396449704142 0.7522522522522522 0.8629191321499013 0.7549549549549549 0.8579881656804734 0.7648648648648648 0.8629191321499013 0.7792792792792793 0.8747534516765286 0.7864864864864864 0.8915187376725838 0.7837837837837838 0.8984220907297831 0.7747747747747747 0.8984220907297831 0.7657657657657657 0.8944773175542406 0.7576576576576577 0.8816568047337278 0.7522522522522522
0 0.8328402366863905 0.763063063063063 0.8244575936883629 0.7639639639639639 0.8126232741617357 0.7720720720720721 0.8106508875739645 0.7837837837837838 0.8165680473372781 0.7936936936936937 0.8323471400394478 0.7936936936936937 0.8451676528599605 0.7783783783783784 0.8451676528599605 0.7702702702702703 0.8382642998027613 0.763063063063063
0 0.777120315581854 0.7513513513513513 0.7672583826429981 0.7576576576576577 0.7652859960552268 0.763063063063063 0.7672583826429981 0.7747747747747747 0.7761341222879684 0.7792792792792793 0.7928994082840237 0.7774774774774775 0.7978303747534516 0.772972972972973 0.7948717948717948 0.7594594594594595 0.7830374753451677 0.7513513513513513
0 0.7850098619329389 0.7891891891891892 0.772189349112426 0.7927927927927928 0.7652859960552268 0.8009009009009009 0.7672583826429981 0.80990990990991 0.782051282051282 0.818018018018018 0.7948717948717948 0.8144144144144144 0.8027613412228797 0.8045045045045045 0.8007889546351085 0.7963963963963964 0.7879684418145957 0.7891891891891892
0 0.8269230769230769 0.809009009009009 0.8165680473372781 0.8108108108108109 0.8106508875739645 0.8216216216216217 0.8126232741617357 0.8315315315315316 0.8234714003944773 0.8432432432432433 0.834319526627219 0.8432432432432433 0.8441814595660749 0.8342342342342343 0.8441814595660749 0.8189189189189189 0.8323471400394478 0.809009009009009
0 0.893491124260355 0.7954954954954955 0.8865877712031558 0.8 0.8826429980276134 0.8117117117117117 0.8915187376725838 0.8207207207207208 0.9043392504930966 0.8234234234234235 0.9102564102564102 0.8189189189189189 0.9122287968441815 0.8108108108108109 0.9072978303747534 0.8 0.9013806706114399 0.7954954954954955
0 0.9743589743589743 0.7450450450450451 0.9595660749506904 0.7495495495495496 0.9497041420118343 0.7612612612612613 0.9526627218934911 0.7846846846846847 0.9635108481262328 0.7918918918918919 0.9792899408284024 0.7900900900900901 0.9940828402366864 0.7693693693693694 0.9921104536489151 0.7567567567567568 0.9792899408284024 0.7450450450450451
0 0.9930966469428008 0.6855855855855856 0.97534516765286 0.690990990990991 0.9635108481262328 0.7099099099099099 0.9684418145956607 0.7306306306306306 0.9881656804733728 0.7423423423423423 0.9990138067061144 0.7414414414414414 0.9990138067061144 0.6855855855855856
0 0.9250493096646942 0.6360360360360361 0.908284023668639 0.6378378378378379 0.9013806706114399 0.6468468468468469 0.908284023668639 0.6648648648648648 0.9201183431952663 0.6720720720720721 0.9339250493096647 0.6693693693693694 0.9418145956607495 0.6576576576576577 0.9398422090729783 0.645045045045045 0.9299802761341223 0.6360360360360361
0 0.9727149901380671 0.6387387387387388 0.9556213017751479 0.6405405405405405 0.9497041420118343 0.6495495495495496 0.9516765285996055 0.6684684684684684 0.9625246548323472 0.6810810810810811 0.9684418145956607 0.681981981981982 0.9871794871794872 0.6783783783783783 0.9960552268244576 0.6702702702702703 0.995069033530572 0.6468468468468469 0.9783037475345168 0.6387387387387388
0 0.9720581854043393 0.5963963963963964 0.9575936883629191 0.5981981981981982 0.9497041420118343 0.6108108108108108 0.9526627218934911 0.6225225225225225 0.9664694280078896 0.6315315315315315 0.9861932938856016 0.6297297297297297 0.9940828402366864 0.6171171171171171 0.9911242603550295 0.6063063063063063 0.9773175542406312 0.5963963963963964
0 0.9723865877712031 0.5477477477477477 0.9566074950690335 0.5531531531531532 0.9467455621301775 0.5666666666666667 0.9487179487179487 0.581081081081081 0.9575936883629191 0.5882882882882883 0.9812623274161736 0.5882882882882883 0.9871794871794872 0.581981981981982 0.9901380670611439 0.5666666666666667 0.9842209072978304 0.5531531531531532 0.9773175542406312 0.5477477477477477
0 0.9132149901380671 0.5567567567567567 0.9072978303747534 0.5585585585585585 0.8994082840236687 0.5666666666666667 0.9003944773175543 0.581981981981982 0.9102564102564102 0.5891891891891892 0.928007889546351 0.590990990990991 0.9358974358974359 0.5846846846846847 0.9388560157790927 0.5684684684684684 0.9309664694280079 0.5594594594594594 0.9220907297830375 0.5567567567567567
0 0.9151873767258383 0.5945945945945946 0.9072978303747534 0.5963963963963964 0.8974358974358975 0.609009009009009 0.9003944773175543 0.6198198198198198 0.9112426035502958 0.6288288288288288 0.9171597633136095 0.6297297297297297 0.9329388560157791 0.6252252252252253 0.9408284023668639 0.6162162162162163 0.9398422090729783 0.6081081081081081 0.9319526627218935 0.5972972972972973 0.9220907297830375 0.5945945945945946
0 0.868836291913215 0.590990990990991 0.8560157790927022 0.5963963963963964 0.8510848126232742 0.6045045045045045 0.8560157790927022 0.6207207207207207 0.8747534516765286 0.6207207207207207 0.888560157790927 0.6153153153153154 0.8875739644970414 0.6009009009009009 0.8796844181459567 0.5927927927927928 0.873767258382643 0.590990990990991
0 0.8195266272189349 0.5513513513513514 0.8106508875739645 0.5540540540540541 0.8047337278106509 0.5594594594594594 0.8057199211045365 0.5738738738738739 0.814595660749507 0.5792792792792792 0.834319526627219 0.5801801801801801 0.8441814595660749 0.5702702702702702 0.8422090729783037 0.5603603603603604 0.8333333333333334 0.5531531531531532 0.8234714003944773 0.5513513513513514
0 0.868836291913215 0.5576576576576576 0.8560157790927022 0.5630630630630631 0.854043392504931 0.5747747747747748 0.8648915187376726 0.5846846846846847 0.883629191321499 0.5837837837837838 0.8915187376725838 0.5756756756756757 0.8905325443786982 0.5666666666666667 0.8846153846153846 0.5612612612612613 0.8708086785009862 0.5576576576576576
0 0.6913214990138067 0.5981981981981982 0.685404339250493 0.6009009009009009 0.6775147928994083 0.6108108108108108 0.6765285996055227 0.6270270270270271 0.6844181459566075 0.6333333333333333 0.6962524654832347 0.6333333333333333 0.7100591715976331 0.6216216216216216 0.7100591715976331 0.6099099099099099 0.6982248520710059 0.5981981981981982
0 0.6420118343195266 0.7405405405405405 0.6291913214990138 0.7468468468468469 0.6252465483234714 0.7531531531531531 0.626232741617357 0.7684684684684685 0.6400394477317555 0.7747747747747747 0.6568047337278107 0.7666666666666667 0.6587771203155819 0.763063063063063 0.6558185404339251 0.745945945945946 0.6479289940828402 0.7405405405405405
0 0.6084812623274162 0.7144144144144144 0.5976331360946746 0.7198198198198198 0.5956607495069034 0.736936936936937 0.5996055226824457 0.7414414414414414 0.6094674556213018 0.7441441441441441 0.6193293885601578 0.7405405405405405 0.6252465483234714 0.7324324324324324 0.6252465483234714 0.727027027027027 0.6143984220907298 0.7144144144144144
0 0.4151873767258383 0.590990990990991 0.40236686390532544 0.5990990990990991 0.40039447731755423 0.6054054054054054 0.40335305719921105 0.6171171171171171 0.4072978303747535 0.6207207207207207 0.42011834319526625 0.6234234234234234 0.4368836291913215 0.6144144144144145 0.4408284023668639 0.6072072072072072 0.4388560157790927 0.5990990990990991 0.4329388560157791 0.5936936936936937 0.4240631163708087 0.590990990990991
0 0.4408284023668639 0.6270270270270271 0.43096646942800787 0.6315315315315315 0.4250493096646943 0.6405405405405405 0.4260355029585799 0.6486486486486487 0.4349112426035503 0.6531531531531531 0.4428007889546351 0.6495495495495496 0.45069033530571995 0.6405405405405405 0.4516765285996055 0.6324324324324324 0.4457593688362919 0.6270270270270271
0 0.46942800788954636 0.6405405405405405 0.4625246548323471 0.6441441441441441 0.45759368836291914 0.654054054054054 0.45857988165680474 0.6612612612612613 0.4635108481262327 0.6657657657657657 0.47337278106508873 0.663963963963964 0.480276134122288 0.6558558558558558 0.480276134122288 0.6459459459459459 0.47731755424063116 0.6414414414414414 0.4723865877712032 0.6405405405405405
0 0.47896153846153844 0.6765765765765765 0.46548323471400394 0.6774774774774774 0.45857988165680474 0.6846846846846847 0.45759368836291914 0.6981981981981982 0.46646942800788954 0.7072072072072072 0.47731755424063116 0.7081081081081081 0.490138067061144 0.6990990990990991 0.4911242603550296 0.6855855855855856 0.48422090729783035 0.6765765765765765
0 0.5187376725838264 0.7252252252252253 0.5069033530571992 0.7342342342342343 0.5019723865877712 0.7432432432432432 0.5039447731755424 0.7531531531531531 0.5138067061143984 0.7576576576576577 0.5256410256410257 0.7549549549549549 0.5364891518737672 0.7405405405405405 0.5364891518737672 0.7333333333333333 0.5256410256410257 0.7252252252252253
0 0.5631163708086785 0.7072072072072072 0.5522682445759369 0.7153153153153153 0.5493096646942801 0.727027027027027 0.5591715976331361 0.7351351351351352 0.571992110453649 0.736936936936937 0.5808678500986193 0.727027027027027 0.5818540433925049 0.7198198198198198 0.5779092702169625 0.7117117117117117 0.5710059171597633 0.7072072072072072
0 0.5611439842209073 0.663963963963964 0.5493096646942801 0.6720720720720721 0.5463510848126233 0.6783783783783783 0.5502958579881657 0.690990990990991 0.5601577909270217 0.6963963963963964 0.5690335305719921 0.690990990990991 0.5759368836291914 0.6792792792792792 0.5739644970414202 0.6711711711711712 0.5641025641025641 0.663963963963964
0 0.4930966469428008 0.4846846846846847 0.48422090729783035 0.4873873873873874 0.47534516765285995 0.4981981981981982 0.47633136094674555 0.5162162162162162 0.4930966469428008 0.5333333333333333 0.5157790927021696 0.5333333333333333 0.5256410256410257 0.5216216216216216 0.5256410256410257 0.5027027027027027 0.5157790927021696 0.4900900900900901 0.4990138067061144 0.4846846846846847
0 0.4723865877712032 0.43333333333333335 0.45759368836291914 0.436036036036036 0.44970414201183434 0.44684684684684683 0.4516765285996055 0.46396396396396394 0.4635108481262327 0.4756756756756757 0.4723865877712032 0.4783783783783784 0.490138067061144 0.47477477477477475 0.4960552268244576 0.46306306306306305 0.4911242603550296 0.43783783783783786 0.47830374753451677 0.43333333333333335
0 0.5502958579881657 0.40540540540540543 0.5384615384615384 0.41711711711711713 0.5384615384615384 0.42882882882882883 0.5483234714003945 0.44324324324324327 0.5621301775147929 0.44414414414414416 0.5729783037475346 0.436036036036036 0.5749506903353058 0.42162162162162165 0.571992110453649 0.4144144144144144 0.5571992110453649 0.40540540540540543
0 0.5187376725838264 0.42882882882882883 0.5128205128205128 0.4315315315315315 0.5098619329388561 0.44504504504504505 0.5108481262327417 0.45495495495495497 0.5177514792899408 0.46126126126126127 0.5325443786982249 0.4594594594594595 0.5404339250493096 0.44594594594594594 0.5325443786982249 0.4315315315315315 0.5236686390532544 0.42882882882882883
0 0.5877712031558185 0.4369369369369369 0.5818540433925049 0.43873873873873875 0.5739644970414202 0.44954954954954957 0.5749506903353058 0.46306306306306305 0.5779092702169625 0.46756756756756757 0.5848126232741617 0.4702702702702703 0.6015779092702169 0.4720720720720721 0.6104536489151874 0.4648648648648649 0.611439842209073 0.45135135135135135 0.6055226824457594 0.44054054054054054 0.5946745562130178 0.4369369369369369
0 0.5588431952662722 0.45135135135135135 0.5463510848126233 0.45225225225225224 0.5424063116370809 0.46396396396396394 0.5473372781065089 0.4702702702702703 0.5591715976331361 0.47387387387387386 0.5650887573964497 0.4720720720720721 0.571992110453649 0.4648648648648649 0.5680473372781065 0.45225225225225224 0.5641025641025641 0.45135135135135135
0 0.5355029585798816 0.46936936936936935 0.52465483234714 0.4756756756756757 0.5226824457593688 0.4837837837837838 0.5295857988165681 0.4936936936936937 0.5414201183431953 0.4954954954954955 0.5493096646942801 0.4891891891891892 0.5512820512820513 0.48018018018018016 0.5443786982248521 0.4720720720720721 0.5374753451676528 0.46936936936936935
0 0.49506903353057197 0.3927927927927928 0.4832347140039448 0.4009009009009009 0.47928994082840237 0.4144144144144144 0.4822485207100592 0.4207207207207207 0.4911242603550296 0.4261261261261261 0.5019723865877712 0.4261261261261261 0.5128205128205128 0.4189189189189189 0.5118343195266272 0.4045045045045045 0.5019723865877712 0.3927927927927928
0 0.5295857988165681 0.36936936936936937 0.5167652859960552 0.3747747747747748 0.5098619329388561 0.39369369369369367 0.5187376725838264 0.4045045045045045 0.5315581854043393 0.4063063063063063 0.5424063116370809 0.4036036036036036 0.5502958579881657 0.39369369369369367 0.5433925049309665 0.3747747747747748 0.5364891518737672 0.36936936936936937
0 0.5009861932938856 0.32432432432432434 0.48619329388560156 0.3324324324324324 0.4822485207100592 0.34684684684684686 0.490138067061144 0.36486486486486486 0.5 0.37027027027027026 0.5177514792899408 0.3675675675675676 0.5256410256410257 0.35315315315315315 0.5207100591715976 0.33603603603603605 0.5118343195266272 0.3261261261261261 0.504930966469428 0.32432432432432434
0 0.5364891518737672 0.3054054054054054 0.5236686390532544 0.3108108108108108 0.519723865877712 0.32432432432432434 0.5325443786982249 0.345045045045045 0.5473372781065089 0.34774774774774775 0.5601577909270217 0.33783783783783783 0.5611439842209073 0.3207207207207207 0.5512820512820513 0.309009009009009 0.5384615384615384 0.3054054054054054
0 0.5128205128205128 0.25225225225225223 0.5019723865877712 0.25675675675675674 0.4960552268244576 0.26306306306306304 0.4930966469428008 0.2693693693693694 0.4930966469428008 0.28468468468468466 0.5029585798816568 0.3 0.519723865877712 0.30180180180180183 0.5315581854043393 0.2963963963963964 0.5384615384615384 0.2810810810810811 0.5315581854043393 0.2594594594594595 0.5167652859960552 0.25225225225225223
0 0.47633136094674555 0.2918918918918919 0.46646942800788954 0.2963963963963964 0.4625246548323471 0.3045045045045045 0.4635108481262327 0.31891891891891894 0.4723865877712032 0.32522522522522523 0.480276134122288 0.32522522522522523 0.490138067061144 0.3207207207207207 0.4980276134122288 0.3099099099099099 0.4930966469428008 0.2981981981981982 0.4822485207100592 0.2918918918918919
0 0.4319526627218935 0.3045045045045045 0.4181459566074951 0.3099099099099099 0.41321499013806706 0.3144144144144144 0.41124260355029585 0.3216216216216216 0.41124260355029585 0.3324324324324324 0.4161735700197239 0.34144144144144145 0.42209072978303747 0.34864864864864864 0.4319526627218935 0.35225225225225226 0.44871794871794873 0.34864864864864864 0.45759368836291914 0.33513513513513515 0.45759368836291914 0.3216216216216216 0.4546351084812623 0.3153153153153153 0.44871794871794873 0.309009009009009 0.4329388560157791 0.3045045045045045
0 0.38560157790927024 0.26756756756756755 0.3757396449704142 0.2693693693693694 0.3708086785009862 0.2747747747747748 0.3678500986193294 0.281981981981982 0.368836291913215 0.290990990990991 0.3796844181459566 0.309009009009009 0.3895463510848126 0.3144144144144144 0.3994082840236686 0.3144144144144144 0.41025641025641024 0.3045045045045045 0.41222879684418146 0.2936936936936937 0.40631163708086787 0.2756756756756757 0.3915187376725838 0.26756756756756755
0 0.3816568047337278 0.3225225225225225 0.36587771203155817 0.3261261261261261 0.35009861932938857 0.34144144144144145 0.34516765285996054 0.35225225225225226 0.34714003944773175 0.36486486486486486 0.3520710059171598 0.37027027027027026 0.3767258382642998 0.3801801801801802 0.39447731755424065 0.37747747747747745 0.40828402366863903 0.3621621621621622 0.4072978303747535 0.34324324324324323 0.3994082840236686 0.32882882882882886 0.3875739644970414 0.3225225225225225
0 0.4289940828402367 0.26036036036036037 0.42110453648915186 0.26216216216216215 0.41420118343195267 0.2702702702702703 0.4171597633136095 0.2855855855855856 0.4250493096646943 0.2936936936936937 0.4358974358974359 0.2936936936936937 0.4457593688362919 0.29009009009009007 0.44970414201183434 0.281981981981982 0.4477317554240631 0.2693693693693694 0.4388560157790927 0.26126126126126126 0.4339250493096647 0.26036036036036037
0 0.5069033530571992 0.2 0.4940828402366864 0.21171171171171171 0.49506903353057197 0.23153153153153153 0.5069033530571992 0.24054054054054055 0.5256410256410257 0.23603603603603604 0.5295857988165681 0.22792792792792793 0.5295857988165681 0.2126126126126126 0.5266272189349113 0.2072072072072072 0.5138067061143984 0.2
0 0.46745562130177515 0.2036036036036036 0.4526627218934911 0.21351351351351353 0.44871794871794873 0.22522522522522523 0.4526627218934911 0.23963963963963963 0.45956607495069035 0.24414414414414415 0.46942800788954636 0.24504504504504504 0.4812623274161736 0.24144144144144145 0.4881656804733728 0.23243243243243245 0.48520710059171596 0.2126126126126126 0.47928994082840237 0.20540540540540542 0.4723865877712032 0.2036036036036036
0 0.47041420118343197 0.25135135135135134 0.4625246548323471 0.25405405405405407 0.4546351084812623 0.263963963963964 0.45759368836291914 0.2810810810810811 0.46548323471400394 0.2882882882882883 0.4812623274161736 0.28468468468468466 0.48619329388560156 0.27927927927927926 0.4891518737672584 0.26846846846846845 0.48520710059171596 0.25765765765765763 0.47435897435897434 0.25135135135135134
0 0.4171597633136095 0.21891891891891893 0.4072978303747535 0.22162162162162163 0.40335305719921105 0.22612612612612612 0.40335305719921105 0.24054054054054055 0.40927021696252464 0.25045045045045045 0.4181459566074951 0.2531531531531532 0.4349112426035503 0.25045045045045045 0.4418145956607495 0.24144144144144145 0.4418145956607495 0.23513513513513515 0.4358974358974359 0.22432432432432434 0.4230769230769231 0.21891891891891893
0 0.378698224852071 0.15945945945945947 0.3727810650887574 0.16306306306306306 0.3698224852071006 0.16936936936936936 0.3698224852071006 0.18468468468468469 0.3767258382642998 0.2009009009009009 0.39250493096646943 0.2036036036036036 0.40433925049309666 0.1981981981981982 0.40631163708086787 0.1810810810810811 0.398422090729783 0.16576576576576577 0.38362919132149903 0.15945945945945947
0 0.34516765285996054 0.16576576576576577 0.34023668639053256 0.16576576576576577 0.3343195266272189 0.17117117117117117 0.3333333333333333 0.18558558558558558 0.34418145956607493 0.1972972972972973 0.358974358974359 0.2009009009009009 0.3619329388560158 0.1927927927927928 0.3609467455621302 0.1783783783783784 0.35700197238658776 0.17027027027027028 0.35009861932938857 0.16576576576576577
0 0.3076923076923077 0.1837837837837838 0.2978303747534517 0.1873873873873874 0.29092702169625245 0.1954954954954955 0.28994082840236685 0.21711711711711712 0.29980276134122286 0.22612612612612612 0.32051282051282054 0.22702702702702704 0.3343195266272189 0.21621621621621623 0.33530571992110453 0.2063063063063063 0.3264299802761341 0.1891891891891892 0.3145956607495069 0.1837837837837838
0 0.28205128205128205 0.23693693693693693 0.26528599605522685 0.24054054054054055 0.2603550295857988 0.24774774774774774 0.2613412228796844 0.26216216216216215 0.27120315581854043 0.2693693693693694 0.28500986193293887 0.26846846846846845 0.29092702169625245 0.26576576576576577 0.2968441814595661 0.25765765765765763 0.2968441814595661 0.24324324324324326 0.2869822485207101 0.23693693693693693
0 0.3224852071005917 0.24144144144144145 0.3126232741617357 0.24774774774774774 0.3106508875739645 0.26126126126126126 0.31952662721893493 0.2702702702702703 0.3333333333333333 0.27297297297297296 0.34516765285996054 0.26666666666666666 0.34615384615384615 0.26036036036036037 0.33925049309664695 0.24594594594594596 0.32938856015779094 0.24144144144144145
0 0.34960552268244577 0.281981981981982 0.33925049309664695 0.28468468468468466 0.3323471400394477 0.2927927927927928 0.3343195266272189 0.3117117117117117 0.3431952662721893 0.31891891891891894 0.3520710059171598 0.31891891891891894 0.3619329388560158 0.3144144144144144 0.3668639053254438 0.3081081081081081 0.363905325443787 0.29009009009009007 0.35502958579881655 0.281981981981982
0 0.30177514792899407 0.2765765765765766 0.2948717948717949 0.2774774774774775 0.29191321499013806 0.281981981981982 0.29289940828402367 0.2972972972972973 0.29980276134122286 0.3045045045045045 0.3086785009861933 0.3027027027027027 0.32051282051282054 0.2891891891891892 0.31952662721893493 0.2855855855855856 0.3067061143984221 0.2765765765765766
0 0.3136094674556213 0.31801801801801804 0.3057199211045365 0.3225225225225225 0.3037475345167653 0.33603603603603605 0.3116370808678501 0.34774774774774775 0.3244575936883629 0.34864864864864864 0.33136094674556216 0.34234234234234234 0.3343195266272189 0.33153153153153153 0.32938856015779094 0.32342342342342345 0.31952662721893493 0.31801801801801804
0 0.3165680473372781 0.36126126126126124 0.30177514792899407 0.3675675675675676 0.2869822485207101 0.3837837837837838 0.2869822485207101 0.39369369369369367 0.2968441814595661 0.4036036036036036 0.3214990138067061 0.4009009009009009 0.3343195266272189 0.3918918918918919 0.33826429980276135 0.3747747747747748 0.33530571992110453 0.3675675675675676 0.3254437869822485 0.36126126126126124
0 0.33037475345167655 0.4126126126126126 0.3224852071005917 0.418018018018018 0.32051282051282054 0.43243243243243246 0.34418145956607493 0.43783783783783786 0.3520710059171598 0.42792792792792794 0.34911242603550297 0.42162162162162165 0.33727810650887574 0.4126126126126126
0 0.40039447731755423 0.38828828828828826 0.3895463510848126 0.3981981981981982 0.3895463510848126 0.4135135135135135 0.40039447731755423 0.42882882882882883 0.4181459566074951 0.4297297297297297 0.4280078895463511 0.42162162162162165 0.42998027613412226 0.41081081081081083 0.4230769230769231 0.3981981981981982 0.4072978303747535 0.38828828828828826
0 0.3757396449704142 0.4306306306306306 0.36587771203155817 0.43513513513513513 0.35798816568047337 0.44594594594594594 0.3619329388560158 0.46306306306306305 0.3757396449704142 0.46846846846846846 0.3895463510848126 0.46306306306306305 0.39349112426035504 0.44684684684684683 0.3905325443786982 0.436036036036036 0.3806706114398422 0.4306306306306306
0 0.39250493096646943 0.4810810810810811 0.38461538461538464 0.48558558558558557 0.3806706114398422 0.4963963963963964 0.3826429980276134 0.5072072072072072 0.3905325443786982 0.5117117117117117 0.40335305719921105 0.509009009009009 0.41124260355029585 0.4972972972972973 0.41025641025641024 0.4873873873873874 0.40039447731755423 0.4810810810810811
0 0.42110453648915186 0.5144144144144144 0.40828402366863903 0.5198198198198198 0.3994082840236686 0.5288288288288289 0.398422090729783 0.5432432432432432 0.40433925049309666 0.5513513513513514 0.4260355029585799 0.5495495495495496 0.4358974358974359 0.5423423423423424 0.4388560157790927 0.5306306306306307 0.4368836291913215 0.5225225225225225 0.4339250493096647 0.518918918918919 0.42209072978303747 0.5153153153153153
0 0.43984220907297833 0.5576576576576576 0.4289940828402367 0.5675675675675675 0.4280078895463511 0.5765765765765766 0.4358974358974359 0.5837837837837838 0.4437869822485207 0.5855855855855856 0.45069033530571995 0.581981981981982 0.45759368836291914 0.5720720720720721 0.4556213017751479 0.563963963963964 0.4467455621301775 0.5576576576576576
0 0.40335305719921105 0.5648648648648649 0.39546351084812625 0.5756756756756757 0.39644970414201186 0.5828828828828829 0.40138067061143984 0.5855855855855856 0.4072978303747535 0.5855855855855856 0.4151873767258383 0.5756756756756757 0.4161735700197239 0.5684684684684684 0.41222879684418146 0.5648648648648649
0 0.378698224852071 0.5513513513513514 0.36587771203155817 0.554954954954955 0.358974358974359 0.563963963963964 0.3619329388560158 0.5738738738738739 0.373767258382643 0.5792792792792792 0.3816568047337278 0.5747747747747748 0.3875739644970414 0.5666666666666667 0.3875739644970414 0.5567567567567567 0.38362919132149903 0.5513513513513514
0 0.3609467455621302 0.5171171171171172 0.34714003944773175 0.5198198198198198 0.34122287968441817 0.5261261261261261 0.34418145956607493 0.5432432432432432 0.34812623274161736 0.5468468468468468 0.36587771203155817 0.5441441441441441 0.3767258382642998 0.536036036036036 0.3806706114398422 0.527927927927928 0.3796844181459566 0.5225225225225225 0.3698224852071006 0.5171171171171172
0 0.3530571992110454 0.4774774774774775 0.33826429980276135 0.4837837837837838 0.3333333333333333 0.4900900900900901 0.3333333333333333 0.4981981981981982 0.34122287968441817 0.5045045045045045 0.35502958579881655 0.5045045045045045 0.363905325443787 0.4963963963963964 0.3668639053254438 0.4864864864864865 0.358974358974359 0.4774774774774775
0 0.3323471400394477 0.45225225225225224 0.3254437869822485 0.46126126126126127 0.3254437869822485 0.4702702702702703 0.33037475345167655 0.4720720720720721 0.34122287968441817 0.46756756756756757 0.34714003944773175 0.4603603603603604 0.34516765285996054 0.45495495495495497 0.33727810650887574 0.45225225225225224
0 0.4349112426035503 0.47477477477477475 0.4260355029585799 0.4774774774774775 0.42011834319526625 0.4828828828828829 0.42209072978303747 0.4990990990990991 0.4339250493096647 0.5081081081081081 0.4516765285996055 0.5108108108108108 0.46055226824457596 0.5045045045045045 0.46153846153846156 0.4864864864864865 0.4536489151873767 0.47927927927927927 0.43984220907297833 0.47477477477477475
0 0.46055226824457596 0.518918918918919 0.45660749506903353 0.5225225225225225 0.4556213017751479 0.5324324324324324 0.46449704142011833 0.5567567567567567 0.4723865877712032 0.5612612612612613 0.4881656804733728 0.5612612612612613 0.4930966469428008 0.5477477477477477 0.4911242603550296 0.5342342342342342 0.47435897435897434 0.5216216216216216 0.46449704142011833 0.518918918918919
0 0.4250493096646943 0.43783783783783786 0.4151873767258383 0.4423423423423423 0.40828402366863903 0.4540540540540541 0.41025641025641024 0.4666666666666667 0.41913214990138065 0.4711711711711712 0.4329388560157791 0.46846846846846846 0.4408284023668639 0.45855855855855854 0.4388560157790927 0.44504504504504505 0.4358974358974359 0.44144144144144143 0.4260355029585799 0.43873873873873875
0 0.4556213017751479 0.3954954954954955 0.4437869822485207 0.3981981981981982 0.4378698224852071 0.4072072072072072 0.4378698224852071 0.418018018018018 0.4457593688362919 0.4252252252252252 0.4546351084812623 0.4252252252252252 0.46548323471400394 0.4144144144144144 0.46548323471400394 0.4 0.46055226824457596 0.3954954954954955
0 0.4280078895463511 0.36126126126126124 0.4161735700197239 0.36576576576576575 0.41420118343195267 0.3783783783783784 0.4240631163708087 0.38738738738738737 0.4368836291913215 0.38828828828828826 0.4447731755424063 0.3801801801801802 0.4447731755424063 0.372972972972973 0.4329388560157791 0.36126126126126124
0 0.3619329388560158 0.38738738738738737 0.34911242603550297 0.3900900900900901 0.34615384615384615 0.4009009009009009 0.35601577909270216 0.4144144144144144 0.36587771203155817 0.41621621621621624 0.3757396449704142 0.4081081081081081 0.3767258382642998 0.3945945945945946 0.3629191321499014 0.38738738738738737
0 0.26528599605522685 0.33513513513513515 0.2514792899408284 0.34054054054054056 0.24753451676528598 0.35315315315315315 0.2534516765285996 0.36936936936936937 0.26331360946745563 0.37567567567567567 0.2702169625246548 0.37657657657657656 0.27909270216962523 0.3738738738738739 0.29191321499013806 0.3621621621621622 0.2938856015779093 0.35225225225225226 0.28205128205128205 0.3396396396396396 0.26627218934911245 0.33603603603603605
0 0.23668639053254437 0.2990990990990991 0.22879684418145957 0.3036036036036036 0.22682445759368836 0.31261261261261264 0.23372781065088757 0.3279279279279279 0.2416173570019724 0.32882882882882886 0.2514792899408284 0.32342342342342345 0.252465483234714 0.30720720720720723 0.24753451676528598 0.30180180180180183 0.23865877712031558 0.2990990990990991
0 0.21992110453648916 0.3396396396396396 0.21104536489151873 0.34234234234234234 0.20710059171597633 0.34864864864864864 0.20808678500986194 0.3567567567567568 0.21301775147928995 0.3630630630630631 0.22682445759368836 0.3621621621621622 0.23372781065088757 0.35405405405405405 0.23471400394477318 0.34684684684684686 0.22781065088757396 0.3396396396396396
0 0.2781065088757396 0.409009009009009 0.267258382642998 0.4117117117117117 0.26232741617357 0.41711711711711713 0.26429980276134124 0.4315315315315315 0.27416173570019725 0.43873873873873875 0.28007889546351084 0.43873873873873875 0.29092702169625245 0.4315315315315315 0.29092702169625245 0.4144144144144144 0.28303747534516766 0.409009009009009
0 0.2988165680473373 0.44054054054054054 0.2879684418145957 0.44954954954954957 0.2879684418145957 0.45675675675675675 0.29289940828402367 0.4648648648648649 0.3047337278106509 0.4648648648648649 0.3145956607495069 0.45585585585585586 0.3136094674556213 0.44594594594594594 0.3057199211045365 0.44054054054054054
0 0.3067061143984221 0.4756756756756757 0.2968441814595661 0.4828828828828829 0.2988165680473373 0.4927927927927928 0.3067061143984221 0.4963963963963964 0.32051282051282054 0.4873873873873874 0.3185404339250493 0.48018018018018016 0.3106508875739645 0.4756756756756757
0 0.3136094674556213 0.5063063063063064 0.3067061143984221 0.5063063063063064 0.30078895463510846 0.5108108108108108 0.2978303747534517 0.5180180180180181 0.29980276134122286 0.5261261261261261 0.3175542406311637 0.5288288288288289 0.3254437869822485 0.5225225225225225 0.3244575936883629 0.5099099099099099 0.32051282051282054 0.5063063063063064
0 0.8402366863905325 0.6648648648648648 0.8333333333333334 0.6711711711711712 0.8313609467455622 0.6882882882882883 0.8362919132149902 0.6981981981981982 0.849112426035503 0.7 0.8589743589743589 0.6927927927927928 0.8609467455621301 0.6783783783783783 0.8560157790927022 0.6711711711711712 0.8431952662721893 0.6648648648648648
0 0.8915187376725838 0.6720720720720721 0.8826429980276134 0.672972972972973 0.8757396449704142 0.6846846846846847 0.8777120315581854 0.6972972972972973 0.883629191321499 0.7027027027027027 0.8964497041420119 0.7009009009009008 0.9063116370808678 0.6936936936936937 0.9053254437869822 0.6765765765765765 0.8974358974358975 0.6720720720720721
0 0.9398422090729783 0.6792792792792792 0.928007889546351 0.6810810810810811 0.9230769230769231 0.6855855855855856 0.9201183431952663 0.7009009009009008 0.9240631163708086 0.7072072072072072 0.9467455621301775 0.7063063063063063 0.9546351084812623 0.7009009009009008 0.9556213017751479 0.6882882882882883 0.9457593688362919 0.6792792792792792
0 0.9013806706114399 0.7117117117117117 0.8925049309664694 0.7153153153153153 0.888560157790927 0.7243243243243244 0.8915187376725838 0.7414414414414414 0.9013806706114399 0.745945945945946 0.9112426035502958 0.7432432432432432 0.9211045364891519 0.7306306306306306 0.9201183431952663 0.7207207207207207 0.9072978303747534 0.7117117117117117
0 0.9437869822485208 0.7189189189189189 0.9309664694280079 0.7243243243243244 0.9299802761341223 0.7333333333333333 0.9358974358974359 0.7423423423423423 0.9457593688362919 0.7450450450450451 0.9526627218934911 0.7423423423423423 0.9615384615384616 0.7306306306306306 0.9526627218934911 0.7189189189189189
0 0.9255424063116371 0.7486486486486487 0.9142011834319527 0.7513513513513513 0.9102564102564102 0.7576576576576577 0.9092702169625246 0.7702702702702703 0.9132149901380671 0.7747747747747747 0.9319526627218935 0.772972972972973 0.9388560157790927 0.7684684684684685 0.9398422090729783 0.7585585585585586 0.9309664694280079 0.7486486486486487
0 0.8629191321499013 0.7081081081081081 0.8441814595660749 0.7153153153153153 0.8382642998027613 0.7225225225225225 0.8431952662721893 0.7405405405405405 0.8550295857988166 0.7477477477477478 0.8727810650887574 0.7378378378378379 0.8757396449704142 0.7135135135135136 0.8698224852071006 0.7081081081081081
0 0.9319526627218935 0.7837837837837838 0.9181459566074951 0.790990990990991 0.9211045364891519 0.8036036036036036 0.928007889546351 0.8072072072072072 0.9408284023668639 0.8054054054054054 0.9457593688362919 0.7981981981981981 0.9437869822485208 0.7864864864864864 0.9339250493096647 0.7837837837837838
0 0.9625246548323472 0.8018018018018018 0.9536489151873767 0.8108108108108109 0.9546351084812623 0.8189189189189189 0.9595660749506904 0.8234234234234235 0.9664694280078896 0.8234234234234235 0.9773175542406312 0.8171171171171171 0.9783037475345168 0.8072072072072072 0.9684418145956607 0.8018018018018018
0 0.9763313609467456 0.8333333333333334 0.9644970414201184 0.8405405405405405 0.9625246548323472 0.8486486486486486 0.9684418145956607 0.8567567567567568 0.9842209072978304 0.8621621621621621 0.9911242603550295 0.8585585585585586 0.9960552268244576 0.8450450450450451 0.9940828402366864 0.8405405405405405 0.9832347140039448 0.8333333333333334
0 0.9309664694280079 0.8234234234234235 0.9240631163708086 0.827027027027027 0.9211045364891519 0.8351351351351352 0.9260355029585798 0.8432432432432433 0.9339250493096647 0.8468468468468469 0.9428007889546351 0.845945945945946 0.9506903353057199 0.8387387387387387 0.9487179487179487 0.8279279279279279 0.9388560157790927 0.8234234234234235
0 0.8451676528599605 0.8504504504504504 0.8313609467455622 0.8621621621621621 0.8313609467455622 0.872072072072072 0.8372781065088757 0.8774774774774775 0.8481262327416174 0.8765765765765766 0.8629191321499013 0.8666666666666667 0.8609467455621301 0.8558558558558559 0.8530571992110454 0.8504504504504504
0 0.8333333333333334 0.890990990990991 0.8214990138067061 0.8990990990990991 0.8195266272189349 0.9126126126126126 0.8244575936883629 0.9207207207207208 0.834319526627219 0.9252252252252252 0.8500986193293886 0.9216216216216216 0.8560157790927022 0.9072072072072072 0.8530571992110454 0.8972972972972973 0.8422090729783037 0.890990990990991
0 0.8865877712031558 0.9036036036036036 0.873767258382643 0.9117117117117117 0.8708086785009862 0.9252252252252252 0.873767258382643 0.9324324324324325 0.888560157790927 0.9378378378378378 0.8994082840236687 0.9369369369369369 0.9023668639053254 0.9315315315315316 0.9092702169625246 0.9279279279279279 0.9112426035502958 0.9216216216216216 0.9023668639053254 0.909009009009009 0.8925049309664694 0.9036036036036036
0 0.9418145956607495 0.9036036036036036 0.9319526627218935 0.9036036036036036 0.9220907297830375 0.9117117117117117 0.9211045364891519 0.918018018018018 0.9250493096646942 0.9279279279279279 0.9339250493096647 0.9324324324324325 0.9526627218934911 0.9288288288288288 0.9556213017751479 0.9144144144144144 0.9526627218934911 0.9072072072072072 0.9467455621301775 0.9036036036036036
0 0.985207100591716 0.9072072072072072 0.9714003944773175 0.9108108108108108 0.965483234714004 0.918018018018018 0.9674556213017751 0.9279279279279279 0.9743589743589743 0.9324324324324325 0.9990138067061144 0.9324324324324325 0.9990138067061144 0.9108108108108108 0.9940828402366864 0.9072072072072072
0 0.9714003944773175 0.8756756756756757 0.9595660749506904 0.8828828828828829 0.960552268244576 0.890990990990991 0.9664694280078896 0.8981981981981982 0.9743589743589743 0.8981981981981982 0.9842209072978304 0.8936936936936937 0.9861932938856016 0.8801801801801802 0.980276134122288 0.8756756756756757
0 0.854043392504931 0.790990990990991 0.8471400394477318 0.7972972972972973 0.8451676528599605 0.8054054054054054 0.8550295857988166 0.8117117117117117 0.868836291913215 0.8036036036036036 0.8658777120315582 0.7945945945945946 0.8589743589743589 0.790990990990991
0 0.8816568047337278 0.8369369369369369 0.8747534516765286 0.8405405405405405 0.8717948717948718 0.8468468468468469 0.8767258382642998 0.8540540540540541 0.883629191321499 0.8522522522522522 0.8895463510848126 0.8450450450450451 0.888560157790927 0.8396396396396396 0.883629191321499 0.8369369369369369
0 0.7790927021696252 0.8585585585585586 0.7692307692307693 0.8621621621621621 0.7662721893491125 0.8666666666666667 0.7682445759368837 0.8738738738738738 0.7781065088757396 0.8837837837837837 0.7879684418145957 0.881981981981982 0.7928994082840237 0.8738738738738738 0.7928994082840237 0.8657657657657658 0.782051282051282 0.8585585585585586
0 0.73767258382643 0.8567567567567568 0.7297830374753451 0.8621621621621621 0.7268244575936884 0.8693693693693694 0.7268244575936884 0.8729729729729729 0.7366863905325444 0.8792792792792793 0.7445759368836292 0.8792792792792793 0.7514792899408284 0.8729729729729729 0.7514792899408284 0.8639639639639639 0.7435897435897436 0.8567567567567568
0 0.7011834319526628 0.8756756756756757 0.6942800788954635 0.8774774774774775 0.6873767258382643 0.8864864864864865 0.6883629191321499 0.8936936936936937 0.7011834319526628 0.9009009009009009 0.7090729783037475 0.9 0.7159763313609467 0.8936936936936937 0.7149901380670611 0.8792792792792793 0.7061143984220908 0.8756756756756757
0 0.6637080867850098 0.8594594594594595 0.6538461538461539 0.8657657657657658 0.6518737672583826 0.8765765765765766 0.6577909270216963 0.8837837837837837 0.6666666666666666 0.8864864864864865 0.6745562130177515 0.8846846846846846 0.6814595660749507 0.8738738738738738 0.6804733727810651 0.8666666666666667 0.6715976331360947 0.8594594594594595
0 0.7583826429980276 0.8891891891891892 0.752465483234714 0.8936936936936937 0.752465483234714 0.9054054054054054 0.7603550295857988 0.9099099099099099 0.7702169625246549 0.909009009009009 0.772189349112426 0.8972972972972973 0.7682445759368837 0.8918918918918919 0.7613412228796844 0.8891891891891892
0 0.7297830374753451 0.890990990990991 0.7218934911242604 0.8972972972972973 0.7209072978303748 0.9072072072072072 0.7258382642998028 0.9108108108108108 0.7337278106508875 0.9108108108108108 0.742603550295858 0.9018018018018018 0.7406311637080868 0.8936936936936937 0.7337278106508875 0.890990990990991
0 0.7021696252465484 0.8423423423423423 0.6962524654832347 0.8432432432432433 0.6893491124260355 0.8513513513513513 0.6952662721893491 0.863063063063063 0.7021696252465484 0.8648648648648649 0.7120315581854043 0.8621621621621621 0.7159763313609467 0.8567567567567568 0.7140039447731755 0.8477477477477477 0.7061143984220908 0.8423423423423423
0 0.6607495069033531 0.781981981981982 0.6499013806706114 0.7864864864864864 0.6449704142011834 0.7918918918918919 0.6469428007889546 0.8036036036036036 0.6558185404339251 0.8108108108108109 0.6637080867850098 0.80990990990991 0.6696252465483234 0.8036036036036036 0.6686390532544378 0.7873873873873873 0.6617357001972387 0.7828828828828829
0 0.7149901380670611 0.7765765765765765 0.7080867850098619 0.7810810810810811 0.7061143984220908 0.7882882882882883 0.7100591715976331 0.7972972972972973 0.7169625246548323 0.7990990990990992 0.7238658777120316 0.7972972972972973 0.7297830374753451 0.7891891891891892 0.7287968441814595 0.7810810810810811 0.7209072978303748 0.7765765765765765
0 0.73767258382643 0.8054054054054054 0.7317554240631163 0.80990990990991 0.7307692307692307 0.8171171171171171 0.73767258382643 0.8216216216216217 0.7435897435897436 0.8216216216216217 0.7495069033530573 0.818018018018018 0.7504930966469427 0.8108108108108109 0.742603550295858 0.8054054054054054
0 0.76232741617357 0.827027027027027 0.7544378698224852 0.8306306306306306 0.7504930966469427 0.8405405405405405 0.757396449704142 0.8486486486486486 0.7662721893491125 0.8486486486486486 0.7731755424063116 0.8450450450450451 0.7731755424063116 0.8351351351351352 0.7652859960552268 0.827027027027027
0 0.7080867850098619 0.8126126126126126 0.6992110453648915 0.8171171171171171 0.6992110453648915 0.8306306306306306 0.7071005917159763 0.8306306306306306 0.7140039447731755 0.8261261261261261 0.7159763313609467 0.8162162162162162 0.7110453648915187 0.8126126126126126
0 0.6706114398422091 0.8225225225225226 0.6666666666666666 0.8279279279279279 0.6715976331360947 0.8333333333333334 0.6794871794871795 0.836036036036036 0.685404339250493 0.8342342342342343 0.6863905325443787 0.8306306306306306 0.6785009861932939 0.8225225225225226
0 0.6380670611439843 0.8189189189189189 0.6321499013806706 0.8234234234234235 0.6321499013806706 0.8324324324324325 0.6400394477317555 0.8369369369369369 0.645956607495069 0.8351351351351352 0.6499013806706114 0.8288288288288288 0.6489151873767258 0.8243243243243243 0.6410256410256411 0.8189189189189189
0 0.6331360946745562 0.8531531531531531 0.6242603550295858 0.854954954954955 0.6153846153846154 0.863063063063063 0.6203155818540433 0.872072072072072 0.6301775147928994 0.8756756756756757 0.6390532544378699 0.8738738738738738 0.6449704142011834 0.8657657657657658 0.6439842209072978 0.8558558558558559 0.6341222879684418 0.8531531531531531
0 0.5877712031558185 0.8414414414414414 0.5729783037475346 0.8486486486486486 0.5729783037475346 0.8567567567567568 0.5798816568047337 0.8639639639639639 0.5927021696252466 0.8666666666666667 0.6025641025641025 0.863063063063063 0.6055226824457594 0.8522522522522522 0.5976331360946746 0.8441441441441442 0.5887573964497042 0.8423423423423423
0 0.5453648915187377 0.8333333333333334 0.5384615384615384 0.8396396396396396 0.5364891518737672 0.8522522522522522 0.5483234714003945 0.8594594594594595 0.5562130177514792 0.8576576576576577 0.5631163708086785 0.8495495495495495 0.5601577909270217 0.8378378378378378 0.5532544378698225 0.8333333333333334
0 0.5138067061143984 0.8171171171171171 0.5078895463510849 0.8171171171171171 0.5009861932938856 0.8216216216216217 0.4990138067061144 0.8351351351351352 0.504930966469428 0.8432432432432433 0.5187376725838264 0.8486486486486486 0.5305719921104537 0.8378378378378378 0.5295857988165681 0.8243243243243243 0.519723865877712 0.8171171171171171
0 0.47633136094674555 0.8081081081081081 0.46844181459566075 0.8144144144144144 0.46646942800788954 0.8252252252252252 0.47731755424063116 0.8342342342342343 0.4832347140039448 0.8315315315315316 0.4891518737672584 0.8234234234234235 0.48717948717948717 0.8108108108108109 0.4822485207100592 0.8081081081081081
0 0.44871794871794873 0.790990990990991 0.4428007889546351 0.7927927927927928 0.4368836291913215 0.7990990990990992 0.43984220907297833 0.8081081081081081 0.4457593688362919 0.8135135135135135 0.4546351084812623 0.8117117117117117 0.46055226824457596 0.8036036036036036 0.45956607495069035 0.7963963963963964 0.44970414201183434 0.790990990990991
0 0.47337278106508873 0.7747747747747747 0.46646942800788954 0.7801801801801802 0.46844181459566075 0.7891891891891892 0.47435897435897434 0.7936936936936937 0.48422090729783035 0.7936936936936937 0.4881656804733728 0.7900900900900901 0.4881656804733728 0.781981981981982 0.47731755424063116 0.7747747747747747
0 0.5779092702169625 0.7783783783783784 0.5660749506903353 0.7855855855855856 0.5641025641025641 0.7963963963963964 0.5690335305719921 0.8 0.5788954635108481 0.7981981981981981 0.5857988165680473 0.7900900900900901 0.5838264299802761 0.781981981981982 0.5788954635108481 0.7792792792792793
0 0.5493096646942801 0.7504504504504504 0.5414201183431953 0.7576576576576577 0.5424063116370809 0.7720720720720721 0.5483234714003945 0.7747747747747747 0.5601577909270217 0.772972972972973 0.5660749506903353 0.7657657657657657 0.5650887573964497 0.7558558558558559 0.5552268244575936 0.7504504504504504
0 0.5838264299802761 0.7468468468468469 0.5779092702169625 0.754054054054054 0.5788954635108481 0.7621621621621621 0.5828402366863905 0.7657657657657657 0.5907297830374754 0.7648648648648648 0.5946745562130178 0.7576576576576577 0.5936883629191322 0.7513513513513513 0.5887573964497042 0.7468468468468469
0 0.6074950690335306 0.8153153153153153 0.6015779092702169 0.818018018018018 0.6005917159763313 0.8261261261261261 0.606508875739645 0.827027027027027 0.616370808678501 0.8225225225225226 0.616370808678501 0.8171171171171171 0.611439842209073 0.8153153153153153
0 0.45956607495069035 0.7216216216216216 0.44871794871794873 0.7279279279279279 0.4447731755424063 0.7360360360360361 0.4477317554240631 0.7432432432432432 0.45660749506903353 0.745945945945946 0.46153846153846156 0.7450450450450451 0.4714003944773176 0.7351351351351352 0.4714003944773176 0.7297297297297297 0.46055226824457596 0.7216216216216216
0 0.41272189349112426 0.7261261261261261 0.4072978303747535 0.7261261261261261 0.40335305719921105 0.7297297297297297 0.40236686390532544 0.7387387387387387 0.40927021696252464 0.7486486486486487 0.42110453648915186 0.7513513513513513 0.4289940828402367 0.7423423423423423 0.42998027613412226 0.736936936936937 0.4181459566074951 0.7261261261261261
0 0.4388560157790927 0.7567567567567568 0.4339250493096647 0.7621621621621621 0.4339250493096647 0.7684684684684685 0.4388560157790927 0.7738738738738739 0.44970414201183434 0.7756756756756756 0.45660749506903353 0.7684684684684685 0.45660749506903353 0.7621621621621621 0.4477317554240631 0.7567567567567568
0 0.41124260355029585 0.7738738738738739 0.40631163708086787 0.7774774774774775 0.40631163708086787 0.7837837837837838 0.41222879684418146 0.7882882882882883 0.4280078895463511 0.790990990990991 0.4289940828402367 0.7855855855855856 0.4250493096646943 0.7783783783783784 0.4181459566074951 0.7738738738738739
0 0.3875739644970414 0.7495495495495496 0.3806706114398422 0.754054054054054 0.3806706114398422 0.7612612612612613 0.3895463510848126 0.7702702702702703 0.398422090729783 0.7693693693693694 0.40433925049309666 0.7621621621621621 0.40335305719921105 0.7558558558558559 0.39546351084812625 0.7495495495495496
0 0.3757396449704142 0.7198198198198198 0.3668639053254438 0.7279279279279279 0.3698224852071006 0.7396396396396396 0.3757396449704142 0.7414414414414414 0.38362919132149903 0.7396396396396396 0.3905325443786982 0.7324324324324324 0.3895463510848126 0.7261261261261261 0.3816568047337278 0.7198198198198198
0 0.39349112426035504 0.6864864864864865 0.3875739644970414 0.6891891891891891 0.38362919132149903 0.6990990990990991 0.3905325443786982 0.7081081081081081 0.40138067061143984 0.7108108108108108 0.4072978303747535 0.7072072072072072 0.41124260355029585 0.6927927927927928 0.4072978303747535 0.6882882882882883 0.398422090729783 0.6864864864864865
0 0.4319526627218935 0.7009009009009008 0.4250493096646943 0.7063063063063063 0.4250493096646943 0.7135135135135136 0.4349112426035503 0.7198198198198198 0.4457593688362919 0.7117117117117117 0.4457593688362919 0.7063063063063063 0.4358974358974359 0.7009009009009008
0 0.4339250493096647 0.6684684684684684 0.4260355029585799 0.6774774774774774 0.4260355029585799 0.6837837837837838 0.4319526627218935 0.6882882882882883 0.4428007889546351 0.6864864864864865 0.4467455621301775 0.681981981981982 0.4467455621301775 0.6747747747747748 0.43984220907297833 0.6684684684684684
0 0.4812623274161736 0.745945945945946 0.4723865877712032 0.7504504504504504 0.47041420118343197 0.7549549549549549 0.47633136094674555 0.7648648648648648 0.4832347140039448 0.763063063063063 0.4881656804733728 0.7576576576576577 0.490138067061144 0.7513513513513513 0.48619329388560156 0.745945945945946
0 0.358974358974359 0.6936936936936937 0.34812623274161736 0.7027027027027027 0.35009861932938857 0.7108108108108108 0.35502958579881655 0.7144144144144144 0.36587771203155817 0.7117117117117117 0.3698224852071006 0.7072072072072072 0.3708086785009862 0.7 0.36489151873767256 0.6936936936936937
0 0.3333333333333333 0.6711711711711712 0.32741617357001973 0.6756756756756757 0.3264299802761341 0.6828828828828829 0.33826429980276135 0.6927927927927928 0.34516765285996054 0.69009009009009 0.35009861932938857 0.681981981981982 0.34911242603550297 0.6765765765765765 0.3422090729783038 0.6711711711711712
0 0.40532544378698226 0.6567567567567567 0.40039447731755423 0.6594594594594595 0.3974358974358974 0.6657657657657657 0.3974358974358974 0.6711711711711712 0.40236686390532544 0.6738738738738739 0.40927021696252464 0.6738738738738739 0.4151873767258383 0.6684684684684684 0.4151873767258383 0.6621621621621622 0.41025641025641024 0.6567567567567567
0 0.591715976331361 0.6351351351351351 0.5779092702169625 0.6432432432432432 0.5798816568047337 0.6531531531531531 0.5897435897435898 0.6585585585585586 0.6025641025641025 0.6531531531531531 0.6015779092702169 0.6441441441441441 0.5936883629191322 0.636936936936937
0 0.7633136094674556 0.7045045045045045 0.7544378698224852 0.7108108108108108 0.7534516765285996 0.7234234234234235 0.7633136094674556 0.7378378378378379 0.7741617357001972 0.7405405405405405 0.7830374753451677 0.736936936936937 0.7869822485207101 0.7261261261261261 0.7810650887573964 0.7108108108108108 0.7692307692307693 0.7045045045045045
0 0.9137080867850098 0.5324324324324324 0.9023668639053254 0.536036036036036 0.8994082840236687 0.5414414414414415 0.9013806706114399 0.5468468468468468 0.9102564102564102 0.5522522522522523 0.9270216962524654 0.5513513513513514 0.9319526627218935 0.5468468468468468 0.9319526627218935 0.5396396396396397 0.9191321499013807 0.5324324324324324
0 0.8757396449704142 0.5324324324324324 0.8589743589743589 0.5387387387387388 0.8579881656804734 0.545045045045045 0.8619329388560157 0.5504504504504505 0.8796844181459567 0.5531531531531532 0.888560157790927 0.5468468468468468 0.8875739644970414 0.536036036036036 0.8767258382642998 0.5324324324324324
0 0.9516765285996055 0.5315315315315315 0.9408284023668639 0.5405405405405406 0.9408284023668639 0.5459459459459459 0.9457593688362919 0.5495495495495496 0.9556213017751479 0.5495495495495496 0.9664694280078896 0.5396396396396397 0.9595660749506904 0.5315315315315315
0 0.9871794871794872 0.5261261261261261 0.9773175542406312 0.5288288288288289 0.9704142011834319 0.5351351351351351 0.9773175542406312 0.5441441441441441 0.9871794871794872 0.5468468468468468 0.995069033530572 0.5324324324324324 0.9881656804733728 0.527027027027027
0 0.8254437869822485 0.5243243243243243 0.814595660749507 0.5288288288288289 0.8126232741617357 0.5396396396396397 0.8195266272189349 0.5459459459459459 0.8382642998027613 0.5495495495495496 0.8481262327416174 0.545045045045045 0.8500986193293886 0.536036036036036 0.834319526627219 0.5243243243243243
0 0.782051282051282 0.5117117117117117 0.7712031558185405 0.5144144144144144 0.7712031558185405 0.5261261261261261 0.7850098619329389 0.5333333333333333 0.7948717948717948 0.5333333333333333 0.7988165680473372 0.5216216216216216 0.7869822485207101 0.5117117117117117
0 0.747534516765286 0.4981981981981982 0.7416173570019724 0.5036036036036036 0.7416173570019724 0.5108108108108108 0.747534516765286 0.5162162162162162 0.7544378698224852 0.5162162162162162 0.76232741617357 0.5099099099099099 0.76232741617357 0.5063063063063064 0.7504930966469427 0.4981981981981982
0 0.7238658777120316 0.4864864864864865 0.7159763313609467 0.4918918918918919 0.7169625246548323 0.5054054054054054 0.7337278106508875 0.5018018018018018 0.7366863905325444 0.4981981981981982 0.7347140039447732 0.49099099099099097 0.7268244575936884 0.4864864864864865
0 0.6883629191321499 0.46756756756756757 0.6844181459566075 0.4720720720720721 0.6873767258382643 0.481981981981982 0.6982248520710059 0.4882882882882883 0.7061143984220908 0.4873873873873874 0.7100591715976331 0.4774774774774775 0.6962524654832347 0.46756756756756757
0 0.6696252465483234 0.44504504504504505 0.6646942800788954 0.44594594594594594 0.6597633136094675 0.45315315315315313 0.6617357001972387 0.46306306306306305 0.6666666666666666 0.46756756756756757 0.6785009861932939 0.4666666666666667 0.6844181459566075 0.45675675675675675 0.6824457593688363 0.45045045045045046 0.6715976331360947 0.44504504504504505
0 0.6420118343195266 0.4261261261261261 0.6331360946745562 0.43243243243243246 0.6321499013806706 0.43873873873873875 0.6370808678500987 0.44594594594594594 0.6479289940828402 0.4486486486486487 0.6528599605522682 0.44684684684684683 0.6568047337278107 0.43873873873873875 0.6548323471400395 0.4315315315315315 0.6439842209072978 0.4261261261261261
0 0.6035502958579881 0.41081081081081083 0.596646942800789 0.41621621621621624 0.5956607495069034 0.4252252252252252 0.6005917159763313 0.43513513513513513 0.6134122287968442 0.43873873873873875 0.6242603550295858 0.43243243243243246 0.6252465483234714 0.4243243243243243 0.6222879684418146 0.418018018018018 0.6104536489151874 0.41081081081081083
0 0.5759368836291914 0.3837837837837838 0.5690335305719921 0.3900900900900901 0.5690335305719921 0.4009009009009009 0.5739644970414202 0.41081081081081083 0.5848126232741617 0.4135135135135135 0.5936883629191322 0.409009009009009 0.5956607495069034 0.3963963963963964 0.5927021696252466 0.3900900900900901 0.5818540433925049 0.3837837837837838
0 0.5562130177514792 0.35315315315315315 0.5493096646942801 0.3567567567567568 0.5453648915187377 0.36576576576576575 0.5463510848126233 0.3738738738738739 0.5532544378698225 0.3837837837837838 0.5700197238658777 0.3810810810810811 0.5749506903353058 0.372972972972973 0.5729783037475346 0.36126126126126124 0.5631163708086785 0.35315315315315315
0 0.5838264299802761 0.345045045045045 0.5769230769230769 0.34594594594594597 0.5739644970414202 0.3504504504504504 0.5769230769230769 0.36486486486486486 0.5838264299802761 0.36936936936936937 0.5976331360946746 0.36576576576576575 0.5927021696252466 0.3504504504504504 0.5848126232741617 0.345045045045045
0 0.6015779092702169 0.37117117117117115 0.5936883629191322 0.3792792792792793 0.6015779092702169 0.3900900900900901 0.6094674556213018 0.3891891891891892 0.6094674556213018 0.37657657657657656 0.6025641025641025 0.37207207207207205
0 0.5631163708086785 0.2927927927927928 0.5581854043392505 0.2990990990990991 0.5581854043392505 0.30720720720720723 0.5650887573964497 0.3144144144144144 0.5749506903353058 0.3153153153153153 0.5788954635108481 0.31261261261261264 0.5798816568047337 0.3063063063063063 0.5769230769230769 0.2972972972972973 0.5710059171597633 0.2927927927927928
0 0.5670611439842209 0.31981981981981983 0.5660749506903353 0.33153153153153153 0.5700197238658777 0.3396396396396396 0.5759368836291914 0.34144144144144145 0.5828402366863905 0.3387387387387387 0.5838264299802761 0.3324324324324324 0.5798816568047337 0.32432432432432434 0.5680473372781065 0.31981981981981983
0 0.5493096646942801 0.25135135135135134 0.5404339250493096 0.25765765765765763 0.5443786982248521 0.2801801801801802 0.5493096646942801 0.28378378378378377 0.5631163708086785 0.28378378378378377 0.5670611439842209 0.27927927927927926 0.5660749506903353 0.263963963963964 0.5631163708086785 0.25765765765765763 0.5532544378698225 0.25135135135135134
0 0.5473372781065089 0.22252252252252253 0.539447731755424 0.23063063063063063 0.539447731755424 0.23693693693693693 0.5453648915187377 0.24414414414414415 0.5522682445759369 0.24414414414414415 0.5591715976331361 0.23783783783783785 0.5571992110453649 0.22702702702702704 0.5502958579881657 0.22252252252252253
0 0.37534516765285997 0.2126126126126126 0.35404339250493094 0.2126126126126126 0.34516765285996054 0.22252252252252253 0.34615384615384615 0.23783783783783785 0.3510848126232742 0.24504504504504504 0.3520710059171598 0.2531531531531532 0.358974358974359 0.2585585585585586 0.3796844181459566 0.2594594594594595 0.3865877712031558 0.25765765765765763 0.39250493096646943 0.25135135135135134 0.39349112426035504 0.22522522522522523 0.3806706114398422 0.2126126126126126
0 0.4250493096646943 0.13693693693693693 0.4151873767258383 0.13963963963963963 0.40236686390532544 0.15225225225225225 0.40236686390532544 0.15855855855855855 0.4072978303747535 0.16666666666666666 0.4171597633136095 0.17387387387387387 0.4319526627218935 0.17207207207207206 0.4428007889546351 0.15675675675675677 0.4408284023668639 0.14414414414414414 0.4329388560157791 0.13873873873873874 0.4260355029585799 0.13783783783783785
0 0.46153846153846156 0.15585585585585585 0.45069033530571995 0.16216216216216217 0.4447731755424063 0.17927927927927928 0.45069033530571995 0.1900900900900901 0.4635108481262327 0.1954954954954955 0.480276134122288 0.1918918918918919 0.48422090729783035 0.18558558558558558 0.4832347140039448 0.16576576576576577 0.47830374753451677 0.15855855855855855 0.46844181459566075 0.15585585585585585
0 0.5 0.15405405405405406 0.490138067061144 0.16216216216216217 0.490138067061144 0.18558558558558558 0.4940828402366864 0.19099099099099098 0.5029585798816568 0.19369369369369369 0.5138067061143984 0.19099099099099098 0.5207100591715976 0.1810810810810811 0.519723865877712 0.16126126126126125 0.5078895463510849 0.15405405405405406
0 0.5364891518737672 0.15135135135135136 0.52465483234714 0.16216216216216217 0.5256410256410257 0.17477477477477477 0.5295857988165681 0.18288288288288287 0.5424063116370809 0.18468468468468469 0.5483234714003945 0.17747747747747747 0.5512820512820513 0.16486486486486487 0.5483234714003945 0.15765765765765766 0.5374753451676528 0.15225225225225225
0 0.5414201183431953 0.1927927927927928 0.5355029585798816 0.1945945945945946 0.5325443786982249 0.20270270270270271 0.5374753451676528 0.2099099099099099 0.5463510848126233 0.21351351351351353 0.5493096646942801 0.2126126126126126 0.5522682445759369 0.20270270270270271 0.5502958579881657 0.1963963963963964 0.5443786982248521 0.1927927927927928
0 0.5325443786982249 0.11081081081081082 0.5226824457593688 0.11711711711711711 0.5236686390532544 0.13693693693693693 0.5285996055226825 0.14324324324324325 0.5424063116370809 0.14144144144144144 0.5483234714003945 0.13063063063063063 0.5473372781065089 0.11891891891891893 0.5335305719921104 0.11081081081081082
0 0.5009861932938856 0.10540540540540541 0.490138067061144 0.10810810810810811 0.4832347140039448 0.11891891891891893 0.4832347140039448 0.14144144144144144 0.4940828402366864 0.15135135135135136 0.5108481262327417 0.14774774774774774 0.5177514792899408 0.14144144144144144 0.5187376725838264 0.12612612612612611 0.5157790927021696 0.11621621621621622 0.5059171597633136 0.10540540540540541
0 0.46449704142011833 0.11981981981981982 0.4556213017751479 0.12522522522522522 0.4477317554240631 0.13513513513513514 0.4477317554240631 0.14234234234234233 0.4526627218934911 0.14774774774774774 0.46844181459566075 0.14864864864864866 0.47731755424063116 0.14414414414414414 0.47731755424063116 0.12882882882882882 0.47337278106508873 0.12252252252252252 0.46646942800788954 0.11981981981981982
0 0.4418145956607495 0.05945945945945946 0.43096646942800787 0.06666666666666667 0.4270216962524655 0.07837837837837838 0.4280078895463511 0.0891891891891892 0.4388560157790927 0.0963963963963964 0.45069033530571995 0.0963963963963964 0.46153846153846156 0.08828828828828829 0.46153846153846156 0.06756756756756757 0.45069033530571995 0.05945945945945946
0 0.48717948717948717 0.055855855855855854 0.47633136094674555 0.05945945945945946 0.46844181459566075 0.07027027027027027 0.46942800788954636 0.09099099099099099 0.4832347140039448 0.0981981981981982 0.4911242603550296 0.0981981981981982 0.4990138067061144 0.09099099099099099 0.504930966469428 0.07207207207207207 0.5029585798816568 0.06576576576576576 0.4881656804733728 0.05675675675675676
0 0.4891518737672584 0.008108108108108109 0.47534516765285995 0.014414414414414415 0.46942800788954636 0.032432432432432434 0.47731755424063116 0.043243243243243246 0.48717948717948717 0.047747747747747746 0.5009861932938856 0.04594594594594595 0.5069033530571992 0.036036036036036036 0.504930966469428 0.015315315315315315 0.4960552268244576 0.008108108108108109
0 0.5276134122287969 0.017117117117117116 0.5138067061143984 0.023423423423423424 0.5108481262327417 0.03423423423423423 0.5138067061143984 0.04594594594594595 0.5226824457593688 0.05315315315315315 0.539447731755424 0.04954954954954955 0.5443786982248521 0.04054054054054054 0.5443786982248521 0.02882882882882883 0.5325443786982249 0.017117117117117116
0 0.4457593688362919 0.021621621621621623 0.4378698224852071 0.024324324324324326 0.4319526627218935 0.032432432432432434 0.4339250493096647 0.04504504504504504 0.4437869822485207 0.05045045045045045 0.45660749506903353 0.04594594594594595 0.46055226824457596 0.04144144144144144 0.45759368836291914 0.026126126126126126 0.4467455621301775 0.02252252252252252
0 0.5216962524654832 0.06306306306306306 0.5138067061143984 0.06846846846846846 0.5088757396449705 0.08468468468468468 0.5108481262327417 0.0990990990990991 0.5187376725838264 0.10540540540540541 0.5325443786982249 0.1045045045045045 0.5374753451676528 0.0990990990990991 0.5404339250493096 0.08738738738738738 0.5374753451676528 0.07207207207207207 0.5256410256410257 0.06306306306306306
0 0.35404339250493094 0.047747747747747746 0.3431952662721893 0.05045045045045045 0.3343195266272189 0.06036036036036036 0.33136094674556216 0.06936936936936937 0.3323471400394477 0.08378378378378379 0.34516765285996054 0.0981981981981982 0.3747534516765286 0.1 0.3806706114398422 0.0963963963963964 0.38461538461538464 0.08828828828828829 0.38560157790927024 0.06486486486486487 0.373767258382643 0.051351351351351354 0.3619329388560158 0.047747747747747746
0 0.40532544378698226 0.08738738738738738 0.39250493096646943 0.09099099099099099 0.3875739644970414 0.1018018018018018 0.39349112426035504 0.11081081081081082 0.41124260355029585 0.11351351351351352 0.42110453648915186 0.10270270270270271 0.42209072978303747 0.0936936936936937 0.42110453648915186 0.09099099099099099 0.41025641025641024 0.08738738738738738
0 0.39644970414201186 0.11891891891891893 0.3905325443786982 0.12072072072072072 0.3865877712031558 0.12612612612612611 0.3865877712031558 0.13603603603603603 0.3905325443786982 0.14144144144144144 0.40631163708086787 0.13783783783783785 0.41420118343195267 0.12972972972972974 0.41124260355029585 0.12162162162162163 0.40039447731755423 0.11891891891891893
0 0.35650887573964496 0.11531531531531532 0.34812623274161736 0.11621621621621622 0.3431952662721893 0.11981981981981982 0.34122287968441817 0.12972972972972974 0.3510848126232742 0.13783783783783785 0.36587771203155817 0.13963963963963963 0.3727810650887574 0.13423423423423422 0.3747534516765286 0.12612612612612611 0.3619329388560158 0.11531531531531532
0 0.2958579881656805 0.12432432432432433 0.28402366863905326 0.12612612612612611 0.27514792899408286 0.13423423423423422 0.27218934911242604 0.14234234234234233 0.27317554240631164 0.15585585585585585 0.28500986193293887 0.16846846846846847 0.29191321499013806 0.17207207207207206 0.3047337278106509 0.17297297297297298 0.3224852071005917 0.16486486486486487 0.3264299802761341 0.14594594594594595 0.3214990138067061 0.13513513513513514 0.3136094674556213 0.12882882882882882 0.30078895463510846 0.12432432432432433
0 0.35601577909270216 0 0.33136094674556216 0 0.3244575936883629 0.008108108108108109 0.3244575936883629 0.017117117117117116 0.3343195266272189 0.03333333333333333 0.34812623274161736 0.032432432432432434 0.35700197238658776 0.025225225225225224 0.3619329388560158 0.011711711711711712 0.3609467455621302 0
0 0.3796844181459566 0 0.3708086785009862 0.011711711711711712 0.3678500986193294 0.025225225225225224 0.3698224852071006 0.032432432432432434 0.3757396449704142 0.036936936936936934 0.388560157790927 0.036036036036036036 0.39447731755424065 0.02972972972972973 0.3994082840236686 0.017117117117117116 0.39546351084812625 0.008108108108108109 0.38362919132149903 0
0 0.41222879684418146 0.02702702702702703 0.40236686390532544 0.03513513513513514 0.40039447731755423 0.044144144144144144 0.40335305719921105 0.04954954954954955 0.4151873767258383 0.04954954954954955 0.4240631163708087 0.043243243243243246 0.4240631163708087 0.03333333333333333 0.4151873767258383 0.02702702702702703
0 0.40532544378698226 0.05765765765765766 0.3974358974358974 0.06036036036036036 0.39447731755424065 0.06576576576576576 0.39644970414201186 0.07477477477477477 0.40433925049309666 0.08018018018018018 0.4151873767258383 0.07837837837837838 0.42110453648915186 0.07117117117117117 0.42110453648915186 0.06306306306306306 0.41420118343195267 0.05765765765765766
0 0.4324457593688363 0 0.40532544378698226 0.0018018018018018018 0.41420118343195267 0.012612612612612612 0.4240631163708087 0.013513513513513514 0.4319526627218935 0.011711711711711712 0.4378698224852071 0
0 0.3057199211045365 0.6477477477477478 0.2988165680473373 0.6495495495495496 0.29289940828402367 0.6576576576576577 0.2938856015779093 0.663963963963964 0.30177514792899407 0.6684684684684684 0.3126232741617357 0.6684684684684684 0.31952662721893493 0.6630630630630631 0.3185404339250493 0.6522522522522523 0.3106508875739645 0.6477477477477478
0 0.2968441814595661 0.6081081081081081 0.2859960552268245 0.6144144144144145 0.2859960552268245 0.6216216216216216 0.29092702169625245 0.6306306306306306 0.2978303747534517 0.6342342342342342 0.3067061143984221 0.6342342342342342 0.3126232741617357 0.6297297297297297 0.3145956607495069 0.6162162162162163 0.3057199211045365 0.6081081081081081
0 0.2702169625246548 0.6297297297297297 0.26331360946745563 0.6333333333333333 0.26429980276134124 0.6441441441441441 0.27120315581854043 0.6513513513513514 0.27909270216962523 0.6522522522522523 0.28402366863905326 0.6495495495495496 0.2859960552268245 0.6414414414414414 0.28303747534516766 0.6342342342342342 0.27712031558185407 0.6297297297297297
0 0.257396449704142 0.5990990990990991 0.2495069033530572 0.6054054054054054 0.2495069033530572 0.6126126126126126 0.2583826429980276 0.6225225225225225 0.2702169625246548 0.6207207207207207 0.27514792899408286 0.6135135135135135 0.27120315581854043 0.6036036036036037 0.26528599605522685 0.5990990990990991
0 0.2495069033530572 0.5666666666666667 0.2416173570019724 0.5684684684684684 0.23668639053254437 0.5765765765765766 0.23865877712031558 0.5855855855855856 0.2455621301775148 0.590990990990991 0.2583826429980276 0.5882882882882883 0.26331360946745563 0.581981981981982 0.2613412228796844 0.5720720720720721 0.2514792899408284 0.5666666666666667
0 0.23224852071005916 0.5396396396396397 0.22485207100591717 0.5405405405405406 0.21794871794871795 0.5468468468468468 0.21696252465483234 0.5603603603603604 0.22090729783037474 0.563963963963964 0.23372781065088757 0.563963963963964 0.2416173570019724 0.5576576576576576 0.24358974358974358 0.5468468468468468 0.23767258382642997 0.5396396396396397
0 0.22287968441814596 0.5081081081081081 0.21301775147928995 0.5099099099099099 0.20611439842209073 0.5153153153153153 0.20512820512820512 0.5225225225225225 0.21104536489151873 0.5324324324324324 0.22189349112426035 0.5333333333333333 0.23076923076923078 0.527927927927928 0.23274161735700197 0.5171171171171172 0.23076923076923078 0.5126126126126126 0.22386587771203156 0.509009009009009
0 0.20808678500986194 0.46936936936936935 0.1932938856015779 0.4774774774774775 0.19230769230769232 0.4873873873873874 0.20216962524654833 0.4972972972972973 0.1992110453648915 0.5009009009009009 0.20907297830374755 0.5045045045045045 0.21992110453648916 0.5018018018018018 0.21794871794871795 0.4981981981981982 0.22386587771203156 0.4963963963963964 0.22781065088757396 0.4882882882882883 0.22485207100591717 0.4765765765765766 0.21301775147928995 0.46936936936936935
0 0.24753451676528598 0.4657657657657658 0.2416173570019724 0.46846846846846846 0.23668639053254437 0.4756756756756757 0.2406311637080868 0.48558558558558557 0.2504930966469428 0.4846846846846847 0.2583826429980276 0.47927927927927927 0.2603550295857988 0.4720720720720721 0.25443786982248523 0.4657657657657658
0 0.27416173570019725 0.4891891891891892 0.26627218934911245 0.4900900900900901 0.2603550295857988 0.4963963963963964 0.2613412228796844 0.5081081081081081 0.2682445759368836 0.5144144144144144 0.28205128205128205 0.5108108108108108 0.2869822485207101 0.5054054054054054 0.2879684418145957 0.4981981981981982 0.28007889546351084 0.4891891891891892
0 0.26528599605522685 0.5387387387387388 0.257396449704142 0.5405405405405406 0.2514792899408284 0.5459459459459459 0.2504930966469428 0.5495495495495496 0.25443786982248523 0.5558558558558558 0.26429980276134124 0.5585585585585585 0.2702169625246548 0.5558558558558558 0.27416173570019725 0.5459459459459459 0.26627218934911245 0.5396396396396397
0 0.2495069033530572 0.5198198198198198 0.24358974358974358 0.5261261261261261 0.2445759368836292 0.5306306306306307 0.2514792899408284 0.5351351351351351 0.2593688362919132 0.5288288288288289 0.2583826429980276 0.5225225225225225 0.25443786982248523 0.5198198198198198
0 0.30177514792899407 0.563963963963964 0.2948717948717949 0.5693693693693693 0.2948717948717949 0.5747747747747748 0.30078895463510846 0.5801801801801801 0.3096646942800789 0.5792792792792792 0.3136094674556213 0.5747747747747748 0.3136094674556213 0.5693693693693693 0.3076923076923077 0.563963963963964
0 0.3244575936883629 0.5387387387387388 0.3116370808678501 0.545045045045045 0.3136094674556213 0.554954954954955 0.3244575936883629 0.5558558558558558 0.33136094674556216 0.5495495495495496 0.33136094674556216 0.5432432432432432 0.3254437869822485 0.5387387387387388
0 0.29191321499013806 0.5396396396396397 0.28303747534516766 0.5441441441441441 0.2859960552268245 0.5531531531531532 0.2968441814595661 0.5531531531531532 0.30078895463510846 0.545045045045045 0.2958579881656805 0.5396396396396397
0 0.28007889546351084 0.5855855855855856 0.27317554240631164 0.5891891891891892 0.27613412228796846 0.5981981981981982 0.2958579881656805 0.5990990990990991 0.2958579881656805 0.5918918918918918 0.28895463510848124 0.5855855855855856
0 0.17455621301775148 0.45135135135135135 0.16863905325443787 0.4594594594594595 0.17258382642998027 0.4711711711711712 0.1873767258382643 0.47387387387387386 0.1913214990138067 0.46306306306306305 0.18244575936883628 0.45135135135135135
0 0.16469428007889547 0.4117117117117117 0.15483234714003946 0.4144144144144144 0.15088757396449703 0.4243243243243243 0.15285996055226825 0.436036036036036 0.16370808678500987 0.44594594594594594 0.17061143984220908 0.44594594594594594 0.1834319526627219 0.43333333333333335 0.1834319526627219 0.4243243243243243 0.1794871794871795 0.41621621621621624 0.16962524654832348 0.4117117117117117
0 0.15285996055226825 0.37657657657657656 0.14201183431952663 0.3801801801801802 0.1390532544378698 0.39369369369369367 0.14398422090729784 0.4036036036036036 0.15877712031558186 0.40540540540540543 0.16863905325443787 0.4 0.17159763313609466 0.3891891891891892 0.16469428007889547 0.3792792792792793 0.15680473372781065 0.37657657657657656
0 0.14497041420118342 0.3441441441441441 0.1351084812623274 0.34864864864864864 0.1351084812623274 0.35585585585585583 0.13708086785009863 0.36126126126126124 0.14694280078895464 0.36666666666666664 0.15877712031558186 0.3630630630630631 0.16173570019723865 0.35945945945945945 0.15779092702169625 0.34684684684684686 0.14891518737672585 0.3441441441441441
0 0.1301775147928994 0.30720720720720723 0.1203155818540434 0.3108108108108108 0.11637080867850098 0.3171171171171171 0.11932938856015779 0.33063063063063064 0.126232741617357 0.33513513513513515 0.13313609467455623 0.3342342342342342 0.14102564102564102 0.32342342342342345 0.14003944773175542 0.3099099099099099 0.1341222879684418 0.30720720720720723
0 0.11439842209072978 0.27837837837837837 0.10453648915187377 0.2828828828828829 0.10453648915187377 0.2963963963963964 0.11242603550295859 0.3009009009009009 0.13313609467455623 0.2963963963963964 0.1282051282051282 0.290990990990991 0.126232741617357 0.2810810810810811 0.11735700197238659 0.27837837837837837
0 0.14694280078895464 0.26846846846846845 0.13806706114398423 0.27207207207207207 0.1351084812623274 0.2810810810810811 0.14102564102564102 0.2954954954954955 0.15384615384615385 0.2972972972972973 0.16173570019723865 0.2918918918918919 0.16272189349112426 0.27837837837837837 0.15680473372781065 0.2702702702702703 0.14792899408284024 0.26846846846846845
0 0.1868836291913215 0.36126126126126124 0.1804733727810651 0.36126126126126124 0.17258382642998027 0.3675675675675676 0.1755424063116371 0.3783783783783784 0.18244575936883628 0.3810810810810811 0.19230769230769232 0.3783783783783784 0.19822485207100593 0.372972972972973 0.19723865877712032 0.36486486486486486 0.1932938856015779 0.36126126126126124
0 0.23274161735700197 0.3918918918918919 0.22090729783037474 0.4045045045045045 0.22583826429980275 0.4117117117117117 0.23471400394477318 0.4117117117117117 0.2416173570019724 0.40540540540540543 0.24260355029585798 0.3972972972972973 0.23767258382642997 0.3918918918918919
0 0.19723865877712032 0.43873873873873875 0.19230769230769232 0.44684684684684683 0.20315581854043394 0.45675675675675675 0.20710059171597633 0.45675675675675675 0.21203155818540434 0.45315315315315313 0.21203155818540434 0.44504504504504505 0.20611439842209073 0.43873873873873875
0 0.22090729783037474 0.18198198198198198 0.20808678500986194 0.18828828828828828 0.20808678500986194 0.1981981981981982 0.21992110453648916 0.209009009009009 0.23471400394477318 0.2099099099099099 0.24260355029585798 0.2045045045045045 0.2465483234714004 0.1945945945945946 0.23865877712031558 0.18468468468468469 0.22682445759368836 0.18198198198198198
0 0.26331360946745563 0.2063063063063063 0.252465483234714 0.21351351351351353 0.2514792899408284 0.21891891891891893 0.25542406311637084 0.22522522522522523 0.27120315581854043 0.22432432432432434 0.2781065088757396 0.218018018018018 0.27613412228796846 0.2099099099099099 0.2692307692307692 0.2063063063063063
0 0.23076923076923078 0.22432432432432434 0.22287968441814596 0.22882882882882882 0.22386587771203156 0.24324324324324326 0.23076923076923078 0.24684684684684685 0.2406311637080868 0.24684684684684685 0.24753451676528598 0.24144144144144145 0.2485207100591716 0.23513513513513515 0.23865877712031558 0.22432432432432434
0 0.23372781065088757 0.2585585585585586 0.22682445759368836 0.26216216216216215 0.22287968441814596 0.2702702702702703 0.22386587771203156 0.2810810810810811 0.23076923076923078 0.2864864864864865 0.23865877712031558 0.2864864864864865 0.2514792899408284 0.2765765765765766 0.2514792899408284 0.26666666666666666 0.2406311637080868 0.2585585585585586
0 0.20808678500986194 0.2882882882882883 0.19723865877712032 0.2936936936936937 0.19723865877712032 0.3 0.20118343195266272 0.3036036036036036 0.21301775147928995 0.3027027027027027 0.21893491124260356 0.2981981981981982 0.21696252465483234 0.29009009009009007 0.21301775147928995 0.2882882882882883
0 0.15384615384615385 0.31261261261261264 0.15088757396449703 0.32882882882882886 0.15581854043392504 0.3342342342342342 0.15976331360946747 0.3342342342342342 0.16469428007889547 0.33063063063063064 0.16666666666666666 0.3225225225225225 0.15680473372781065 0.31261261261261264
0 0.1834319526627219 0.33153153153153153 0.17357001972386588 0.3387387387387387 0.17258382642998027 0.345045045045045 0.1755424063116371 0.34954954954954953 0.1863905325443787 0.34864864864864864 0.19230769230769232 0.345045045045045 0.19230769230769232 0.33513513513513515 0.1854043392504931 0.33153153153153153
0 0.2682445759368836 0.2774774774774775 0.2583826429980276 0.2810810810810811 0.2534516765285996 0.2882882882882883 0.25443786982248523 0.2963963963963964 0.26429980276134124 0.30180180180180183 0.27514792899408286 0.2981981981981982 0.27909270216962523 0.2936936936936937 0.27909270216962523 0.2828828828828829 0.2692307692307692 0.2774774774774775
0 0.20907297830374755 0.3117117117117117 0.20118343195266272 0.31261261261261264 0.19822485207100593 0.3171171171171171 0.1992110453648915 0.32522522522522523 0.20710059171597633 0.32972972972972975 0.21301775147928995 0.32972972972972975 0.21893491124260356 0.32432432432432434 0.21499013806706113 0.3117117117117117
0 0.27712031558185407 0.3099099099099099 0.26528599605522685 0.31351351351351353 0.26528599605522685 0.327027027027027 0.27712031558185407 0.3279279279279279 0.28994082840236685 0.3216216216216216 0.29092702169625245 0.31351351351351353 0.28205128205128205 0.3099099099099099
0 0.1814595660749507 0.27207207207207207 0.1765285996055227 0.2765765765765766 0.1755424063116371 0.2828828828828829 0.17850098619329388 0.2873873873873874 0.1854043392504931 0.2882882882882883 0.1903353057199211 0.28468468468468466 0.1913214990138067 0.27837837837837837 0.1844181459566075 0.27207207207207207
0 0.20019723865877712 0.24054054054054055 0.1883629191321499 0.24774774774774774 0.1873767258382643 0.25585585585585585 0.1903353057199211 0.2594594594594595 0.20019723865877712 0.26036036036036037 0.21301775147928995 0.25405405405405407 0.21203155818540434 0.24594594594594596 0.20315581854043394 0.24054054054054055
0 0.14003944773175542 0.23153153153153153 0.13313609467455623 0.23693693693693693 0.13214990138067062 0.24324324324324326 0.13313609467455623 0.24774774774774774 0.14102564102564102 0.2531531531531532 0.14990138067061143 0.25135135135135134 0.15384615384615385 0.24594594594594596 0.15285996055226825 0.23603603603603604 0.14694280078895464 0.23153153153153153
0 0.11242603550295859 0.24954954954954955 0.10552268244575937 0.25495495495495496 0.10552268244575937 0.26846846846846845 0.11932938856015779 0.2693693693693694 0.1291913214990138 0.2648648648648649 0.1291913214990138 0.2585585585585586 0.11834319526627218 0.24954954954954955
0 0.13214990138067062 0.19099099099099098 0.1232741617357002 0.2018018018018018 0.1242603550295858 0.21081081081081082 0.1282051282051282 0.21621621621621623 0.13609467455621302 0.2153153153153153 0.14398422090729784 0.209009009009009 0.14694280078895464 0.1981981981981982 0.14003944773175542 0.19099099099099098
0 0.1863905325443787 0.14504504504504503 0.17455621301775148 0.14864864864864866 0.16962524654832348 0.15675675675675677 0.17159763313609466 0.17117117117117117 0.1854043392504931 0.18288288288288287 0.1992110453648915 0.17927927927927928 0.21104536489151873 0.16846846846846847 0.20808678500986194 0.15405405405405406 0.1992110453648915 0.14684684684684685 0.1913214990138067 0.14504504504504503
0 0.2416173570019724 0.14504504504504503 0.22978303747534518 0.14864864864864866 0.22485207100591717 0.15675675675675677 0.22682445759368836 0.16756756756756758 0.2357001972386588 0.17297297297297298 0.2504930966469428 0.17117117117117117 0.2603550295857988 0.16036036036036036 0.25542406311637084 0.14864864864864866 0.2445759368836292 0.14504504504504503
0 0.2692307692307692 0.17567567567567569 0.2593688362919132 0.18558558558558558 0.2613412228796844 0.1900900900900901 0.2682445759368836 0.1927927927927928 0.28303747534516766 0.18558558558558558 0.28007889546351084 0.1783783783783784 0.2702169625246548 0.17567567567567569
0 0.3136094674556213 0.0918918918918919 0.3037475345167653 0.0981981981981982 0.30177514792899407 0.10540540540540541 0.3047337278106509 0.11261261261261261 0.3185404339250493 0.11711711711711711 0.3264299802761341 0.11531531531531532 0.3323471400394477 0.10810810810810811 0.33136094674556216 0.0990990990990991 0.3214990138067061 0.0918918918918919
0 0.27662721893491127 0.08828828828828829 0.26429980276134124 0.09099099099099099 0.26232741617357 0.1018018018018018 0.2682445759368836 0.10990990990990991 0.28303747534516766 0.11171171171171171 0.28994082840236685 0.1036036036036036 0.29092702169625245 0.0963963963963964 0.28205128205128205 0.08828828828828829
0 0.26429980276134124 0.04864864864864865 0.2514792899408284 0.051351351351351354 0.24753451676528598 0.055855855855855854 0.24753451676528598 0.06306306306306306 0.2534516765285996 0.07117117117117117 0.27218934911242604 0.07117117117117117 0.27909270216962523 0.06576576576576576 0.2781065088757396 0.05405405405405406 0.267258382642998 0.04864864864864865
0 0.3037475345167653 0.05855855855855856 0.29289940828402367 0.06396396396396396 0.29191321499013806 0.07477477477477477 0.2958579881656805 0.07927927927927927 0.3136094674556213 0.07837837837837838 0.32051282051282054 0.07387387387387387 0.31952662721893493 0.06036036036036036 0.3047337278106509 0.05855855855855856
0 0.2988165680473373 0.011711711711711712 0.2859960552268245 0.01891891891891892 0.28500986193293887 0.025225225225225224 0.29191321499013806 0.043243243243243246 0.29980276134122286 0.04864864864864865 0.3086785009861933 0.04684684684684685 0.3136094674556213 0.03963963963963964 0.3126232741617357 0.018018018018018018 0.3096646942800789 0.013513513513513514 0.3037475345167653 0.011711711711711712
0 0.2504930966469428 0.01891891891891892 0.24358974358974358 0.023423423423423424 0.23964497041420119 0.036036036036036036 0.24260355029585798 0.04054054054054054 0.252465483234714 0.04234234234234234 0.26331360946745563 0.03963963963963964 0.2692307692307692 0.02972972972972973 0.267258382642998 0.023423423423423424 0.2593688362919132 0.01891891891891892
0 0.21301775147928995 0.0018018018018018018 0.20118343195266272 0.011711711711711712 0.20512820512820512 0.023423423423423424 0.21301775147928995 0.03063063063063063 0.22189349112426035 0.02972972972972973 0.2357001972386588 0.014414414414414415 0.22978303747534518 0.0045045045045045045 0.22090729783037474 0.0018018018018018018
0 0.21597633136094674 0.04054054054054054 0.20611439842209073 0.04594594594594595 0.20414201183431951 0.05315315315315315 0.20611439842209073 0.06036036036036036 0.21499013806706113 0.06306306306306306 0.22386587771203156 0.06306306306306306 0.23471400394477318 0.054954954954954956 0.23175542406311636 0.04594594594594595 0.22386587771203156 0.04054054054054054
0 0.23076923076923078 0.07567567567567568 0.21893491124260356 0.08288288288288288 0.22189349112426035 0.0981981981981982 0.22978303747534518 0.1018018018018018 0.24260355029585798 0.0990990990990991 0.2495069033530572 0.0918918918918919 0.24753451676528598 0.08288288288288288 0.23865877712031558 0.07567567567567568
0 0.24260355029585798 0.11261261261261261 0.23471400394477318 0.11801801801801802 0.2357001972386588 0.13063063063063063 0.2406311637080868 0.13513513513513514 0.25443786982248523 0.13513513513513514 0.26331360946745563 0.12972972972972974 0.26429980276134124 0.12522522522522522 0.2564102564102564 0.11531531531531532 0.2485207100591716 0.11261261261261261
0 0.21301775147928995 0.12252252252252252 0.20611439842209073 0.12882882882882882 0.20808678500986194 0.13783783783783785 0.21203155818540434 0.14144144144144144 0.22287968441814596 0.14144144144144144 0.22781065088757396 0.13513513513513514 0.22583826429980275 0.12612612612612611 0.22090729783037474 0.12252252252252252
0 0.20118343195266272 0.0963963963963964 0.1893491124260355 0.1045045045045045 0.1883629191321499 0.109009009009009 0.1952662721893491 0.11621621621621622 0.20512820512820512 0.11621621621621622 0.21400394477317555 0.11261261261261261 0.21203155818540434 0.1018018018018018 0.20315581854043394 0.0963963963963964
0 0.1755424063116371 0.08018018018018018 0.16962524654832348 0.08018018018018018 0.16272189349112426 0.08738738738738738 0.16272189349112426 0.09549549549549549 0.16666666666666666 0.1 0.17751479289940827 0.1 0.1854043392504931 0.0945945945945946 0.1863905325443787 0.08648648648648649 0.1814595660749507 0.08018018018018018
0 0.18244575936883628 0.12162162162162163 0.17751479289940827 0.12882882882882882 0.17850098619329388 0.13333333333333333 0.1844181459566075 0.13603603603603603 0.19230769230769232 0.13423423423423422 0.1942800788954635 0.12972972972972974 0.1863905325443787 0.12162162162162163
0 0.15285996055226825 0.11891891891891893 0.14694280078895464 0.12072072072072072 0.14201183431952663 0.12792792792792793 0.14299802761341224 0.13963963963963963 0.14595660749506903 0.14144144144144144 0.16272189349112426 0.14144144144144144 0.16765285996055226 0.13693693693693693 0.16568047337278108 0.12342342342342343 0.15581854043392504 0.11891891891891893
0 0.14299802761341224 0.15405405405405406 0.13609467455621302 0.15675675675675677 0.1351084812623274 0.16486486486486487 0.1390532544378698 0.17387387387387387 0.14497041420118342 0.17567567567567569 0.15384615384615385 0.17117117117117117 0.15581854043392504 0.15945945945945947 0.14398422090729784 0.15405405405405406
0 0.09861932938856016 0.1927927927927928 0.09072978303747535 0.1981981981981982 0.09171597633136094 0.2126126126126126 0.10946745562130178 0.2153153153153153 0.11538461538461539 0.2072072072072072 0.11439842209072978 0.1972972972972973 0.10552268244575937 0.1927927927927928
0 0.11538461538461539 0.22162162162162163 0.10256410256410256 0.22342342342342342 0.09467455621301775 0.22792792792792793 0.09861932938856016 0.24144144144144145 0.11242603550295859 0.24504504504504504 0.12130177514792899 0.24054054054054055 0.1242603550295858 0.23063063063063063 0.11637080867850098 0.22162162162162163
0 0.09072978303747535 0.07927927927927927 0.07889546351084813 0.08198198198198198 0.07495069033530571 0.08828828828828829 0.07692307692307693 0.10270270270270271 0.08382642998027613 0.10720720720720721 0.09960552268244575 0.10720720720720721 0.10552268244575937 0.1036036036036036 0.10650887573964497 0.0891891891891892 0.09566074950690336 0.07927927927927927
0 0.08777120315581854 0.11531531531531532 0.07988165680473373 0.11891891891891893 0.07692307692307693 0.12882882882882882 0.08086785009861933 0.13873873873873874 0.08579881656804733 0.14054054054054055 0.09467455621301775 0.13963963963963963 0.10157790927021697 0.12702702702702703 0.09960552268244575 0.11981981981981982 0.08974358974358974 0.11531531531531532
0 0.1232741617357002 0.11171171171171171 0.11834319526627218 0.11171171171171171 0.11143984220907298 0.11711711711711711 0.11341222879684418 0.12702702702702703 0.1203155818540434 0.13153153153153152 0.131163708086785 0.12972972972972974 0.13313609467455623 0.11621621621621622 0.1282051282051282 0.11171171171171171
0 0.10848126232741617 0.15945945945945947 0.10059171597633136 0.16216216216216217 0.09664694280078895 0.16846846846846847 0.09664694280078895 0.17477477477477477 0.10355029585798817 0.18558558558558558 0.1222879684418146 0.18198198198198198 0.1232741617357002 0.16576576576576577 0.11735700197238659 0.15945945945945947
0 0.08086785009861933 0.044144144144144144 0.07593688362919132 0.04594594594594595 0.07297830374753451 0.051351351351351354 0.07396449704142012 0.06396396396396396 0.08086785009861933 0.07117117117117117 0.09072978303747535 0.07027027027027027 0.09861932938856016 0.06036036036036036 0.09566074950690336 0.047747747747747746 0.08875739644970414 0.044144144144144144
0 0.08579881656804733 0.017117117117117116 0.07692307692307693 0.024324324324324326 0.07692307692307693 0.032432432432432434 0.08086785009861933 0.036936936936936934 0.09467455621301775 0.03783783783783784 0.10059171597633136 0.032432432432432434 0.10059171597633136 0.024324324324324326 0.09171597633136094 0.017117117117117116
0 0.16272189349112426 0.03153153153153153 0.15483234714003946 0.03963963963963964 0.15483234714003946 0.04504504504504504 0.16074950690335305 0.051351351351351354 0.16666666666666666 0.051351351351351354 0.17357001972386588 0.04684684684684685 0.17455621301775148 0.03963963963963964 0.16765285996055226 0.03153153153153153
0 0.17800788954635108 0.0036036036036036037 0.16765285996055226 0.006306306306306306 0.16568047337278108 0.012612612612612612 0.16765285996055226 0.021621621621621623 0.17455621301775148 0.025225225225225224 0.18244575936883628 0.024324324324324326 0.1903353057199211 0.01891891891891892 0.1913214990138067 0.010810810810810811 0.1834319526627219 0.0036036036036036037
0 0.20216962524654833 0.07117117117117117 0.1932938856015779 0.07747747747747748 0.19230769230769232 0.08558558558558559 0.1952662721893491 0.09009009009009009 0.20315581854043394 0.0891891891891892 0.20710059171597633 0.08558558558558559 0.21005917159763313 0.07657657657657657 0.20611439842209073 0.07117117117117117
0 0.14990138067061143 0.06306306306306306 0.14201183431952663 0.07027027027027027 0.14003944773175542 0.07747747747747748 0.14398422090729784 0.08468468468468468 0.15088757396449703 0.08378378378378379 0.15877712031558186 0.07477477477477477 0.15877712031558186 0.06666666666666667 0.15384615384615385 0.06306306306306306
0 0.21203155818540434 0.37747747747747745 0.20315581854043394 0.3864864864864865 0.20315581854043394 0.3900900900900901 0.20907297830374755 0.3945945945945946 0.21597633136094674 0.3927927927927928 0.22189349112426035 0.3864864864864865 0.22189349112426035 0.38198198198198197 0.21696252465483234 0.37747747747747745
0 0.22386587771203156 0.42252252252252254 0.21794871794871795 0.4315315315315315 0.22189349112426035 0.44054054054054054 0.22682445759368836 0.44054054054054054 0.23471400394477318 0.4315315315315315 0.23471400394477318 0.4252252252252252 0.22879684418145957 0.42252252252252254
0 0.20118343195266272 0.409009009009009 0.19625246548323472 0.41081081081081083 0.19230769230769232 0.41711711711711713 0.19625246548323472 0.42342342342342343 0.20512820512820512 0.42342342342342343 0.21104536489151873 0.418018018018018 0.20710059171597633 0.409009009009009
0 0.3777120315581854 0.6396396396396397 0.373767258382643 0.6423423423423423 0.3727810650887574 0.6477477477477478 0.3826429980276134 0.6549549549549549 0.3875739644970414 0.6522522522522523 0.3895463510848126 0.645045045045045 0.3806706114398422 0.6396396396396397
0 0.36489151873767256 0.6144144144144145 0.35700197238658776 0.618018018018018 0.35502958579881655 0.6225225225225225 0.3619329388560158 0.6306306306306306 0.3678500986193294 0.6306306306306306 0.3717948717948718 0.6270270270270271 0.3727810650887574 0.6189189189189189 0.368836291913215 0.6144144144144145
0 0.3767258382642998 0.5900900900900901 0.3727810650887574 0.5990990990990991 0.3796844181459566 0.6072072072072072 0.3905325443786982 0.6018018018018018 0.3905325443786982 0.5945945945945946 0.38461538461538464 0.5900900900900901
0 0.34023668639053256 0.554954954954955 0.32741617357001973 0.5630630630630631 0.3254437869822485 0.5711711711711712 0.32840236686390534 0.5747747747747748 0.34418145956607493 0.5765765765765766 0.35009861932938857 0.5702702702702702 0.35009861932938857 0.5603603603603604 0.3422090729783038 0.554954954954955
0 0.7928994082840237 0.8315315315315316 0.7869822485207101 0.8369369369369369 0.7889546351084813 0.8441441441441442 0.7928994082840237 0.845945945945946 0.796844181459566 0.845945945945946 0.8007889546351085 0.8414414414414414 0.8007889546351085 0.8342342342342343 0.796844181459566 0.8315315315315316
0 0.5552337278106508 0.04244234234234234 0.5460157790927022 0.04897297297297297 0.5475 0.05575675675675676 0.5534398422090729 0.06140900900900901 0.5611104536489152 0.05801801801801802 0.5623481262327417 0.04919909909909909
0 0.5512120315581854 0.06476486486486487 0.5435414201183432 0.07022792792792792 0.5470059171597633 0.0761072072072072 0.5583885601577909 0.07655945945945945 0.5608629191321499 0.07022792792792792
0 0.07980473372781065 0.14614504504504505 0.07720710059171597 0.15363873873873873 0.08289842209072978 0.1626837837837838 0.09205424063116371 0.1601963963963964 0.09403353057199211 0.15182972972972975 0.09106410256410256 0.1482126126126126
0 0.1039319526627219 0.1404936936936937 0.1002199211045365 0.15024774774774774 0.10863412228796844 0.15386486486486486 0.11506804733727811 0.15092612612612613 0.11704733727810651 0.1421072072072072
0 0.11135601577909271 0.06278738738738739 0.10863412228796844 0.07055855855855855 0.11234615384615385 0.07847207207207207 0.12372879684418146 0.08005495495495496 0.13115285996055226 0.0734981981981982 0.12966765285996057 0.06241801801801802 0.12150197238658778 0.059478378378378376
0 0.1323895463510848 0.03792072072072072 0.13140039447731755 0.04704144144144144 0.13832938856015778 0.05292072072072072 0.14600000000000002 0.045458558558558564 0.14352564102564103 0.03437837837837838
0 0.11506804733727811 0.019554054054054054 0.10987080867850099 0.025785585585585587 0.11556311637080868 0.033699999999999994 0.12372879684418146 0.032343243243243246 0.12843096646942803 0.023072072072072073 0.12224457593688363 0.0190018018018018
0 0.10764398422090729 0.03933333333333333 0.10467455621301776 0.046882882882882886 0.10987080867850099 0.05230990990990991 0.12001676528599606 0.051179279279279274 0.11976923076923077 0.04507387387387387 0.11482051282051282 0.04122972972972973
0 0.16394082840236684 0.20322432432432433 0.15682642998027613 0.2121855855855856 0.16053846153846155 0.2198738738738739 0.17167357001972386 0.22010000000000002 0.17588067061143983 0.20811531531531532 0.17093195266272188 0.2035927927927928