0 0.555216 0.881258 0.55478 0.885246 0.556962 0.88879 0.5622 0.889677 0.566565 0.887018 0.563946 0.878157 0.557399 0.878157
0 0.574422 0.887904 0.573985 0.891006 0.577041 0.89455 0.581842 0.895879 0.584024 0.894107 0.584897 0.888347 0.581405 0.883917
0 0.572676 0.867966 0.571803 0.874169 0.574422 0.877714 0.579223 0.878157 0.583151 0.875498 0.584024 0.869739 0.581405 0.866637 0.576604 0.865308
0 0.556526 0.863536 0.556962 0.869739 0.565255 0.870182 0.567001 0.86265 0.564819 0.859548 0.560454 0.860434
0 0.527717 0.87284 0.529027 0.882144 0.53601 0.882144 0.539066 0.876828 0.537756 0.869296 0.531646 0.868852
0 0.505456 0.881258 0.505456 0.886132 0.507639 0.88879 0.515495 0.891006 0.519424 0.888347 0.523352 0.879929 0.518987 0.875498 0.512003 0.874612 0.508948 0.875498
0 0.490615 0.866194 0.488433 0.873283 0.494544 0.880372 0.501528 0.879043 0.505893 0.873283 0.506329 0.866194 0.498909 0.861763 0.494544 0.862206
0 0.469664 0.856004 0.469227 0.86265 0.473156 0.867966 0.475775 0.868852 0.485378 0.86708 0.491052 0.859548 0.489742 0.852902 0.481886 0.847585 0.477084 0.847585 0.473156 0.849801
0 0.484505 0.838724 0.484068 0.842268 0.490615 0.845813 0.495417 0.841825 0.49498 0.838281 0.491052 0.836066 0.486687 0.836066
0 0.493234 0.824103 0.492798 0.82809 0.497163 0.831192 0.501964 0.831192 0.504583 0.82809 0.501528 0.822774 0.497599 0.821887
0 0.516368 0.841382 0.516368 0.845813 0.518551 0.849358 0.524662 0.848914 0.527717 0.84537 0.528154 0.841382 0.525971 0.838724 0.521606 0.838724
0 0.591008 0.892335 0.590135 0.89455 0.591881 0.898538 0.596246 0.899424 0.598429 0.897652 0.598865 0.893664 0.597119 0.891449 0.594937 0.890563
0 0.603667 0.885689 0.60323 0.887904 0.605849 0.891892 0.609777 0.891892 0.61196 0.889233 0.61196 0.886132 0.609341 0.883474 0.605849 0.883474
0 0.589262 0.8786 0.590135 0.884803 0.59581 0.885689 0.597119 0.88436 0.597992 0.879043 0.595373 0.874612 0.591881 0.874612
0 0.56089 0.904741 0.560454 0.908285 0.563946 0.912273 0.57093 0.913602 0.575731 0.909171 0.577914 0.903412 0.573985 0.897652 0.566565 0.898981
0 0.54474 0.897209 0.54474 0.904298 0.546486 0.907842 0.549978 0.909615 0.55347 0.908728 0.556962 0.900753 0.556089 0.897209 0.553907 0.895879
0 0.573549 0.916704 0.574858 0.921577 0.581842 0.926451 0.586643 0.922907 0.589699 0.914931 0.58577 0.910501 0.580533 0.909615
0 0.588826 0.925122 0.588389 0.928666 0.594064 0.931325 0.598865 0.931325 0.604103 0.922463 0.603667 0.918476 0.598865 0.916261 0.593191 0.916261 0.591008 0.918033
0 0.60323 0.929996 0.60323 0.935755 0.607595 0.939743 0.612833 0.942844 0.617198 0.942844 0.62069 0.940629 0.623309 0.926894 0.619817 0.922907 0.61196 0.921577 0.608031 0.92335
0 0.627674 0.932211 0.627674 0.942401 0.630292 0.946389 0.640332 0.94949 0.646006 0.947275 0.649498 0.934869 0.643824 0.92778 0.63684 0.925122 0.632475 0.925565 0.629419 0.927337
0 0.65299 0.936198 0.65168 0.9393 0.653863 0.947275 0.660847 0.954364 0.662593 0.953921 0.666521 0.947718 0.666085 0.937971 0.659101 0.934426
0 0.670013 0.946389 0.667394 0.953035 0.668267 0.958352 0.675251 0.962339 0.683108 0.961896 0.68529 0.95525 0.684417 0.945946 0.674814 0.942401
0 0.688346 0.95525 0.688782 0.963226 0.695766 0.963226 0.700131 0.952149 0.696639 0.949047 0.692711 0.949047 0.690092 0.95082
0 0.700131 0.962782 0.700131 0.971201 0.709734 0.976961 0.717154 0.976961 0.720646 0.964998 0.720646 0.959238 0.718027 0.955693 0.709734 0.952149 0.706242 0.952592
0 0.721955 0.971644 0.721519 0.976961 0.723701 0.980505 0.73505 0.98272 0.739852 0.978733 0.742907 0.96677 0.739852 0.962339 0.730685 0.958795 0.724574 0.962782
0 0.746835 0.97253 0.747272 0.981834 0.750327 0.986265 0.756002 0.988923 0.765605 0.987151 0.767787 0.976074 0.763859 0.970758 0.757311 0.968542 0.750764 0.968542
0 0.771279 0.976074 0.770842 0.988037 0.772152 0.989809 0.777826 0.991582 0.784374 0.990253 0.786556 0.984493 0.786556 0.976074 0.780882 0.972973 0.773898 0.973416
0 0.789612 0.980948 0.788739 0.988923 0.791357 0.992911 0.797905 0.995126 0.804889 0.994683 0.807508 0.98405 0.805762 0.976961 0.801397 0.975188 0.79354 0.975631
0 0.808817 0.989366 0.808381 0.995126 0.810127 0.999557 0.821912 0.999557 0.824094 0.98848 0.822348 0.983607 0.817547 0.981834 0.812746 0.982277 0.810127 0.984493
0 0.826277 0.987151 0.82715 0.999557 0.84199 0.999557 0.845482 0.989366 0.842863 0.983607 0.838935 0.981834 0.831951 0.981834
0 0.798341 0.965884 0.798341 0.971201 0.803143 0.972973 0.805762 0.971201 0.806635 0.963669 0.802706 0.963226
0 0.803143 0.950377 0.802706 0.953478 0.804889 0.955693 0.810127 0.956136 0.812309 0.953478 0.80969 0.947275 0.805762 0.947275
0 0.782628 0.942844 0.783501 0.949047 0.786993 0.951263 0.793103 0.951263 0.796595 0.946832 0.795722 0.939743 0.791794 0.938414 0.788302 0.938414
0 0.762113 0.931768 0.761676 0.937085 0.764295 0.941515 0.771279 0.943288 0.776953 0.941072 0.777826 0.93354 0.773898 0.92778 0.766041 0.928223
0 0.772152 0.95082 0.771715 0.953035 0.775207 0.957023 0.780009 0.957466 0.781318 0.956136 0.779136 0.949934 0.77608 0.947275
0 0.769969 0.963226 0.769969 0.968542 0.775644 0.969428 0.777826 0.968099 0.779136 0.963226 0.776517 0.96101
0 0.695766 0.92202 0.694893 0.926008 0.696203 0.930439 0.702313 0.934426 0.706242 0.935312 0.710607 0.93354 0.714535 0.92778 0.713662 0.919805 0.708861 0.916704 0.70144 0.917147
0 0.453514 0.848914 0.452641 0.852459 0.454387 0.856447 0.458752 0.860434 0.463117 0.860877 0.467481 0.853345 0.468791 0.84537 0.466608 0.843155 0.459625 0.841382
0 0.440419 0.836952 0.4378 0.84537 0.44522 0.852016 0.449585 0.852459 0.455696 0.842268 0.454823 0.837395 0.446966 0.832964 0.442601 0.83385
0 0.42165 0.833407 0.420777 0.835179 0.422523 0.839167 0.432126 0.84537 0.438237 0.835179 0.438237 0.831192 0.432126 0.826318 0.427324 0.827647
0 0.397206 0.810811 0.397643 0.817014 0.404627 0.821444 0.408119 0.819672 0.412047 0.813912 0.41292 0.808152 0.410738 0.804608 0.406809 0.802836 0.399825 0.80638
0 0.381929 0.796633 0.381493 0.803722 0.382802 0.805937 0.38804 0.810811 0.393715 0.811697 0.399825 0.800177 0.398079 0.793088 0.393715 0.788658 0.38935 0.788658 0.384112 0.792202
0 0.45526 0.81214 0.454823 0.816128 0.456569 0.818786 0.463117 0.820558 0.464863 0.819229 0.465735 0.814798 0.463553 0.811254 0.459625 0.809925
0 0.473156 0.819672 0.472283 0.825432 0.474029 0.828533 0.47883 0.829863 0.483195 0.82809 0.483632 0.82366 0.481449 0.820558 0.477957 0.818786
0 0.632038 0.893664 0.630292 0.897209 0.631165 0.901639 0.63684 0.904298 0.642078 0.901639 0.642514 0.897652 0.638586 0.891892 0.635094 0.891449
0 0.61938 0.879929 0.61938 0.887018 0.622436 0.889233 0.631602 0.887461 0.631165 0.882588 0.62811 0.8786 0.622872 0.876828
0 0.601921 0.865308 0.602357 0.87284 0.605412 0.875498 0.612396 0.875942 0.617198 0.872397 0.618507 0.864422 0.617634 0.86132 0.615015 0.859548 0.606285 0.859991
0 0.624618 0.860877 0.624618 0.86708 0.626364 0.870625 0.634657 0.872397 0.639895 0.870625 0.640768 0.86265 0.637713 0.856447 0.630292 0.856004 0.626364 0.857776
0 0.647752 0.86265 0.647752 0.871511 0.650371 0.874612 0.657791 0.876385 0.664775 0.87284 0.666085 0.863093 0.663029 0.857333 0.659537 0.856004 0.65168 0.857333
0 0.647316 0.888347 0.646879 0.891449 0.650371 0.895436 0.654299 0.894993 0.657791 0.890563 0.657355 0.886575 0.650808 0.883474
0 0.66172 0.897209 0.660847 0.900753 0.664339 0.903855 0.671323 0.903412 0.673505 0.900753 0.671759 0.896323 0.668267 0.894107 0.664339 0.89455
0 0.63553 0.913602 0.636403 0.919362 0.644697 0.920248 0.64557 0.914488 0.643387 0.910501 0.639895 0.909171
0 0.672196 0.91183 0.671323 0.915374 0.673069 0.921134 0.675687 0.922907 0.681362 0.921577 0.683981 0.91759 0.684417 0.911387 0.676997 0.908285
0 0.648189 0.90607 0.650371 0.913602 0.656482 0.911387 0.656482 0.90607 0.654736 0.902969 0.649935 0.903412
0 0.676997 0.886132 0.676997 0.896323 0.680925 0.900753 0.687036 0.902082 0.693584 0.897652 0.694893 0.887018 0.689655 0.879929 0.685727 0.879043 0.682235 0.880372
0 0.719337 0.94506 0.722392 0.953478 0.724574 0.954364 0.728939 0.952592 0.729812 0.948161 0.72763 0.943731 0.723265 0.942401
0 0.735487 0.950377 0.73505 0.954364 0.741598 0.957909 0.742907 0.95525 0.742034 0.950377 0.737669 0.948604
0 0.731995 0.908285 0.731122 0.916261 0.732431 0.920691 0.737233 0.924679 0.744653 0.924236 0.746835 0.918033 0.746399 0.911387 0.744216 0.907399 0.737233 0.904298
0 0.719773 0.926008 0.719773 0.932654 0.726757 0.934869 0.728939 0.931768 0.728066 0.925565 0.723265 0.92335
0 0.684417 0.830749 0.68529 0.841825 0.688782 0.845813 0.696639 0.848028 0.709734 0.845813 0.714972 0.838281 0.716281 0.832078 0.716281 0.823217 0.713662 0.813912 0.706678 0.808595 0.70144 0.808152 0.694893 0.810368 0.690528 0.813912
0 0.693584 0.863979 0.69402 0.875498 0.698385 0.880815 0.709734 0.882144 0.714972 0.877271 0.717154 0.872397 0.717154 0.866194 0.710607 0.85556 0.707115 0.854231 0.699258 0.855117 0.69533 0.858662
0 0.718027 0.880372 0.716281 0.88879 0.719773 0.898538 0.728939 0.899867 0.734177 0.898538 0.738106 0.895436 0.742034 0.879929 0.740725 0.875498 0.737669 0.872397 0.732868 0.871068 0.725884 0.871954 0.72021 0.876385
0 0.742034 0.856004 0.741161 0.865751 0.747272 0.87284 0.755129 0.874612 0.765168 0.872397 0.770842 0.865751 0.771715 0.846699 0.76866 0.841382 0.758621 0.83961 0.750327 0.844041
0 0.716281 0.805051 0.716718 0.814798 0.724138 0.832521 0.730685 0.832964 0.737669 0.830749 0.745089 0.824103 0.748145 0.813026 0.748145 0.805051 0.745962 0.800177 0.743344 0.798405 0.738542 0.795747 0.730249 0.795747 0.721519 0.800177
0 0.738106 0.836509 0.737669 0.841825 0.741598 0.844927 0.746835 0.842712 0.7512 0.838281 0.752073 0.834736 0.749018 0.831192 0.744216 0.830306
0 0.714099 0.848028 0.717154 0.85689 0.726757 0.86265 0.734614 0.860434 0.737233 0.85689 0.737233 0.848028 0.734177 0.841825 0.730685 0.83961 0.723265 0.839167 0.7189 0.841382
0 0.671323 0.860434 0.670886 0.867523 0.672632 0.871511 0.67656 0.873283 0.683108 0.873283 0.687909 0.869739 0.690092 0.855117 0.687473 0.852016 0.683108 0.852016 0.674378 0.855117
0 0.659537 0.834736 0.659101 0.844041 0.662156 0.850244 0.670013 0.851573 0.679616 0.847585 0.680925 0.844927 0.680489 0.836952 0.675687 0.831192 0.664775 0.830306
0 0.673505 0.815685 0.670886 0.820558 0.671323 0.824103 0.673069 0.825875 0.679179 0.826761 0.683544 0.821001 0.683544 0.813912 0.67787 0.812583
0 0.64557 0.810811 0.64557 0.820115 0.647316 0.824546 0.65168 0.828533 0.657791 0.82942 0.666085 0.82366 0.66914 0.813912 0.668704 0.809039 0.666085 0.805051 0.66172 0.802836 0.65299 0.802836 0.647316 0.80638
0 0.638149 0.838724 0.637276 0.848914 0.640768 0.852902 0.648189 0.852902 0.652553 0.850244 0.655172 0.841825 0.650808 0.834293 0.643824 0.832964
0 0.612396 0.840053 0.612396 0.845813 0.615452 0.85113 0.618507 0.852459 0.625491 0.851573 0.630729 0.848028 0.632038 0.834293 0.629419 0.830306 0.619817 0.82942
0 0.634221 0.825432 0.633348 0.82809 0.636403 0.832964 0.643387 0.828533 0.640768 0.821001 0.635967 0.822774
0 0.615888 0.806823 0.615888 0.814355 0.619817 0.819229 0.629419 0.820115 0.639895 0.811697 0.643824 0.804608 0.643824 0.799734 0.637713 0.791759 0.629856 0.790873 0.622436 0.79619
0 0.589262 0.787771 0.588826 0.797519 0.590135 0.801063 0.592318 0.803722 0.600175 0.80638 0.607158 0.805494 0.61196 0.802836 0.618071 0.793088 0.616761 0.782455 0.61065 0.777138 0.597992 0.77891 0.594064 0.781125
0 0.620253 0.762074 0.61938 0.769163 0.621999 0.780239 0.625491 0.783784 0.632475 0.786442 0.643824 0.784227 0.65299 0.775366 0.656045 0.76872 0.655172 0.759415 0.652117 0.750554 0.643824 0.74568 0.636403 0.745237 0.627674 0.750111 0.621999 0.755871
0 0.658664 0.750997 0.657791 0.758972 0.666521 0.772264 0.674814 0.777138 0.685727 0.778467 0.696639 0.76872 0.701877 0.755428 0.702313 0.747895 0.697512 0.740363 0.689219 0.732831 0.678306 0.730616 0.671323 0.731945 0.663902 0.738148
0 0.699694 0.772264 0.698821 0.783784 0.701877 0.791316 0.705805 0.795304 0.711043 0.797519 0.72021 0.797962 0.72763 0.791759 0.730249 0.784227 0.730685 0.768276 0.729376 0.76163 0.726757 0.757643 0.717154 0.755871 0.711916 0.758086 0.704496 0.764289
0 0.735487 0.778024 0.735487 0.785999 0.740725 0.793974 0.7512 0.797962 0.756002 0.797519 0.762113 0.794417 0.765168 0.789544 0.766914 0.76872 0.759057 0.762517 0.75251 0.76296 0.741161 0.76872
0 0.7512 0.815685 0.750764 0.823217 0.753819 0.828533 0.759057 0.832521 0.769096 0.836066 0.778699 0.829863 0.781318 0.821001 0.786556 0.811697 0.786556 0.806823 0.778699 0.798848 0.765605 0.797962 0.76124 0.799734 0.754256 0.80638
0 0.786993 0.82366 0.78612 0.835179 0.788302 0.840496 0.794413 0.846256 0.803143 0.849801 0.810563 0.849358 0.815364 0.846256 0.822348 0.838281 0.824531 0.832521 0.824967 0.825875 0.823221 0.820558 0.808381 0.809482 0.801833 0.809482 0.793103 0.812583 0.788302 0.818343
0 0.776517 0.852016 0.77608 0.863536 0.777826 0.867966 0.788302 0.873726 0.793976 0.873283 0.799214 0.857776 0.798341 0.853788 0.782628 0.84537 0.778699 0.846256
0 0.766478 0.878157 0.767351 0.885689 0.772152 0.891892 0.777826 0.892335 0.782628 0.889233 0.78481 0.876385 0.780882 0.871954 0.773025 0.871068
0 0.745526 0.888347 0.745962 0.897209 0.750764 0.902969 0.757311 0.904298 0.763422 0.90031 0.765168 0.893221 0.763422 0.886132 0.75993 0.882144 0.751637 0.880372 0.747272 0.883031
0 0.766914 0.904741 0.766478 0.91183 0.772588 0.919362 0.779572 0.919805 0.78481 0.914931 0.785683 0.908285 0.780445 0.899867 0.771715 0.899424
0 0.590572 0.824103 0.590135 0.832078 0.598865 0.837395 0.606285 0.836066 0.613706 0.826318 0.613269 0.821001 0.610214 0.814355 0.605849 0.81214 0.597119 0.813912
0 0.56962 0.837838 0.568311 0.841825 0.568311 0.852016 0.56962 0.854231 0.576604 0.85689 0.584461 0.85556 0.587953 0.849358 0.587516 0.837395 0.585334 0.835179 0.581405 0.834736
0 0.545177 0.843155 0.545177 0.848471 0.548232 0.852902 0.557835 0.854674 0.561763 0.852459 0.562636 0.846699 0.560017 0.840496 0.549978 0.839167
0 0.555653 0.826318 0.556526 0.831192 0.560017 0.834736 0.567001 0.832964 0.567874 0.827647 0.563946 0.821444 0.558708 0.822331
0 0.569184 0.811697 0.570057 0.820558 0.577914 0.826318 0.582278 0.825432 0.587953 0.8179 0.588389 0.809482 0.586207 0.80638 0.581842 0.804608 0.573112 0.80638
0 0.542558 0.802836 0.543431 0.812583 0.547359 0.815685 0.55347 0.817014 0.56089 0.814355 0.564819 0.807266 0.5622 0.800177 0.555653 0.79619 0.549978 0.79619 0.545177 0.798848
0 0.542994 0.769606 0.542558 0.780239 0.546486 0.785556 0.559581 0.788214 0.566128 0.783341 0.567438 0.774479 0.563073 0.767833 0.550415 0.765618
0 0.569184 0.76163 0.570057 0.76872 0.575731 0.776695 0.580533 0.778467 0.588389 0.778467 0.592754 0.775809 0.5945 0.771378 0.5945 0.76296 0.591881 0.756314 0.587953 0.754541 0.580969 0.754984 0.573112 0.758086
0 0.601921 0.736819 0.601921 0.746566 0.614142 0.752326 0.623309 0.749225 0.632475 0.740806 0.631165 0.727957 0.628546 0.721755 0.625491 0.719539 0.616761 0.717767 0.609777 0.718653 0.606722 0.721311
0 0.563509 0.731502 0.563073 0.73992 0.567438 0.74568 0.587516 0.748339 0.592318 0.747452 0.596246 0.744351 0.597119 0.731059 0.594937 0.724856 0.591445 0.721311 0.587516 0.720425 0.573985 0.722641 0.566128 0.727514
0 0.529027 0.746123 0.52859 0.754984 0.531209 0.758972 0.535574 0.76163 0.545613 0.761187 0.55478 0.756314 0.557835 0.742136 0.555653 0.737262 0.550851 0.733274 0.539502 0.732388 0.532082 0.737705
0 0.553034 0.70093 0.554343 0.715995 0.556526 0.719539 0.560017 0.720868 0.563946 0.721311 0.579223 0.716881 0.583588 0.713336 0.586207 0.707133 0.586207 0.699158 0.582715 0.694728 0.577914 0.69074 0.567874 0.688082 0.56089 0.688968 0.556089 0.693841
0 0.515932 0.703589 0.515932 0.709349 0.518551 0.714665 0.524225 0.719982 0.532519 0.724413 0.542994 0.723527 0.547359 0.718653 0.549105 0.708019 0.547796 0.70093 0.545177 0.6965 0.536883 0.691626 0.530773 0.691183 0.521606 0.694728 0.517678 0.698715
0 0.491052 0.73416 0.490615 0.741693 0.492798 0.747895 0.502837 0.752769 0.516368 0.751883 0.521606 0.748782 0.524662 0.744351 0.524225 0.730616 0.515932 0.724413 0.505456 0.721755 0.501091 0.722641 0.492798 0.730173
0 0.455696 0.746566 0.45526 0.751883 0.457879 0.7572 0.461807 0.760744 0.466608 0.76163 0.473592 0.759858 0.482759 0.750997 0.484505 0.743022 0.482759 0.738591 0.47883 0.735047 0.465735 0.731945 0.457879 0.738591
0 0.482759 0.762074 0.482322 0.76872 0.488433 0.772264 0.494107 0.769163 0.496726 0.761187 0.494107 0.756757 0.487124 0.755871
0 0.500218 0.76872 0.499782 0.774036 0.501528 0.77891 0.504147 0.781125 0.508512 0.781568 0.515059 0.780239 0.519424 0.776695 0.52117 0.764732 0.518551 0.761187 0.508075 0.760301 0.501964 0.763846
0 0.460934 0.775809 0.461371 0.782898 0.469227 0.787771 0.475338 0.786442 0.479267 0.776695 0.477957 0.772264 0.472719 0.768276 0.466172 0.76872
0 0.481449 0.786442 0.482322 0.793088 0.48756 0.79619 0.494107 0.795304 0.498472 0.788658 0.496726 0.781568 0.491488 0.778467 0.484505 0.780682
0 0.484941 0.80638 0.484505 0.811254 0.487124 0.815241 0.491052 0.817457 0.496726 0.816128 0.497599 0.80638 0.495417 0.803279 0.491052 0.802393
0 0.505456 0.811254 0.505893 0.819229 0.509821 0.821887 0.514622 0.821887 0.51986 0.818343 0.522479 0.810368 0.519424 0.805494 0.512003 0.805051 0.508948 0.80638
0 0.522916 0.821001 0.523789 0.82942 0.529463 0.832521 0.536883 0.82942 0.540375 0.824989 0.540812 0.821444 0.536447 0.813912 0.531209 0.813026 0.527281 0.813912
0 0.501091 0.791759 0.500218 0.800177 0.504583 0.801949 0.508948 0.80062 0.509821 0.792645 0.50502 0.789544
0 0.513749 0.79043 0.513313 0.793974 0.515932 0.800177 0.522043 0.799291 0.526408 0.793088 0.526408 0.789544 0.522479 0.786885 0.518114 0.786442
0 0.438237 0.752769 0.436054 0.754984 0.436491 0.76163 0.43911 0.763403 0.446093 0.762517 0.448276 0.758972 0.447839 0.753655 0.443038 0.750997
0 0.415539 0.730616 0.415103 0.734603 0.417722 0.739034 0.427324 0.740806 0.434745 0.735047 0.436054 0.725299 0.432999 0.720425 0.424705 0.719096
0 0.42165 0.6965 0.421213 0.704032 0.423396 0.708906 0.431253 0.713779 0.435181 0.713779 0.442601 0.710678 0.446966 0.70669 0.449149 0.691183 0.444347 0.68498 0.436927 0.684094 0.427324 0.688082
0 0.392405 0.692512 0.393278 0.701374 0.400698 0.707576 0.405063 0.707576 0.411611 0.704032 0.416412 0.696057 0.415103 0.686752 0.412484 0.684094 0.407682 0.682765 0.398079 0.686309
0 0.402444 0.716438 0.403317 0.725299 0.411174 0.727071 0.41423 0.72397 0.418595 0.713336 0.414666 0.709792 0.411174 0.710235 0.4055 0.712893
0 0.454823 0.69074 0.45395 0.702703 0.457879 0.707133 0.464426 0.707576 0.470537 0.704032 0.474029 0.699158 0.473156 0.692069 0.470537 0.687195 0.46268 0.686309
0 0.468354 0.711121 0.468354 0.721755 0.470973 0.725299 0.484068 0.727071 0.487124 0.725742 0.491488 0.719982 0.491925 0.715552 0.489742 0.708463 0.483632 0.703589 0.477084 0.703589
0 0.479703 0.650864 0.47883 0.654409 0.481013 0.661941 0.48756 0.666371 0.50502 0.667257 0.513313 0.657953 0.512003 0.647319 0.505456 0.642003 0.498909 0.639787 0.493671 0.639787 0.487997 0.642446
0 0.508075 0.671245 0.508075 0.678334 0.511567 0.68498 0.515495 0.688082 0.532955 0.685866 0.539066 0.676119 0.536447 0.665042 0.532955 0.661054 0.525535 0.65751 0.522479 0.65751 0.518551 0.660168
0 0.476211 0.675233 0.474902 0.677891 0.475338 0.685866 0.481013 0.696943 0.489306 0.699158 0.498036 0.696943 0.505893 0.692512 0.506329 0.682322 0.503274 0.674346 0.496726 0.672131 0.485814 0.671688
0 0.495853 0.703589 0.49498 0.710678 0.498909 0.716438 0.501528 0.717324 0.509821 0.713336 0.510258 0.701817 0.508512 0.698715 0.501964 0.698715
0 0.440856 0.65751 0.440419 0.664599 0.442165 0.671688 0.449585 0.680549 0.463117 0.680549 0.474029 0.671245 0.474465 0.663713 0.472283 0.657953 0.463553 0.648649 0.455696 0.646433 0.450458 0.647319 0.443911 0.65175
0 0.416412 0.673017 0.417285 0.679663 0.42165 0.682765 0.425578 0.682322 0.434308 0.677448 0.435618 0.668144 0.432562 0.663713 0.425578 0.662384 0.42034 0.665928
0 0.407246 0.631812 0.406809 0.642003 0.408119 0.645104 0.421213 0.654409 0.435618 0.653522 0.443911 0.64156 0.444347 0.633141 0.443038 0.63004 0.433872 0.622065 0.416412 0.621622 0.409865 0.626938
0 0.459188 0.63004 0.458752 0.635357 0.461371 0.642003 0.473156 0.649092 0.477521 0.648206 0.491488 0.636243 0.488433 0.62428 0.484068 0.618963 0.481013 0.618077 0.473592 0.618963 0.466172 0.622508
0 0.495853 0.619849 0.496726 0.63004 0.498472 0.632698 0.504583 0.635357 0.510694 0.634914 0.523789 0.627381 0.526408 0.622951 0.526408 0.615419 0.522916 0.609216 0.512003 0.607887 0.50371 0.611874
0 0.389786 0.662384 0.391532 0.67346 0.397206 0.677891 0.400698 0.677891 0.409428 0.675233 0.416412 0.661054 0.412047 0.656181 0.401135 0.653522
0 0.295068 0.700044 0.293322 0.706247 0.296377 0.711564 0.30598 0.715109 0.312091 0.711121 0.316019 0.703589 0.315583 0.698272 0.310345 0.691626 0.30598 0.691626 0.299433 0.695171
0 0.319948 0.688968 0.319511 0.692512 0.321694 0.696943 0.325622 0.697829 0.329114 0.695614 0.327804 0.687638 0.323876 0.687195
0 0.358359 0.702703 0.358795 0.709792 0.362724 0.715552 0.371017 0.712007 0.37189 0.706247 0.368398 0.70093 0.362724 0.698715
0 0.354867 0.686309 0.354867 0.692955 0.359232 0.694284 0.364033 0.692512 0.36447 0.688525 0.362724 0.68498 0.358795 0.683651
0 0.350938 0.650421 0.349629 0.658396 0.352248 0.662384 0.356176 0.664599 0.362724 0.665042 0.366216 0.66327 0.370144 0.65751 0.370581 0.650421 0.366216 0.64599 0.356613 0.64599
0 0.338717 0.751883 0.33828 0.759415 0.345701 0.769163 0.351811 0.772264 0.356613 0.770049 0.366216 0.759858 0.366216 0.752326 0.36447 0.748339 0.35574 0.741249 0.347883 0.742579
0 0.357049 0.771821 0.355303 0.776252 0.358795 0.782898 0.362724 0.785999 0.370144 0.784227 0.374945 0.780239 0.376691 0.776252 0.372763 0.769163 0.366216 0.764732
0 0.371017 0.785999 0.367962 0.789544 0.369271 0.792645 0.375382 0.797519 0.378001 0.797519 0.383239 0.789544 0.382366 0.783784 0.376691 0.782012
0 0.331733 0.738148 0.332169 0.744794 0.33828 0.75144 0.34701 0.741249 0.34701 0.737262 0.342209 0.732831 0.337844 0.732831
0 0.319511 0.72973 0.319511 0.73416 0.324313 0.739034 0.327804 0.739477 0.334352 0.732388 0.332169 0.72397 0.328241 0.721755 0.324749 0.723084
0 0.307289 0.717324 0.307289 0.721755 0.313837 0.728401 0.319511 0.726628 0.323003 0.719096 0.321694 0.71245 0.317765 0.709349
0 0.286338 0.681436 0.286774 0.688082 0.291139 0.691183 0.301179 0.688525 0.30467 0.683208 0.302052 0.676562 0.296814 0.673903
0 0.276735 0.664599 0.276735 0.673017 0.281536 0.677448 0.28983 0.675233 0.294631 0.66903 0.293758 0.664599 0.286774 0.659282 0.2811 0.660611
0 0.262767 0.642889 0.262767 0.648206 0.268442 0.652193 0.275426 0.650864 0.280227 0.646876 0.279354 0.639787 0.272807 0.636243
0 0.255347 0.629154 0.254474 0.634027 0.259712 0.64156 0.261894 0.64156 0.268442 0.635357 0.271061 0.630483 0.269315 0.626495 0.265386 0.62428 0.261021 0.625166
0 0.246617 0.617191 0.246181 0.622508 0.251419 0.628268 0.254911 0.626938 0.260148 0.620292 0.258839 0.614976 0.254911 0.613203
0 0.320384 0.619849 0.319948 0.626495 0.321694 0.630483 0.331296 0.6358 0.337844 0.634914 0.344828 0.625609 0.342645 0.615419 0.335225 0.609659 0.326931 0.611874
0 0.344391 0.633141 0.344828 0.64023 0.348756 0.642889 0.352248 0.642446 0.357922 0.638015 0.358359 0.629154 0.356176 0.626495 0.351375 0.625609
0 0.363597 0.626495 0.362287 0.633584 0.36447 0.639344 0.369708 0.642003 0.377128 0.634471 0.379747 0.626495 0.376691 0.622065 0.374072 0.621179 0.369271 0.622065
0 0.378874 0.637129 0.375818 0.647763 0.37931 0.653965 0.393715 0.653522 0.399825 0.647763 0.400698 0.640673 0.396333 0.633584 0.391532 0.631812 0.384548 0.632255
0 0.38062 0.605671 0.380183 0.612317 0.383675 0.622951 0.392405 0.626938 0.40419 0.62428 0.410738 0.616305 0.412047 0.60833 0.410301 0.598139 0.40419 0.59105 0.397206 0.589721 0.388477 0.593265 0.382366 0.598582
0 0.345701 0.600798 0.345264 0.605671 0.347883 0.614976 0.353121 0.620292 0.363597 0.620735 0.371017 0.617191 0.374509 0.61276 0.375382 0.603456 0.374072 0.595481 0.364906 0.587949 0.362287 0.587062 0.353994 0.588835 0.34832 0.594152
0 0.370581 0.577758 0.369271 0.581303 0.370144 0.584847 0.376691 0.591936 0.383675 0.59105 0.392405 0.584847 0.392405 0.576872 0.387167 0.571112 0.377564 0.570669 0.374509 0.571998
0 0.416412 0.596367 0.415976 0.605671 0.418158 0.615862 0.423396 0.617634 0.436054 0.617634 0.442165 0.612317 0.444347 0.602127 0.440856 0.595038 0.435618 0.59105 0.424269 0.589278 0.420777 0.590607
0 0.396333 0.570669 0.397206 0.581746 0.407682 0.588835 0.412484 0.589278 0.422086 0.586619 0.426015 0.582632 0.42907 0.564023 0.423832 0.555605 0.417722 0.552946 0.403317 0.557377
0 0.373199 0.550288 0.373636 0.560479 0.376255 0.565795 0.380183 0.568011 0.387167 0.568454 0.39546 0.56358 0.396333 0.554276 0.394151 0.548959 0.37931 0.545857
0 0.342645 0.560035 0.340899 0.56358 0.341336 0.567568 0.34832 0.578201 0.351811 0.579973 0.360105 0.580416 0.366216 0.577758 0.369708 0.568454 0.369271 0.560479 0.366216 0.550288 0.362287 0.548516 0.355303 0.548516 0.34832 0.552946
0 0.317765 0.588392 0.317765 0.594152 0.321694 0.600798 0.327368 0.602127 0.336098 0.600798 0.339153 0.599025 0.342209 0.593265 0.344391 0.583075 0.342209 0.57953 0.335225 0.575543 0.329987 0.575986 0.323003 0.57953
0 0.297687 0.591493 0.297687 0.598582 0.300306 0.60257 0.306853 0.602127 0.311218 0.599025 0.311218 0.59105 0.309035 0.587949 0.300742 0.587506
0 0.304234 0.612317 0.303797 0.616305 0.305543 0.619849 0.313837 0.620735 0.318202 0.615862 0.318638 0.60833 0.315146 0.605228 0.308599 0.606114
0 0.287647 0.611431 0.287647 0.616305 0.28983 0.618077 0.293758 0.61852 0.296814 0.616748 0.298123 0.612317 0.296377 0.607887 0.291576 0.607887
0 0.329987 0.645104 0.32955 0.650864 0.332606 0.654852 0.336534 0.655738 0.340899 0.653522 0.341772 0.647319 0.33959 0.642889 0.334788 0.64156
0 0.333479 0.665928 0.332606 0.670802 0.334788 0.674346 0.340899 0.672574 0.343518 0.668144 0.343518 0.664156 0.341772 0.662384 0.337844 0.662384
0 0.335225 0.683208 0.335225 0.689411 0.338717 0.691183 0.344828 0.688968 0.345701 0.684094 0.343518 0.680106 0.337844 0.680549
0 0.372763 0.662827 0.373636 0.670802 0.376255 0.673017 0.379747 0.672574 0.382802 0.6677 0.382802 0.660168 0.376255 0.658839
0 0.669577 0.793531 0.669577 0.80062 0.672196 0.803722 0.67656 0.805051 0.685727 0.805051 0.696639 0.798848 0.699258 0.794417 0.693147 0.783784 0.686163 0.781568 0.676124 0.78467
0 0.781755 0.777581 0.779136 0.782898 0.779136 0.786885 0.781755 0.793531 0.790048 0.80062 0.802706 0.798848 0.811436 0.780239 0.810127 0.771378 0.803579 0.766061 0.789175 0.767833
0 0.812746 0.796633 0.812309 0.806823 0.821039 0.814355 0.82715 0.814355 0.83457 0.811697 0.840244 0.804165 0.840244 0.799291 0.837625 0.793088 0.831078 0.786442 0.823658 0.785999 0.81842 0.787771
0 0.838062 0.782012 0.837625 0.787771 0.839371 0.793088 0.848101 0.801506 0.858141 0.80062 0.864688 0.797962 0.870362 0.792202 0.872981 0.786442 0.871672 0.781125 0.86687 0.774479 0.856831 0.769606 0.846355 0.772264 0.840681 0.777138
0 0.815801 0.766061 0.814055 0.768276 0.814055 0.772707 0.81711 0.779796 0.820602 0.783341 0.831951 0.78467 0.835007 0.782898 0.839808 0.775809 0.840244 0.76872 0.828459 0.760744 0.821039 0.762517
0 0.867307 0.803279 0.867307 0.810368 0.872981 0.818343 0.876473 0.819672 0.886512 0.818343 0.892187 0.813912 0.894806 0.809482 0.898298 0.798848 0.897861 0.790873 0.893933 0.785113 0.883457 0.78467 0.874291 0.791316
0 0.837189 0.819229 0.835007 0.824546 0.837625 0.831192 0.845046 0.835623 0.855522 0.836066 0.862505 0.831635 0.867307 0.824103 0.864688 0.813912 0.859014 0.807266 0.856831 0.806823 0.85203 0.80638 0.846355 0.809039
0 0.865997 0.835623 0.865561 0.851573 0.869489 0.856447 0.881711 0.858219 0.887822 0.856004 0.890441 0.852902 0.890441 0.838281 0.886512 0.828977 0.883021 0.825875 0.876473 0.825432 0.872545 0.827204
0 0.819729 0.847585 0.820602 0.85689 0.828023 0.863536 0.835007 0.86132 0.840244 0.852016 0.838498 0.844484 0.830205 0.840053 0.824967 0.841382
0 0.841554 0.856004 0.840244 0.867523 0.8433 0.871954 0.848101 0.874169 0.859014 0.871511 0.865561 0.86265 0.862505 0.850244 0.855958 0.844927 0.848538 0.846699
0 0.801833 0.861763 0.800087 0.873726 0.806635 0.879929 0.814055 0.879486 0.820166 0.869296 0.818856 0.86132 0.814928 0.856447 0.807508 0.854674 0.803579 0.857333
0 0.81842 0.881701 0.820602 0.891892 0.824967 0.895436 0.831951 0.896766 0.838062 0.892335 0.841117 0.880815 0.840681 0.875942 0.836753 0.871068 0.828023 0.870182 0.824094 0.87284
0 0.8433 0.887904 0.843736 0.897209 0.847665 0.90031 0.852466 0.901196 0.857268 0.899424 0.861632 0.894107 0.861196 0.882588 0.855958 0.878157 0.848538 0.879043 0.844173 0.883917
0 0.863378 0.872397 0.863815 0.880815 0.867743 0.887018 0.876473 0.88879 0.88433 0.885246 0.886076 0.879929 0.885203 0.870625 0.881711 0.864422 0.876473 0.86265 0.870362 0.863536
0 0.888695 0.863979 0.889131 0.880815 0.893496 0.887461 0.896988 0.88879 0.903536 0.887904 0.913138 0.882144 0.914884 0.876828 0.915321 0.863536 0.911392 0.856447 0.904409 0.853788 0.897425 0.853788 0.89306 0.856447
0 0.896115 0.8179 0.89306 0.821001 0.89306 0.840053 0.896115 0.848471 0.904845 0.850687 0.914884 0.848914 0.917503 0.84537 0.919686 0.834293 0.919249 0.824103 0.907464 0.815685 0.90048 0.815685
0 0.909646 0.786885 0.908337 0.792202 0.908773 0.807266 0.910956 0.810368 0.91794 0.815685 0.924924 0.815685 0.931034 0.813026 0.934526 0.803279 0.940201 0.79619 0.940201 0.789987 0.931907 0.782455 0.925797 0.779796 0.915757 0.780682
0 0.943693 0.796633 0.94282 0.814355 0.949804 0.82809 0.953732 0.829863 0.967263 0.830749 0.970755 0.829863 0.97643 0.824989 0.979048 0.8179 0.979485 0.801063 0.975993 0.79486 0.966827 0.789101 0.959406 0.787771 0.947621 0.791759
0 0.920559 0.83961 0.920559 0.847142 0.924924 0.852016 0.931907 0.853345 0.939328 0.852459 0.942383 0.847142 0.944129 0.834736 0.945875 0.832078 0.945439 0.827647 0.938891 0.821444 0.929725 0.821444 0.923178 0.826761
0 0.945875 0.848471 0.945439 0.853788 0.948494 0.860434 0.959843 0.866194 0.965517 0.863093 0.9677 0.859991 0.969446 0.853788 0.973811 0.847142 0.974684 0.841382 0.967263 0.835623 0.956351 0.83385 0.951986 0.837395
0 0.974684 0.853788 0.974247 0.865308 0.979485 0.873726 0.986469 0.875942 0.999564 0.873726 0.999564 0.836509 0.983413 0.836066 0.978175 0.841382
0 0.921868 0.868409 0.921432 0.878157 0.922741 0.881701 0.934963 0.889233 0.940637 0.887461 0.943256 0.884803 0.949367 0.870625 0.947621 0.863093 0.941947 0.857776 0.936709 0.856447 0.924924 0.859105
0 0.954168 0.879043 0.953732 0.890563 0.960279 0.897209 0.966827 0.89455 0.973811 0.886132 0.975993 0.876828 0.970319 0.869296 0.963335 0.869296 0.956787 0.87284
0 0.97512 0.896766 0.974684 0.905627 0.979485 0.913159 0.990834 0.915374 0.999564 0.910501 0.999564 0.881258 0.987342 0.879929 0.98254 0.882144 0.979048 0.886575
0 0.823221 0.912716 0.823221 0.918919 0.826713 0.92202 0.828896 0.928666 0.838498 0.929996 0.846792 0.921577 0.846792 0.911387 0.844173 0.906513 0.838935 0.902525 0.833697 0.902082 0.828896 0.903855
0 0.876037 0.902525 0.876037 0.910944 0.879529 0.916704 0.886949 0.917147 0.892187 0.915374 0.898298 0.908728 0.897425 0.897209 0.893933 0.891892 0.886512 0.891449
0 0.904845 0.89455 0.903972 0.907399 0.905282 0.91183 0.910519 0.914931 0.918376 0.914931 0.922305 0.913159 0.925797 0.904741 0.925797 0.898981 0.923614 0.894107 0.914448 0.889233 0.909646 0.89012
0 0.929725 0.907399 0.930162 0.920691 0.934963 0.926008 0.944566 0.927337 0.952423 0.921577 0.954605 0.910058 0.949367 0.897209 0.941074 0.896323 0.934963 0.898538
0 0.958533 0.909171 0.958097 0.916704 0.961152 0.922463 0.966827 0.92335 0.971192 0.920691 0.973374 0.913159 0.970755 0.90607 0.963335 0.904298
0 0.974684 0.922907 0.972938 0.925122 0.974247 0.935755 0.976866 0.937971 0.980794 0.937528 0.985596 0.932211 0.986032 0.924679 0.981231 0.919805
0 0.951986 0.931768 0.952423 0.939743 0.955478 0.94506 0.963335 0.946389 0.967263 0.942844 0.9677 0.934426 0.962898 0.92778 0.956787 0.92778
0 0.928416 0.9393 0.927106 0.94949 0.931034 0.953478 0.940637 0.953478 0.947621 0.949047 0.947621 0.9393 0.943256 0.93354 0.935399 0.933097
0 0.915757 0.922463 0.914884 0.932211 0.91794 0.935312 0.923614 0.936198 0.929725 0.931768 0.929289 0.925565 0.92536 0.919362 0.920995 0.918033
0 0.895679 0.921577 0.895242 0.929996 0.897425 0.933983 0.905282 0.934869 0.908773 0.93354 0.910519 0.924679 0.907464 0.918919 0.900044 0.91759
0 0.879965 0.945946 0.879529 0.953035 0.883457 0.957023 0.893933 0.956136 0.897861 0.953478 0.899607 0.949934 0.899171 0.942401 0.893933 0.938414 0.882584 0.941515
0 0.906155 0.942401 0.906155 0.949934 0.910519 0.953921 0.914884 0.954807 0.919249 0.953478 0.922741 0.94949 0.922741 0.94506 0.919686 0.940186 0.912265 0.938857
0 0.917503 0.962339 0.917067 0.967656 0.920995 0.973859 0.92536 0.974302 0.930598 0.971201 0.931907 0.963226 0.928852 0.959238 0.921432 0.958352
0 0.897861 0.964998 0.897861 0.970315 0.900917 0.973859 0.9079 0.973416 0.910519 0.970315 0.910519 0.962782 0.9079 0.959238 0.901353 0.960124
0 0.882148 0.964112 0.881711 0.967213 0.883893 0.971644 0.888695 0.972973 0.89175 0.970758 0.89175 0.966327 0.890004 0.964112 0.886076 0.962782
0 0.97643 0.961896 0.975993 0.967213 0.979048 0.970758 0.988215 0.972087 0.993016 0.969872 0.993016 0.961453 0.988215 0.957466 0.981231 0.957023
0 0.961152 0.959238 0.961152 0.964112 0.962898 0.965884 0.9677 0.965884 0.970755 0.960124 0.969882 0.953921 0.964208 0.953921
0 0.923178 0.983163 0.922741 0.991139 0.924487 0.992911 0.927979 0.992911 0.934963 0.987594 0.929289 0.979176 0.92536 0.980062
0 0.906155 0.981834 0.905718 0.984493 0.9079 0.98848 0.915321 0.987594 0.91663 0.98405 0.914884 0.979619 0.909646 0.979619
0 0.89306 0.995126 0.892623 0.999557 0.910956 0.999557 0.90921 0.99424 0.904845 0.991582 0.896988 0.992468
0 0.870362 0.995126 0.869053 0.999557 0.888695 0.999557 0.888258 0.99424 0.88433 0.990253 0.876037 0.991582
0 0.849411 0.993797 0.849411 0.999557 0.868616 0.999557 0.86687 0.994683 0.862505 0.992911
0 0.798341 0.928223 0.798341 0.935755 0.803579 0.941072 0.811 0.941515 0.817983 0.935755 0.81711 0.925565 0.811 0.918476 0.804452 0.919805
0 0.791357 0.908285 0.790485 0.913159 0.793103 0.918033 0.797032 0.918919 0.80096 0.915817 0.801397 0.911387 0.798341 0.906956 0.79354 0.906513
0 0.693584 0.903855 0.690092 0.907399 0.690092 0.910944 0.691838 0.913602 0.696203 0.914488 0.699694 0.912273 0.701004 0.907399 0.698821 0.903855
0 0.865561 0.933097 0.865124 0.938857 0.86687 0.942401 0.872981 0.942844 0.877346 0.937971 0.877346 0.931768 0.872981 0.927337 0.869053 0.92778
0 0.830205 0.963669 0.831078 0.970758 0.83457 0.973416 0.838498 0.972087 0.840681 0.963669 0.836753 0.961453 0.831951 0.961896
0 0.846792 0.963226 0.845919 0.967213 0.848538 0.970315 0.852903 0.971201 0.856395 0.968985 0.857268 0.962782 0.855958 0.960124 0.851593 0.960124
0 0.819729 0.939743 0.817547 0.945946 0.820166 0.952592 0.824531 0.955693 0.831515 0.954807 0.834134 0.94949 0.834134 0.942401 0.832388 0.939743 0.828023 0.937085 0.824094 0.937085
0 0.991707 0.922907 0.992143 0.929109 0.999564 0.930882 0.999564 0.91759 0.994326 0.918919
0 0.847665 0.929109 0.847228 0.933983 0.848974 0.938857 0.852466 0.940629 0.859014 0.938414 0.859887 0.931768 0.856395 0.927337 0.85203 0.925122
0 0.809254 0.898981 0.807944 0.909171 0.810127 0.91183 0.814928 0.912716 0.819293 0.907842 0.820166 0.90031 0.814928 0.895436
0 0.43038 0.770049 0.42907 0.771821 0.43038 0.77891 0.434745 0.781568 0.43911 0.781568 0.441292 0.778024 0.439983 0.770049 0.436927 0.768276
0 0.452641 0.793974 0.451331 0.797076 0.453077 0.801063 0.458315 0.803279 0.462244 0.801949 0.462244 0.797962 0.460061 0.79486 0.456133 0.793088
0 0.433872 0.792202 0.435181 0.798848 0.439546 0.800177 0.441729 0.798405 0.442601 0.792645 0.440856 0.790873 0.43911 0.789987
0 0.317329 0.550288 0.316892 0.557377 0.319511 0.564023 0.323876 0.568897 0.331296 0.570226 0.335661 0.567568 0.337407 0.560479 0.336971 0.549845 0.334788 0.5463 0.331296 0.544085 0.325622 0.544085 0.320384 0.5463
0 0.345264 0.522375 0.341772 0.525919 0.341772 0.533008 0.345701 0.540097 0.358359 0.543642 0.367089 0.540097 0.367962 0.53611 0.366652 0.532565 0.357486 0.517058 0.352248 0.517058
0 0.302488 0.574657 0.302052 0.577758 0.305543 0.581746 0.310781 0.582632 0.315146 0.57953 0.318638 0.570669 0.315146 0.565352 0.307289 0.564023
0 0.296814 0.559149 0.296377 0.564023 0.299869 0.565795 0.301615 0.564909 0.302488 0.559592 0.300306 0.558263
0 0.295504 0.542313 0.296377 0.55206 0.303361 0.555605 0.310345 0.554719 0.315146 0.544528 0.31471 0.540097 0.311218 0.536553 0.29856 0.538768
0 0.294195 0.522375 0.294195 0.529464 0.29856 0.533008 0.309908 0.531236 0.312964 0.526362 0.311654 0.519273 0.307289 0.516172 0.300306 0.517058
0 0.289393 0.501551 0.28983 0.509526 0.292885 0.511741 0.29725 0.511741 0.307726 0.506868 0.309908 0.497563 0.306853 0.492246 0.301615 0.490917 0.293758 0.494462
0 0.312964 0.499778 0.312527 0.505095 0.31471 0.51307 0.324313 0.514843 0.327804 0.511741 0.329114 0.504209 0.326931 0.499778 0.31471 0.497563
0 0.334788 0.501108 0.334352 0.505538 0.336534 0.50864 0.345701 0.511741 0.353121 0.510855 0.359232 0.503766 0.356176 0.492689 0.352248 0.487373 0.348756 0.486486 0.33828 0.492689
0 0.321694 0.523261 0.319075 0.529021 0.319948 0.53611 0.324313 0.539654 0.329987 0.538325 0.336098 0.533451 0.337844 0.524147 0.336534 0.518387 0.330423 0.517501
0 0.312527 0.470536 0.312091 0.474967 0.31471 0.484271 0.317329 0.487816 0.323876 0.49136 0.33086 0.491803 0.334788 0.490031 0.341772 0.477182 0.336534 0.466992 0.329114 0.463447 0.320384 0.463447 0.316019 0.465662
0 0.310781 0.433319 0.310781 0.445724 0.319948 0.455915 0.325622 0.457687 0.332169 0.457244 0.33959 0.450155 0.342209 0.443952 0.342209 0.439078 0.338717 0.431546 0.334788 0.428002 0.324749 0.423128 0.320384 0.422685 0.315146 0.425343
0 0.274116 0.423128 0.274116 0.428888 0.277172 0.435977 0.285901 0.440851 0.293758 0.440851 0.301615 0.436863 0.307289 0.425343 0.30467 0.417368 0.301615 0.414267 0.290703 0.410722 0.27979 0.413824
0 0.274989 0.444838 0.275862 0.452813 0.278481 0.454586 0.282846 0.454143 0.285901 0.445724 0.280227 0.443066
0 0.285901 0.4537 0.285465 0.459016 0.290703 0.467435 0.305543 0.468321 0.310781 0.466549 0.313837 0.463447 0.31471 0.459903 0.30598 0.445281 0.303361 0.443509 0.299433 0.443066 0.292012 0.445724
0 0.284155 0.477182 0.284155 0.483385 0.289393 0.488259 0.296814 0.487816 0.303361 0.485157 0.30598 0.480727 0.303797 0.474081 0.296814 0.470536 0.287647 0.472308
0 0.258402 0.465219 0.258402 0.471422 0.266259 0.480284 0.275862 0.47984 0.283719 0.470979 0.282846 0.463004 0.27979 0.459459 0.275426 0.457687 0.266259 0.45813
0 0.260148 0.490917 0.260148 0.501551 0.265386 0.508197 0.275862 0.509083 0.283282 0.503766 0.284592 0.494019 0.279354 0.48693 0.274989 0.485157 0.266259 0.4856
0 0.250546 0.442623 0.250109 0.449269 0.251855 0.453257 0.257093 0.455029 0.262331 0.454143 0.269751 0.44794 0.269751 0.435534 0.26495 0.431546 0.258839 0.432432 0.253601 0.43642
0 0.239633 0.4249 0.239197 0.428888 0.240943 0.431989 0.247927 0.432875 0.254911 0.430217 0.259712 0.425786 0.262331 0.422242 0.262331 0.417811 0.258402 0.412938 0.250109 0.412938 0.243998 0.417368
0 0.229594 0.38724 0.228721 0.394329 0.230031 0.397873 0.234832 0.403633 0.239633 0.405848 0.253165 0.405848 0.258839 0.401418 0.262767 0.394329 0.261021 0.386354 0.251419 0.379265 0.237014 0.38148
0 0.226102 0.363757 0.225666 0.371289 0.230031 0.374834 0.248363 0.373505 0.252292 0.365973 0.250546 0.359327 0.242689 0.354896 0.230467 0.35844
0 0.292885 0.359327 0.292012 0.365973 0.295068 0.373948 0.299869 0.378821 0.307289 0.38148 0.313837 0.380151 0.323003 0.374834 0.328677 0.364643 0.326931 0.354453 0.323003 0.349579 0.314273 0.344705 0.308162 0.344705 0.303361 0.347364
0 0.277172 0.331856 0.276299 0.341604 0.278481 0.346478 0.282846 0.350465 0.293758 0.350465 0.305543 0.340275 0.307289 0.334958 0.305107 0.327869 0.29856 0.322995 0.286774 0.323881
0 0.306853 0.297297 0.307289 0.311032 0.313837 0.317678 0.326931 0.315463 0.333915 0.309703 0.335661 0.304386 0.335225 0.296854 0.328677 0.28755 0.32213 0.285335 0.314273 0.286664 0.309472 0.291094
0 0.341336 0.318564 0.341336 0.324324 0.344391 0.330527 0.350065 0.335844 0.354867 0.33673 0.36447 0.332743 0.371017 0.327426 0.373636 0.322109 0.374072 0.313248 0.369271 0.304829 0.361414 0.303057 0.350065 0.307045
0 0.357922 0.342047 0.357049 0.345148 0.361414 0.355782 0.366216 0.35844 0.377128 0.355339 0.381493 0.350908 0.382802 0.346921 0.382366 0.337616 0.38062 0.334072 0.377128 0.331856 0.369271 0.331856
0 0.353994 0.422242 0.353121 0.43066 0.354867 0.434205 0.366216 0.439521 0.375818 0.435977 0.384548 0.42623 0.384548 0.421356 0.37931 0.411165 0.369708 0.407178 0.360105 0.410722
0 0.343518 0.452813 0.343518 0.463447 0.345264 0.467435 0.352248 0.472751 0.363597 0.46965 0.370144 0.459903 0.370144 0.448826 0.367089 0.443509 0.362287 0.440851 0.351811 0.440408 0.345701 0.445724
0 0.375382 0.44218 0.374945 0.451927 0.37931 0.460346 0.393715 0.456801 0.398516 0.451927 0.399389 0.442623 0.395897 0.437749 0.391532 0.435091 0.383239 0.435091
0 0.381929 0.46965 0.38062 0.477625 0.382366 0.481613 0.384985 0.482942 0.394151 0.482942 0.4055 0.473638 0.403317 0.466105 0.397206 0.460346 0.388477 0.463447
0 0.385421 0.492246 0.383239 0.501108 0.386294 0.509083 0.390223 0.513514 0.394151 0.5144 0.397643 0.51307 0.407246 0.501551 0.406373 0.494019 0.403754 0.49136 0.395024 0.488259
0 0.382802 0.529907 0.383675 0.539654 0.393278 0.545857 0.39677 0.544971 0.402881 0.532565 0.401135 0.525919 0.394151 0.522818
0 0.402444 0.51307 0.402881 0.522375 0.405936 0.525919 0.418158 0.528578 0.421213 0.526805 0.42907 0.515286 0.429943 0.509526 0.422523 0.501551 0.415539 0.500222 0.409865 0.501994
0 0.281973 0.578201 0.281973 0.583961 0.286338 0.587062 0.291576 0.586619 0.295068 0.582632 0.294631 0.578201 0.292012 0.575543 0.285901 0.574657
0 0.284592 0.595038 0.285028 0.600798 0.290266 0.602127 0.292012 0.597696 0.28983 0.592822 0.285901 0.592822
0 0.23134 0.583961 0.230904 0.588835 0.235268 0.598139 0.241816 0.599025 0.2488 0.594152 0.249673 0.587949 0.244435 0.580416 0.234832 0.580416
0 0.237014 0.602127 0.237451 0.609216 0.241379 0.614976 0.244871 0.615862 0.250109 0.61276 0.249673 0.605671 0.24749 0.602127
0 0.222174 0.568897 0.22261 0.5751 0.227412 0.57953 0.233959 0.578644 0.239633 0.571555 0.238324 0.567125 0.231777 0.563137 0.226975 0.564023
0 0.211698 0.552946 0.212571 0.560922 0.217809 0.566238 0.223483 0.565352 0.227848 0.560479 0.227848 0.554719 0.224356 0.548516 0.219118 0.548959
0 0.277172 0.535667 0.274989 0.543642 0.278481 0.548073 0.286338 0.54763 0.289393 0.544971 0.290703 0.539211 0.288084 0.535667 0.283719 0.533895 0.279354 0.533895
0 0.262331 0.533895 0.261458 0.539654 0.262767 0.540541 0.268878 0.540984 0.272807 0.536553 0.271934 0.533008 0.268878 0.531236
0 0.242689 0.558263 0.242689 0.563137 0.245308 0.565352 0.250982 0.563137 0.252728 0.556934 0.247927 0.554276 0.244435 0.555162
0 0.185072 0.503766 0.185072 0.50864 0.188564 0.511741 0.196421 0.511298 0.19904 0.509083 0.198603 0.501994 0.195984 0.497563 0.189 0.499335
0 0.176342 0.488702 0.177215 0.495791 0.182017 0.499335 0.189873 0.491803 0.189 0.487816 0.185509 0.484714 0.182017 0.484271
0 0.221737 0.508197 0.22261 0.515729 0.226539 0.517501 0.228721 0.516615 0.230467 0.512627 0.229158 0.507754 0.224356 0.506424
0 0.22261 0.480284 0.222174 0.484714 0.226539 0.488702 0.230467 0.487373 0.233959 0.48117 0.23134 0.476739
0 0.239633 0.483828 0.23876 0.487816 0.24007 0.491803 0.246617 0.495348 0.253165 0.493132 0.257529 0.486486 0.256656 0.480284 0.251419 0.477625 0.242252 0.480727
0 0.235705 0.465219 0.235705 0.470536 0.240943 0.473195 0.250109 0.471422 0.253165 0.467878 0.252292 0.462561 0.249673 0.459016 0.246181 0.457687 0.241379 0.459016
0 0.21519 0.465662 0.214753 0.470093 0.216499 0.471865 0.22261 0.473195 0.228285 0.470536 0.228285 0.463004 0.224356 0.459459 0.219555 0.459903
0 0.227412 0.446167 0.227412 0.452813 0.230031 0.455472 0.237887 0.456358 0.244871 0.451041 0.246181 0.442623 0.243125 0.438635 0.236578 0.437306 0.230904 0.440408
0 0.214753 0.429774 0.21519 0.435534 0.223483 0.438635 0.228721 0.436863 0.232649 0.432432 0.232649 0.428002 0.228721 0.424014 0.221301 0.424457
0 0.21388 0.405848 0.21388 0.418254 0.220428 0.418697 0.226102 0.41471 0.226975 0.404519 0.224356 0.401418 0.216499 0.400532
0 0.232213 0.411165 0.230467 0.41471 0.233086 0.418697 0.237451 0.420027 0.241379 0.416925 0.242252 0.414267 0.237887 0.409393 0.233959 0.409393
0 0.201659 0.385024 0.202532 0.393443 0.209079 0.39743 0.218682 0.394329 0.223483 0.38724 0.22261 0.38148 0.216499 0.378378 0.204714 0.380594
0 0.194675 0.409836 0.196857 0.416039 0.199476 0.417368 0.205151 0.416039 0.207333 0.413381 0.20777 0.404519 0.206024 0.402304 0.200349 0.401861 0.19773 0.403633
0 0.194238 0.4249 0.194238 0.429774 0.198603 0.432875 0.20646 0.431989 0.210388 0.425343 0.20777 0.421356 0.204714 0.42047 0.19904 0.421356
0 0.176342 0.396544 0.176779 0.404076 0.182017 0.40895 0.189873 0.408064 0.195548 0.400532 0.194238 0.393 0.188127 0.389012 0.18158 0.389455
0 0.181144 0.416925 0.182017 0.424457 0.189 0.425343 0.190746 0.421799 0.19031 0.416925 0.188564 0.415596
0 0.180271 0.434205 0.179834 0.439521 0.182017 0.442623 0.186818 0.443952 0.191183 0.44218 0.191619 0.438635 0.189 0.432875 0.183326 0.431103
0 0.19773 0.439078 0.197294 0.443066 0.202968 0.44794 0.208206 0.445724 0.209079 0.441294 0.20646 0.436863
0 0.213007 0.445724 0.212571 0.451041 0.21519 0.454586 0.222174 0.452813 0.22261 0.448826 0.220428 0.445281 0.216499 0.444395
0 0.178961 0.372175 0.178525 0.376606 0.182453 0.383695 0.189 0.384138 0.195548 0.379708 0.196421 0.376606 0.192492 0.367745 0.183326 0.366859
0 0.199913 0.35844 0.200349 0.365529 0.204278 0.370846 0.213444 0.370846 0.221737 0.365973 0.221301 0.355339 0.214317 0.350022 0.207333 0.350908
0 0.221301 0.340275 0.221737 0.349136 0.223483 0.352681 0.226975 0.354896 0.234832 0.354896 0.238324 0.353567 0.241379 0.349579 0.241379 0.338502 0.237014 0.334958 0.230031 0.334515
0 0.199913 0.335844 0.199476 0.339832 0.201659 0.344705 0.209952 0.344705 0.216936 0.339389 0.217809 0.331413 0.213444 0.327869 0.209079 0.327426 0.202968 0.330527
0 0.175033 0.347364 0.175033 0.355339 0.179834 0.361542 0.185072 0.362871 0.189437 0.361542 0.195111 0.355339 0.195548 0.350022 0.192056 0.342933 0.185072 0.342047 0.179398 0.343376
0 0.183326 0.329641 0.18289 0.334072 0.185509 0.33673 0.192492 0.337173 0.195984 0.331856 0.193365 0.327869 0.19031 0.326983 0.185509 0.327426
0 0.193365 0.313248 0.193365 0.318121 0.195548 0.321666 0.203841 0.322109 0.209079 0.318121 0.210825 0.310146 0.209079 0.307045 0.202968 0.305716
0 0.216499 0.313691 0.216063 0.317678 0.220428 0.328312 0.235268 0.329641 0.239197 0.327869 0.240506 0.310146 0.23876 0.307488 0.224356 0.305716 0.220864 0.307045
0 0.244871 0.310146 0.244871 0.324324 0.24749 0.328312 0.254911 0.329641 0.265386 0.324324 0.266696 0.315906 0.262331 0.308817 0.254911 0.305716 0.250109 0.305716 0.246617 0.307045
0 0.21519 0.268941 0.21519 0.277802 0.220864 0.283562 0.230467 0.282233 0.237887 0.274701 0.238324 0.268055 0.236141 0.263624 0.230904 0.26008 0.221737 0.261852 0.216499 0.265397
0 0.188127 0.274701 0.188127 0.283562 0.191619 0.287107 0.199913 0.287993 0.208206 0.282676 0.210388 0.272486 0.207333 0.267169 0.201659 0.266283 0.194238 0.268055
0 0.155827 0.276473 0.155391 0.283119 0.157137 0.28755 0.162811 0.291981 0.170231 0.292867 0.175906 0.290651 0.179834 0.286664 0.184636 0.274701 0.180271 0.268498 0.169795 0.267169 0.161065 0.27027
0 0.177652 0.296854 0.176779 0.303057 0.185509 0.308374 0.196857 0.301728 0.198167 0.295082 0.192056 0.290208 0.185509 0.288879
0 0.203405 0.292424 0.202532 0.29774 0.203841 0.300842 0.212134 0.305272 0.223047 0.298183 0.225229 0.293753 0.224793 0.289765 0.214317 0.284891 0.210388 0.286221 0.20646 0.291537
0 0.170668 0.317678 0.170668 0.323881 0.175906 0.32654 0.181144 0.32521 0.185509 0.318121 0.184636 0.313691 0.180707 0.311475 0.17416 0.312805
0 0.143605 0.32521 0.143605 0.333629 0.150589 0.338059 0.15801 0.337173 0.162375 0.331413 0.162375 0.323881 0.15801 0.32078 0.149716 0.32078
0 0.128765 0.312805 0.130074 0.319008 0.137058 0.32078 0.142732 0.317235 0.145351 0.310589 0.142732 0.307045 0.136622 0.305716 0.132693 0.307488
0 0.143605 0.294639 0.142732 0.299513 0.146224 0.302171 0.151462 0.301728 0.154954 0.296854 0.153645 0.292867 0.150589 0.291537
0 0.137931 0.266283 0.136185 0.268941 0.136185 0.272929 0.137931 0.274701 0.143169 0.276473 0.152335 0.274701 0.153208 0.268941 0.14928 0.263181 0.140986 0.263624
0 0.154518 0.25432 0.153208 0.259637 0.157573 0.264953 0.166303 0.263624 0.170231 0.260966 0.171104 0.252548 0.169795 0.250775 0.161938 0.250332
0 0.177652 0.250775 0.178088 0.26008 0.185509 0.264953 0.196857 0.260966 0.200786 0.255649 0.19904 0.245902 0.192929 0.242357 0.189 0.241914 0.183763 0.244129
0 0.153208 0.233053 0.152772 0.238813 0.154518 0.243686 0.163684 0.246788 0.171541 0.246345 0.177215 0.242357 0.18289 0.234825 0.179398 0.228622 0.171104 0.224634 0.161502 0.226407 0.155827 0.229508
0 0.187254 0.229951 0.189 0.236597 0.199913 0.240585 0.208206 0.237926 0.212571 0.231724 0.210388 0.223305 0.202968 0.219318 0.194675 0.222419
0 0.121781 0.24856 0.122654 0.257864 0.130074 0.260523 0.141859 0.258751 0.146224 0.255206 0.14797 0.250332 0.147097 0.244572 0.140986 0.241471 0.127019 0.2428
0 0.134439 0.230837 0.135312 0.235268 0.144042 0.23704 0.14797 0.233496 0.148407 0.227293 0.144042 0.223305 0.14055 0.223748
0 0.144478 0.206469 0.144042 0.21533 0.147534 0.219761 0.151899 0.221976 0.161065 0.221976 0.168049 0.217988 0.171104 0.213558 0.170668 0.208241 0.161938 0.200709 0.149716 0.201595
0 0.176342 0.214444 0.175906 0.220204 0.185509 0.224634 0.191619 0.220204 0.192929 0.211342 0.189 0.206912 0.182453 0.209127
0 0.168485 0.192291 0.168049 0.197164 0.175033 0.204253 0.182017 0.204696 0.185509 0.203367 0.187691 0.200266 0.186381 0.190518 0.182017 0.186088 0.175469 0.186974
0 0.142296 0.182986 0.143605 0.190075 0.150589 0.194506 0.159319 0.192734 0.163684 0.186974 0.161502 0.178999 0.154954 0.173239 0.146661 0.17634
0 0.114797 0.206912 0.114797 0.213115 0.119598 0.221976 0.130947 0.222862 0.138368 0.216659 0.137495 0.20957 0.133566 0.204696 0.120908 0.202924
0 0.117416 0.229951 0.116979 0.234825 0.119598 0.238813 0.127019 0.234382 0.126582 0.230394 0.123527 0.228179 0.119598 0.227736
0 0.0986469 0.217102 0.0982104 0.223305 0.102139 0.227736 0.109123 0.229065 0.113924 0.223305 0.111305 0.214887 0.107813 0.212229 0.102139 0.212229
0 0.0977739 0.194949 0.0973374 0.19938 0.100393 0.204696 0.106504 0.205583 0.111305 0.202924 0.111742 0.196278 0.107813 0.191405 0.101702 0.190518
0 0.100393 0.173239 0.0999564 0.180328 0.102139 0.183872 0.106067 0.185645 0.11567 0.185645 0.120471 0.178556 0.119598 0.175011 0.113488 0.171467 0.105631 0.170137
0 0.125709 0.173239 0.125273 0.17634 0.127019 0.178556 0.135749 0.179442 0.141423 0.175011 0.143605 0.167922 0.14055 0.165707 0.135749 0.16615
0 0.167176 0.172796 0.167176 0.175897 0.171541 0.180328 0.183763 0.180771 0.187254 0.178999 0.188564 0.171023 0.185072 0.163491 0.177215 0.160833 0.171104 0.164377
0 0.144478 0.150642 0.143605 0.157732 0.146224 0.162162 0.14928 0.165264 0.155827 0.167036 0.161938 0.16615 0.167612 0.162605 0.171977 0.156845 0.17285 0.151529 0.171977 0.145769 0.168485 0.14311 0.154518 0.143996
0 0.121781 0.188303 0.121344 0.194506 0.123527 0.196721 0.130074 0.197164 0.134439 0.194063 0.134876 0.188746 0.13313 0.186088 0.127455 0.185645
0 0.125709 0.141781 0.124836 0.145326 0.126146 0.147541 0.137058 0.149756 0.141423 0.146655 0.143169 0.139566 0.140986 0.136464 0.138368 0.136464 0.128765 0.139123
0 0.143169 0.125388 0.143169 0.13292 0.150589 0.13868 0.160629 0.13868 0.166739 0.13292 0.166739 0.124945 0.162375 0.120957 0.146224 0.1214
0 0.175469 0.117412 0.174596 0.124058 0.175906 0.128046 0.18158 0.132034 0.189 0.130261 0.195984 0.122286 0.194238 0.115197 0.185945 0.109437 0.181144 0.11121
0 0.184199 0.14311 0.185072 0.156845 0.191183 0.162162 0.199913 0.163491 0.208206 0.161719 0.21519 0.156402 0.215626 0.151086 0.21388 0.147098 0.202968 0.139566 0.195548 0.137794 0.187254 0.140009
0 0.142732 0.0974745 0.140986 0.102348 0.141423 0.107222 0.143605 0.112539 0.146661 0.114311 0.164557 0.114311 0.172414 0.105893 0.17285 0.101019 0.170231 0.0934869 0.161938 0.0886132 0.150589 0.0899424 0.146224 0.0926008
0 0.109996 0.116083 0.110432 0.129818 0.116979 0.135135 0.1244 0.135135 0.134439 0.131148 0.138368 0.126717 0.139677 0.122286 0.137931 0.111653 0.132257 0.107665 0.119598 0.108551 0.113924 0.11121
0 0.116543 0.0917147 0.116107 0.0961453 0.119598 0.102348 0.133566 0.102791 0.137058 0.0974745 0.137058 0.0912716 0.130074 0.0863979 0.119598 0.0881701
0 0.133566 0.0686752 0.13313 0.0775366 0.138368 0.0850687 0.143169 0.0863979 0.147534 0.0855117 0.153645 0.0819672 0.1567 0.0779796 0.156264 0.0704475 0.150153 0.0633584 0.14055 0.0638015
0 0.10825 0.0708906 0.10825 0.0779796 0.111305 0.0815241 0.116107 0.0832964 0.123963 0.0801949 0.127019 0.0748782 0.125709 0.0700044 0.120035 0.0660168 0.112178 0.0655738
0 0.111742 0.0451927 0.111305 0.0496234 0.113924 0.0571555 0.123527 0.0620292 0.135749 0.0615862 0.143169 0.053611 0.141423 0.0474081 0.130511 0.0398759 0.116107 0.0416482
0 0.101702 0.0988037 0.100393 0.105893 0.102575 0.107665 0.109996 0.108108 0.113924 0.10545 0.114797 0.102348 0.111742 0.0974745 0.104758 0.0970315
0 0.09079 0.115197 0.09079 0.120071 0.0986469 0.124058 0.102575 0.122729 0.105194 0.116526 0.102575 0.112096 0.0995199 0.11121 0.095155 0.111653
0 0.0842427 0.131148 0.0829332 0.136907 0.0846792 0.139566 0.0890441 0.140895 0.093409 0.13868 0.0947185 0.13292 0.0920995 0.129375 0.0872981 0.128932
0 0.069402 0.118299 0.069402 0.123172 0.072021 0.126717 0.0776953 0.128046 0.0803143 0.125831 0.0816237 0.119185 0.0798778 0.115197 0.0742034 0.114311
0 0.0763859 0.0961453 0.0759494 0.101905 0.0816237 0.108551 0.091663 0.106336 0.095155 0.103234 0.094282 0.0957023 0.0894806 0.0917147 0.0829332 0.0912716
0 0.0755129 0.0748782 0.0742034 0.0824103 0.0763859 0.0841825 0.0816237 0.0850687 0.0881711 0.0832964 0.0899171 0.0810811 0.0894806 0.0744351 0.0851157 0.0708906 0.0776953 0.0726628
0 0.0899171 0.0549402 0.0903536 0.0607 0.0955914 0.0664599 0.102139 0.0655738 0.106504 0.0607 0.105631 0.0562694 0.101266 0.0518387 0.094282 0.0505095 0.091663 0.0513957
0 0.0733304 0.046965 0.0733304 0.053611 0.0759494 0.0553833 0.0811873 0.0549402 0.0859887 0.0482942 0.0816237 0.0438635 0.0763859 0.0443066
0 0.0986469 0.0894993 0.0986469 0.0921577 0.104758 0.0934869 0.109559 0.0917147 0.109996 0.087284 0.105631 0.0819672
0 0.0549978 0.161276 0.0515059 0.164821 0.0515059 0.168365 0.0571803 0.172796 0.0611087 0.172796 0.0628546 0.168808 0.0619817 0.163934
0 0.0846792 0.184315 0.0824967 0.188746 0.0846792 0.192291 0.093409 0.189632 0.0938455 0.184759 0.0920995 0.181657 0.0877346 0.181657
0 0.0846792 0.211342 0.0842427 0.213558 0.0868616 0.216659 0.091663 0.219318 0.0938455 0.217545 0.0947185 0.211342 0.093409 0.209127 0.0881711 0.208684
0 0.0484505 0.242357 0.0475775 0.247674 0.0497599 0.254763 0.0536883 0.258751 0.0606722 0.257421 0.0667831 0.251661 0.0667831 0.244572 0.0637276 0.239256 0.0576168 0.237926
0 0.0619817 0.261852 0.0615452 0.265397 0.0641641 0.269827 0.0742034 0.267169 0.0768223 0.262295 0.0750764 0.256535 0.071148 0.253434 0.0672196 0.254763
0 0.0733304 0.284891 0.0742034 0.293753 0.0781318 0.29774 0.0864251 0.292424 0.0872981 0.289322 0.0855522 0.282676 0.0811873 0.280461 0.0781318 0.280904
0 0.0842427 0.314577 0.0851157 0.321666 0.09079 0.32521 0.0960279 0.323438 0.0986469 0.318564 0.0977739 0.313248 0.091663 0.310146
0 0.105194 0.275587 0.104758 0.279575 0.107377 0.28179 0.113488 0.28179 0.117416 0.279132 0.112615 0.272929 0.109123 0.272043
0 0.0903536 0.244129 0.091663 0.254763 0.095155 0.256535 0.0982104 0.255206 0.101266 0.251661 0.0999564 0.245459 0.095155 0.242357
0 0.103448 0.258307 0.103012 0.262295 0.105194 0.26451 0.109559 0.265397 0.113051 0.263181 0.111305 0.257864 0.105194 0.256978
0 0.0977739 0.34825 0.0973374 0.354896 0.102575 0.362871 0.105631 0.363314 0.111305 0.359327 0.111305 0.352681 0.105631 0.345591 0.100393 0.345148
0 0.111742 0.38148 0.111305 0.383695 0.115234 0.389455 0.1244 0.389455 0.126146 0.379708 0.12309 0.375277 0.117852 0.375277
0 0.11567 0.393 0.116107 0.400089 0.120035 0.401418 0.126146 0.398759 0.126582 0.393886 0.123527 0.390341
0 0.121781 0.408064 0.121344 0.412051 0.125273 0.417368 0.130511 0.417368 0.135312 0.411608 0.134003 0.406735 0.130074 0.40319 0.1244 0.403633
0 0.131384 0.422242 0.129638 0.425343 0.136185 0.431989 0.144042 0.428888 0.144042 0.424014 0.142296 0.421356 0.135749 0.420027
0 0.141423 0.434648 0.139241 0.439078 0.143605 0.444838 0.147097 0.443952 0.150589 0.439078 0.14928 0.433762 0.147097 0.431546 0.144042 0.431546
0 0.153208 0.44218 0.149716 0.447054 0.152772 0.45237 0.155391 0.453257 0.161065 0.449712 0.161065 0.445281 0.15801 0.44218
0 0.865561 0.749668 0.86687 0.764732 0.872981 0.774479 0.879965 0.778467 0.892623 0.77891 0.898734 0.778467 0.903099 0.774922 0.905718 0.757643 0.903099 0.747009 0.896988 0.740806 0.889131 0.735933 0.879965 0.733717 0.869489 0.742136
0 0.90921 0.755871 0.908773 0.76296 0.911392 0.76739 0.914884 0.768276 0.920995 0.775809 0.926233 0.776695 0.93278 0.766947 0.93409 0.762074 0.933653 0.758086 0.928852 0.751883 0.921868 0.747452 0.918376 0.747895 0.911392 0.752326
0 0.945875 0.731059 0.945439 0.741693 0.947185 0.745237 0.956351 0.751883 0.964644 0.75144 0.966827 0.748782 0.970755 0.731059 0.966827 0.723084 0.962898 0.720868 0.95155 0.722641 0.948058 0.725299
0 0.937145 0.765175 0.936709 0.775809 0.944566 0.781125 0.949367 0.780682 0.953732 0.777581 0.958097 0.76872 0.958533 0.758086 0.953296 0.754541 0.945875 0.753655 0.940637 0.757643
0 0.965081 0.76872 0.964644 0.77891 0.96639 0.782455 0.972065 0.786442 0.984286 0.786442 0.989088 0.782898 0.99127 0.778467 0.992143 0.765175 0.989088 0.760301 0.984723 0.758086 0.970319 0.760744 0.966827 0.763403
0 0.836316 0.74568 0.83588 0.754541 0.84199 0.761187 0.852903 0.76163 0.85945 0.758086 0.861196 0.754984 0.861632 0.747895 0.859887 0.744794 0.848101 0.738591 0.841117 0.738148
0 0.800524 0.743908 0.801397 0.75144 0.805325 0.754984 0.814491 0.757643 0.824531 0.7572 0.828023 0.753655 0.829332 0.737705 0.827586 0.73416 0.824531 0.734603 0.821912 0.732388 0.807944 0.731502 0.803143 0.734603
0 0.763422 0.736819 0.763422 0.754541 0.767351 0.759415 0.771715 0.761187 0.78612 0.759858 0.795286 0.750997 0.797905 0.744351 0.797905 0.736819 0.795722 0.733274 0.781318 0.727957 0.768223 0.72973
0 0.746399 0.72973 0.745526 0.737705 0.735923 0.75144 0.737233 0.754984 0.740725 0.7572 0.753819 0.7572 0.757748 0.755428 0.75993 0.75144 0.760367 0.735047 0.759057 0.732388 0.752073 0.727957 0.748145 0.727957
0 0.704496 0.735047 0.704059 0.741249 0.707115 0.74568 0.714535 0.750111 0.727193 0.750997 0.730249 0.731059 0.729812 0.727071 0.727193 0.72397 0.72021 0.723084 0.716281 0.724856 0.709734 0.728844
0 0.691838 0.722198 0.693584 0.730173 0.699694 0.733717 0.703623 0.731945 0.712353 0.723527 0.712789 0.716881 0.707988 0.713336 0.70275 0.712007 0.694893 0.715995
0 0.725884 0.694284 0.725884 0.711121 0.730685 0.716438 0.747708 0.723527 0.755129 0.723527 0.760367 0.720868 0.766478 0.715109 0.769969 0.708019 0.770842 0.70093 0.768223 0.689411 0.761676 0.683651 0.752073 0.67922 0.745089 0.677448 0.740725 0.678777 0.728503 0.688968
0 0.749891 0.655295 0.748145 0.661498 0.748581 0.669473 0.753819 0.676119 0.760803 0.67922 0.770406 0.67922 0.77739 0.676119 0.783064 0.669916 0.785247 0.664599 0.785683 0.659282 0.782628 0.649978 0.779136 0.64599 0.772588 0.642889 0.764295 0.642003 0.757311 0.643775 0.753819 0.646433
0 0.674814 0.706247 0.673069 0.709792 0.673942 0.720425 0.677433 0.725742 0.682671 0.726628 0.685727 0.724413 0.692711 0.712893 0.69402 0.706247 0.691401 0.701817 0.686163 0.697829 0.678743 0.701817
0 0.600611 0.755428 0.599302 0.760301 0.601048 0.770049 0.605849 0.771821 0.612833 0.770492 0.615452 0.765618 0.614142 0.7572 0.608031 0.753655
0 0.567438 0.785999 0.565255 0.789987 0.565255 0.795747 0.567874 0.796633 0.570057 0.801063 0.574422 0.801506 0.583588 0.796633 0.584024 0.79043 0.581842 0.785999 0.576168 0.783784 0.570493 0.783784
0 0.635094 0.717767 0.634657 0.727514 0.639459 0.740363 0.650808 0.744794 0.656045 0.741693 0.666085 0.725742 0.664775 0.712007 0.654299 0.706247 0.647316 0.704918 0.639022 0.712007
0 0.656918 0.682765 0.656482 0.692512 0.657791 0.695614 0.667831 0.700487 0.671759 0.700044 0.677433 0.6965 0.683981 0.688525 0.683544 0.682322 0.680489 0.675233 0.676124 0.672574 0.667394 0.672131 0.663029 0.673903
0 0.628546 0.670359 0.629856 0.678777 0.643824 0.689411 0.647316 0.690297 0.655609 0.672131 0.653426 0.6677 0.647752 0.665928 0.633784 0.665928
0 0.576168 0.662827 0.575295 0.673017 0.582715 0.688968 0.588389 0.692069 0.59581 0.693398 0.60323 0.692955 0.608031 0.688968 0.611087 0.67479 0.609777 0.665928 0.606285 0.661054 0.591881 0.653965 0.584897 0.653079 0.577914 0.657953
0 0.600611 0.637572 0.598865 0.645547 0.601048 0.652636 0.616325 0.659282 0.62069 0.658396 0.627237 0.651307 0.630292 0.64156 0.628546 0.633584 0.624182 0.63004 0.617634 0.627825 0.607595 0.629154
0 0.636403 0.648649 0.635094 0.654409 0.639022 0.658839 0.651244 0.658839 0.656918 0.652636 0.659101 0.647319 0.658664 0.643775 0.653426 0.639344 0.642951 0.638015 0.639459 0.641117
0 0.665212 0.644218 0.664775 0.662827 0.678743 0.662384 0.683544 0.651307 0.683108 0.643775 0.671759 0.640673 0.666958 0.642003
0 0.684854 0.658396 0.684417 0.668144 0.691401 0.677891 0.699694 0.680106 0.707115 0.67479 0.708861 0.664156 0.707988 0.658396 0.704496 0.653965 0.697948 0.65175 0.689219 0.652636
0 0.671323 0.624723 0.67045 0.631369 0.671759 0.634914 0.675687 0.638458 0.685727 0.64023 0.693147 0.634471 0.697512 0.626052 0.698385 0.619849 0.693584 0.614533 0.682671 0.611431 0.67787 0.614976
0 0.684854 0.592379 0.683981 0.595924 0.686163 0.603456 0.691838 0.608773 0.698821 0.611431 0.70275 0.610102 0.709734 0.60257 0.713226 0.592822 0.71017 0.587506 0.699258 0.582189 0.690965 0.584847
0 0.541685 0.682765 0.542558 0.689411 0.546486 0.691626 0.551724 0.691626 0.558708 0.688082 0.5622 0.681879 0.557399 0.676562 0.551724 0.675233 0.546923 0.676562
0 0.537756 0.647763 0.536447 0.651307 0.538193 0.657067 0.542994 0.662384 0.54605 0.66327 0.555216 0.658839 0.560017 0.65175 0.559581 0.646876 0.550415 0.639787 0.546486 0.640673
0 0.479703 0.595481 0.47883 0.599025 0.481886 0.606114 0.491052 0.61276 0.501528 0.610102 0.509821 0.605671 0.512003 0.60257 0.51244 0.598582 0.509385 0.591936 0.498036 0.584847 0.487124 0.587506
0 0.438237 0.576872 0.4378 0.583075 0.439546 0.588392 0.446966 0.595924 0.453077 0.595481 0.462244 0.587949 0.463553 0.579973 0.46268 0.571998 0.455696 0.565795 0.449585 0.564023 0.442601 0.565352
0 0.466172 0.5751 0.466608 0.587506 0.470537 0.591493 0.474029 0.591936 0.481886 0.58529 0.487997 0.583075 0.493234 0.574214 0.491925 0.569783 0.488869 0.567125 0.48014 0.564909 0.473156 0.566681 0.467918 0.571112
0 0.478394 0.527692 0.479703 0.539654 0.484068 0.543199 0.491488 0.542756 0.504147 0.533008 0.500655 0.525919 0.494544 0.521489 0.484068 0.521932 0.48014 0.524147
0 0.470973 0.498006 0.470537 0.505095 0.474029 0.509526 0.480576 0.512184 0.487997 0.512627 0.493671 0.509083 0.498036 0.501551 0.498909 0.496234 0.49629 0.489588 0.492361 0.4856 0.487124 0.484714 0.479703 0.488702
0 0.503274 0.472751 0.502401 0.477182 0.504583 0.488259 0.512003 0.494905 0.519424 0.495348 0.525535 0.492689 0.532955 0.48117 0.530336 0.470536 0.519424 0.463004 0.515495 0.462118 0.511131 0.46389
0 0.529463 0.498006 0.529027 0.504652 0.533392 0.512627 0.546923 0.515286 0.551724 0.512184 0.554343 0.506868 0.556089 0.495791 0.551724 0.490031 0.547359 0.487373 0.539939 0.48693 0.532955 0.49136
0 0.459188 0.470093 0.459188 0.48117 0.460934 0.484714 0.466172 0.488259 0.472283 0.4856 0.482322 0.474967 0.481013 0.469207 0.474029 0.464333 0.464426 0.465662
0 0.450458 0.446167 0.449585 0.450598 0.452641 0.455915 0.460061 0.461232 0.469664 0.459459 0.474465 0.455915 0.476211 0.451484 0.474902 0.442623 0.470537 0.438192 0.464863 0.435977 0.455696 0.438635
0 0.427761 0.422242 0.428634 0.431989 0.434308 0.439078 0.43911 0.441737 0.44522 0.441737 0.449585 0.439521 0.456569 0.431546 0.457006 0.424014 0.454387 0.418254 0.449585 0.412494 0.443474 0.410279 0.435618 0.411165 0.42907 0.417811
0 0.409428 0.443952 0.408992 0.450155 0.410738 0.454586 0.418158 0.459903 0.42165 0.460346 0.425142 0.458573 0.432126 0.449712 0.43038 0.441737 0.42165 0.435534 0.413357 0.438192
0 0.431253 0.465219 0.430816 0.467435 0.434745 0.474967 0.43911 0.477182 0.450895 0.474081 0.457442 0.466549 0.448712 0.455029 0.443038 0.452813 0.436491 0.455915
0 0.259712 0.36996 0.258839 0.374834 0.261894 0.380151 0.269315 0.384581 0.275862 0.384138 0.286338 0.373062 0.286338 0.359327 0.282409 0.355339 0.276735 0.354896
0 0.0209515 0.0119628 0.0148407 0.0128489 0.0130947 0.0146212 0.0126582 0.0190518 0.0148407 0.0234825 0.0200786 0.0230394 0.02488 0.019938 0.0257529 0.0150642 0.0226975 0.0119628
0 0.0221881 0 0.0109123 0 0.0109123 0.00841825 0.0122217 0.0119628 0.0144042 0.0106336 0.0200786 0.0106336 0.024007 0.00841825 0.0244435 0
0 0.0200786 0.0274701 0.0148407 0.0292424 0.0152772 0.0376606 0.0187691 0.040319 0.022261 0.0398759 0.0270624 0.0363314 0.0266259 0.0296854 0.022261 0.0274701
0 0.0995199 0.143996 0.100829 0.152415 0.105194 0.157288 0.112615 0.155516 0.116543 0.151529 0.117416 0.143553 0.113051 0.139123 0.105631 0.138237
0 0.215626 0.0930439 0.215626 0.102791 0.218245 0.108551 0.226539 0.113425 0.234832 0.112982 0.244871 0.109437 0.249236 0.104564 0.251419 0.0970315 0.250546 0.0886132 0.2488 0.0859548 0.238324 0.0810811 0.229594 0.0810811 0.223047 0.0832964
0 0.237014 0.124058 0.237451 0.131591 0.243562 0.13735 0.2488 0.137794 0.253601 0.135578 0.25622 0.130704 0.256656 0.122286 0.251855 0.116526 0.243998 0.116969 0.240506 0.118742
0 0.277172 0.0691183 0.276735 0.0775366 0.283719 0.0886132 0.292012 0.0899424 0.302924 0.0841825 0.30467 0.0731059 0.300742 0.0664599 0.291139 0.0638015 0.284592 0.0638015 0.279354 0.0660168
0 0.276735 0.0429774 0.276735 0.0509526 0.282409 0.0562694 0.29725 0.0549402 0.301615 0.0518387 0.303361 0.0465219 0.301179 0.0381037 0.293758 0.033673 0.281973 0.0350022
0 0.285465 0.0124058 0.284592 0.0243686 0.290266 0.0292424 0.295504 0.0305716 0.310781 0.0296854 0.315583 0.0261409 0.317329 0.0225964 0.317765 0.0186088 0.315146 0.0106336 0.307726 0.00398759 0.29856 0.00310146 0.293322 0.00443066
0 0.246181 0.0358883 0.246181 0.0447497 0.251419 0.0496234 0.26495 0.0505095 0.270624 0.0465219 0.271061 0.0363314 0.266696 0.0301285 0.255347 0.0279132 0.250546 0.0301285
0 0.259712 0.00354453 0.258839 0.0190518 0.261894 0.0234825 0.271497 0.0252548 0.275862 0.0234825 0.280227 0.0190518 0.281536 0.00930439 0.280227 0 0.260148 0
0 0.146661 0.00487373 0.144042 0.00841825 0.144042 0.013292 0.14797 0.0194949 0.154081 0.0225964 0.161938 0.0230394 0.167176 0.0190518 0.168922 0.0115197 0.164993 0.00531679 0.157137 0.00221533 0.152335 0.00221533
0 0.125709 0.0163934 0.124836 0.0225964 0.130947 0.0274701 0.136622 0.027027 0.140986 0.0230394 0.140986 0.0186088 0.136622 0.013735 0.130947 0.0128489
0 0.0964644 0.0110767 0.095155 0.0159504 0.0973374 0.0217102 0.108686 0.0261409 0.113488 0.0248117 0.119598 0.0128489 0.116107 0.00620292 0.109996 0.00398759 0.0995199 0.00753212
0 0.143605 0.0292424 0.140986 0.0323438 0.140986 0.0363314 0.144042 0.0412051 0.151026 0.0425343 0.158883 0.0381037 0.160192 0.0327869 0.15801 0.0292424 0.153208 0.0274701 0.147097 0.0274701
0 0.292885 0.229508 0.292885 0.237483 0.300306 0.247674 0.307289 0.24856 0.316019 0.241914 0.317329 0.230837 0.315583 0.226407 0.310781 0.221976 0.306416 0.220647 0.29725 0.222419
0 0.320384 0.252991 0.320384 0.264067 0.324749 0.27027 0.329987 0.273372 0.342209 0.273372 0.350065 0.27027 0.353121 0.26584 0.353121 0.254763 0.351375 0.248117 0.349192 0.245902 0.327368 0.246345
0 0.364033 0.272043 0.364906 0.282676 0.369271 0.287993 0.385858 0.284448 0.38935 0.280904 0.388913 0.268498 0.386294 0.263181 0.379747 0.262295 0.375818 0.263624 0.367962 0.267612
0 0.393715 0.26008 0.392842 0.26584 0.397206 0.279575 0.407682 0.280018 0.41423 0.27603 0.415539 0.26584 0.411174 0.256978 0.404627 0.255649
0 0.419467 0.341604 0.418158 0.349579 0.419904 0.355339 0.423832 0.360213 0.428197 0.361985 0.435618 0.361542 0.445657 0.355782 0.452204 0.346478 0.450895 0.338059 0.440419 0.3323 0.433872 0.3323 0.425578 0.334958
0 0.43038 0.381037 0.429943 0.389898 0.432999 0.396101 0.438673 0.400089 0.445657 0.400089 0.450022 0.396987 0.453077 0.386797 0.448276 0.377935 0.442601 0.374391 0.436927 0.373948 0.432126 0.377492
0 0.392405 0.758529 0.391969 0.762517 0.393715 0.764289 0.400698 0.764289 0.402008 0.762074 0.400698 0.7572 0.397643 0.754984
0 0.376255 0.754984 0.373636 0.757643 0.375382 0.762517 0.379747 0.766061 0.383239 0.764732 0.384548 0.76296 0.384112 0.758086 0.379747 0.754984
0 0.409428 0.750111 0.408992 0.755428 0.410738 0.7572 0.415103 0.7572 0.418158 0.754984 0.416412 0.749225 0.411174 0.748339
0 0.378001 0.704032 0.378001 0.708463 0.380183 0.711121 0.384985 0.709349 0.386294 0.70669 0.385421 0.701817 0.382366 0.70093
0 0.372326 0.68498 0.372763 0.691626 0.375818 0.694728 0.37931 0.695614 0.385858 0.693398 0.388913 0.687638 0.388477 0.682322 0.383675 0.678334 0.375382 0.680106
0 0.668704 0.552503 0.668704 0.564023 0.672632 0.567568 0.684854 0.571112 0.693147 0.568011 0.698821 0.55782 0.696203 0.550288 0.685727 0.542313 0.676997 0.543199
0 0.631165 0.540984 0.629419 0.5463 0.630292 0.549402 0.635967 0.552946 0.642951 0.552946 0.648625 0.546743 0.648625 0.539654 0.642514 0.534338 0.635094 0.535224
0 0.609777 0.529021 0.608031 0.532565 0.608904 0.536553 0.615015 0.544085 0.623309 0.544971 0.628546 0.540541 0.630729 0.531236 0.626364 0.525476 0.616325 0.523704
0 0.618071 0.571555 0.617634 0.578201 0.619817 0.584847 0.626801 0.589721 0.63684 0.591493 0.647316 0.588392 0.65299 0.579087 0.653863 0.574657 0.651244 0.563137 0.64426 0.558706 0.63684 0.556934 0.625928 0.560035
0 0.61196 0.610102 0.611087 0.616748 0.616325 0.623394 0.621563 0.625166 0.630729 0.62428 0.637713 0.619849 0.642514 0.610988 0.643387 0.605228 0.640768 0.600798 0.635967 0.598139 0.626801 0.597696 0.619817 0.600354
0 0.643824 0.621179 0.643387 0.626495 0.645133 0.628711 0.647316 0.630483 0.654736 0.630926 0.662593 0.626495 0.668267 0.617191 0.668267 0.613203 0.659537 0.603899 0.653426 0.602127 0.647316 0.605671
0 0.663029 0.58086 0.663029 0.587949 0.667831 0.592379 0.678743 0.593265 0.682235 0.588392 0.682671 0.581303 0.676124 0.577315 0.667831 0.5751
0 0.701877 0.567568 0.701004 0.571555 0.702313 0.574214 0.709734 0.578201 0.719773 0.576429 0.725447 0.568011 0.721082 0.562251 0.714099 0.558263 0.706678 0.558706
0 0.726757 0.581746 0.72632 0.586176 0.728503 0.589278 0.738106 0.591936 0.745526 0.588392 0.748581 0.58086 0.74378 0.573327 0.736796 0.571112 0.730249 0.575543
0 0.590572 0.55206 0.590135 0.560479 0.591445 0.56358 0.601484 0.56934 0.606285 0.568011 0.615015 0.55782 0.614142 0.550288 0.602357 0.54187 0.595373 0.545857
0 0.573549 0.526362 0.573112 0.533451 0.574858 0.537882 0.583588 0.543642 0.589262 0.54187 0.59581 0.530793 0.594937 0.525919 0.588389 0.520603 0.579223 0.521932
0 0.592318 0.509526 0.593191 0.51883 0.601921 0.528578 0.608031 0.526362 0.615888 0.515729 0.613706 0.509083 0.605412 0.50288 0.595373 0.505981
0 0.556962 0.560035 0.556962 0.568011 0.560017 0.570226 0.564382 0.569783 0.576604 0.561365 0.578787 0.55782 0.578787 0.553833 0.575731 0.549845 0.57093 0.547187 0.563946 0.545857 0.561327 0.548073
0 0.51986 0.540541 0.51986 0.544085 0.525535 0.549845 0.532955 0.549845 0.53601 0.548073 0.539939 0.543199 0.543867 0.525476 0.540812 0.521932 0.536447 0.52016 0.530773 0.521046
0 0.507202 0.567568 0.506766 0.5751 0.518987 0.586619 0.522916 0.586619 0.529027 0.581303 0.534701 0.56934 0.535137 0.56358 0.531646 0.558706 0.525098 0.556934 0.512003 0.562251
0 0.456133 0.519716 0.453077 0.525919 0.453077 0.530793 0.459625 0.536996 0.468791 0.534338 0.476211 0.523704 0.475775 0.519273 0.467045 0.513957 0.460934 0.515286
0 0.485378 0.450155 0.485378 0.456358 0.491052 0.46389 0.495417 0.46389 0.501528 0.461232 0.505456 0.456358 0.502837 0.448826 0.498036 0.444395 0.491052 0.444838
0 0.472283 0.422242 0.471846 0.429774 0.480576 0.439965 0.489742 0.435977 0.495417 0.42623 0.493234 0.421356 0.484068 0.416925 0.477521 0.417368
0 0.500218 0.43066 0.499782 0.435534 0.505456 0.444838 0.515059 0.447054 0.51986 0.441737 0.522043 0.435977 0.520733 0.431989 0.512003 0.423571 0.504147 0.424457
0 0.517241 0.448826 0.515059 0.452813 0.518551 0.457687 0.527281 0.459016 0.532955 0.456358 0.533392 0.448826 0.529027 0.443952 0.522479 0.443952
0 0.535137 0.459903 0.535574 0.467435 0.539939 0.472751 0.546923 0.470979 0.549542 0.463004 0.546486 0.45813 0.541685 0.456801 0.536883 0.457687
0 0.549978 0.471865 0.549542 0.477625 0.55347 0.482499 0.559581 0.486486 0.564819 0.483385 0.567001 0.477625 0.564819 0.471865 0.560454 0.46965 0.553907 0.46965
0 0.564382 0.505538 0.564382 0.511741 0.567438 0.514843 0.575295 0.513514 0.57835 0.509083 0.577914 0.505095 0.571366 0.500222 0.567438 0.500222
0 0.581405 0.493132 0.580969 0.498449 0.584897 0.504652 0.591881 0.50288 0.5945 0.498006 0.589262 0.490474 0.584461 0.490031
0 0.57093 0.482499 0.567438 0.487373 0.567874 0.495348 0.577477 0.493576 0.580533 0.488702 0.580096 0.484271 0.57835 0.482499 0.574422 0.48117
0 0.500218 0.50864 0.498909 0.515729 0.501964 0.518387 0.508512 0.517058 0.513313 0.511741 0.512876 0.506868 0.508948 0.503766 0.504583 0.504209
0 0.291576 0.10545 0.290266 0.119185 0.294195 0.124058 0.299433 0.125831 0.309035 0.124502 0.314273 0.1214 0.318638 0.116526 0.321694 0.109437 0.321694 0.102348 0.318638 0.0970315 0.314273 0.0926008 0.307726 0.0894993 0.29725 0.0930439 0.293758 0.0979176
0 0.269751 0.133363 0.269315 0.13868 0.271497 0.143996 0.275426 0.147541 0.282409 0.149756 0.290703 0.145326 0.294631 0.137794 0.294195 0.129818 0.286774 0.124502 0.278481 0.126274
0 0.28852 0.155073 0.288957 0.161276 0.29725 0.167036 0.307726 0.165707 0.312527 0.158618 0.311218 0.151086 0.301179 0.145769 0.294195 0.147541
0 0.257966 0.107665 0.25622 0.112096 0.257093 0.116083 0.261021 0.120957 0.268878 0.124945 0.279354 0.120957 0.284155 0.112539 0.281973 0.104564 0.275862 0.100576 0.262331 0.102791
0 0.163247 0.0748782 0.163247 0.0810811 0.171104 0.0859548 0.175906 0.0828533 0.178088 0.0779796 0.176779 0.0717767 0.171977 0.0686752 0.165866 0.0708906
0 0.169795 0.0230394 0.168485 0.0310146 0.171541 0.0389898 0.176342 0.0398759 0.180707 0.0451927 0.191619 0.0456358 0.19904 0.0398759 0.19904 0.0292424 0.196421 0.0243686 0.183326 0.020381 0.175033 0.020381
0 0.172414 0 0.171977 0.00886132 0.175033 0.0141781 0.18289 0.0159504 0.199913 0.0146212 0.203405 0.0124058 0.205151 0
0 0.2488 0 0.219555 0 0.219555 0.0013292 0.223483 0.00708906 0.241379 0.0168365 0.245744 0.013292
0 0.718464 0.605671 0.713662 0.61276 0.716718 0.616305 0.722828 0.618963 0.729812 0.616305 0.73505 0.605671 0.731995 0.601684 0.728503 0.600354 0.724138 0.601241
0 0.778699 0.58086 0.775207 0.584404 0.775207 0.588392 0.778699 0.59105 0.789175 0.590607 0.795286 0.584847 0.795286 0.581303 0.789612 0.578201
0 0.791794 0.610102 0.791794 0.619849 0.797905 0.62428 0.804016 0.624723 0.806635 0.623837 0.809254 0.619849 0.811436 0.613646 0.811873 0.605228 0.808817 0.601684 0.803143 0.600798 0.799651 0.602127
0 0.796159 0.646433 0.796595 0.654409 0.807071 0.660168 0.812309 0.660611 0.817547 0.65751 0.821039 0.650864 0.822348 0.643775 0.817547 0.6358 0.810563 0.632698 0.806198 0.632698 0.799651 0.637572
0 0.816237 0.61276 0.816674 0.620735 0.824967 0.634027 0.828896 0.6358 0.836753 0.635357 0.843736 0.63004 0.845482 0.615862 0.843736 0.608773 0.838935 0.604342 0.827586 0.603013 0.821912 0.604785
0 0.813182 0.679663 0.813619 0.692512 0.820602 0.699601 0.830205 0.701817 0.836316 0.70093 0.841554 0.697829 0.845046 0.692955 0.846355 0.688525 0.845919 0.675233 0.838062 0.6677 0.824531 0.667257 0.814928 0.67479
0 0.850284 0.676119 0.850284 0.689854 0.85203 0.694728 0.855522 0.697829 0.861196 0.698272 0.871235 0.696057 0.876473 0.692512 0.881711 0.684537 0.882148 0.671245 0.879529 0.668144 0.870362 0.664156 0.862069 0.66327 0.856831 0.665928 0.852903 0.669916
0 0.698385 0.689854 0.696203 0.692512 0.696639 0.696057 0.697948 0.70093 0.70144 0.705361 0.712353 0.708906 0.717154 0.707133 0.721519 0.698272 0.721082 0.692512 0.718027 0.688968 0.708861 0.685866 0.703186 0.686752
0 0.851157 0.717767 0.85072 0.728844 0.852903 0.731502 0.859014 0.73416 0.866434 0.736376 0.873854 0.732388 0.87691 0.728401 0.877346 0.71245 0.876037 0.708463 0.872981 0.706247 0.864688 0.705361 0.856831 0.708019
0 0.891314 0.677891 0.890441 0.685423 0.892623 0.691626 0.908773 0.696057 0.919249 0.692069 0.922741 0.67479 0.920122 0.671245 0.915757 0.66903 0.900917 0.66903 0.893933 0.671245
0 0.927979 0.626495 0.927543 0.633141 0.929725 0.637572 0.935399 0.64023 0.945875 0.64156 0.953732 0.631812 0.955041 0.622508 0.949804 0.616305 0.938018 0.613646 0.931907 0.615862
0 0.903099 0.619406 0.902663 0.63004 0.904409 0.634027 0.915757 0.634471 0.921868 0.630926 0.922305 0.619406 0.919686 0.61276 0.908337 0.612317 0.904845 0.614976
0 0.952423 0.661498 0.952423 0.670802 0.959406 0.677448 0.966827 0.678777 0.974247 0.672131 0.975557 0.6677 0.973811 0.65751 0.968573 0.649978 0.959843 0.649092 0.95766 0.650421
0 0.895679 0.650864 0.894806 0.659282 0.897425 0.66327 0.908337 0.665485 0.914011 0.662384 0.911829 0.649978 0.907464 0.645547 0.90048 0.644661
0 0.848974 0.620735 0.848538 0.630926 0.853776 0.636686 0.865124 0.638015 0.869489 0.635357 0.873418 0.63004 0.873418 0.619849 0.871235 0.615862 0.865561 0.611431 0.854649 0.611874 0.85072 0.615862
0 0.850284 0.644661 0.85072 0.653079 0.852903 0.657067 0.856831 0.658396 0.862069 0.655295 0.864251 0.647319 0.862505 0.643775 0.854212 0.64156
0 0.828023 0.64599 0.824094 0.661054 0.82715 0.662384 0.839808 0.661498 0.84199 0.658396 0.839808 0.644218 0.834134 0.642889
0 0.78481 0.676562 0.784374 0.68498 0.785683 0.687195 0.799214 0.694284 0.807508 0.692512 0.810127 0.688525 0.810127 0.670802 0.801833 0.662384 0.796595 0.661054 0.791794 0.662384 0.787429 0.668144
0 0.758184 0.623837 0.757748 0.63004 0.759494 0.633141 0.761676 0.635357 0.768223 0.637129 0.776517 0.634471 0.782628 0.626495 0.776953 0.618963 0.772588 0.617191 0.762986 0.618077
0 0.735923 0.619406 0.73505 0.626938 0.742034 0.630483 0.748145 0.630926 0.7512 0.63004 0.753819 0.626495 0.756875 0.615862 0.7512 0.608773 0.741161 0.606114
0 0.798341 0.587062 0.798341 0.592379 0.800524 0.595038 0.80969 0.597696 0.813619 0.595481 0.813619 0.587949 0.811436 0.582632 0.803579 0.581303 0.800087 0.583518
0 0.853776 0.599911 0.853339 0.605671 0.855522 0.607887 0.86687 0.607887 0.872108 0.605671 0.870362 0.597253 0.865997 0.591493 0.862069 0.59105 0.858141 0.593265
0 0.929289 0.601684 0.928416 0.607 0.930598 0.610102 0.936709 0.610988 0.941947 0.609216 0.94282 0.605671 0.940201 0.600354 0.933217 0.598582
0 0.542558 0.609659 0.542121 0.61276 0.545177 0.619406 0.549978 0.622951 0.555216 0.623394 0.565255 0.615419 0.568747 0.607887 0.567874 0.604785 0.560454 0.599468 0.549978 0.598582 0.545177 0.603456
0 0.560017 0.633584 0.560017 0.640673 0.566565 0.648206 0.574422 0.651307 0.578787 0.651307 0.582278 0.649978 0.586207 0.645104 0.59581 0.626052 0.582278 0.619406 0.577477 0.619406 0.571366 0.622065
0 0.460934 0.545857 0.459625 0.550288 0.461371 0.555605 0.464426 0.558263 0.470973 0.556491 0.475338 0.549845 0.475775 0.546743 0.4701 0.54187 0.465299 0.542313
0 0.212134 0.175011 0.212134 0.18786 0.215626 0.194506 0.223483 0.199823 0.230904 0.198494 0.237014 0.185645 0.237451 0.178556 0.234832 0.17191 0.228285 0.167922 0.219991 0.167479 0.21519 0.168808
0 0.221737 0.14444 0.219991 0.147098 0.221737 0.157732 0.220864 0.161276 0.226975 0.163934 0.233959 0.161276 0.242689 0.150199 0.243125 0.147098 0.240506 0.14311 0.230904 0.13868
0 0.355303 0.109437 0.353557 0.116083 0.358795 0.124945 0.366216 0.126274 0.371454 0.122729 0.372763 0.120071 0.372326 0.111653 0.369271 0.103677 0.362287 0.104121
0 0.920559 0.721311 0.91794 0.730173 0.919249 0.73416 0.918376 0.737705 0.920995 0.73992 0.933653 0.738148 0.938018 0.72973 0.937145 0.719539 0.935399 0.717767 0.927979 0.717767 0.923614 0.718653
0 0.819729 0.590607 0.819293 0.592379 0.821912 0.595038 0.831515 0.595038 0.834134 0.592379 0.83457 0.587949 0.831951 0.584847 0.828459 0.584847 0.823658 0.586176
0 0.838062 0.591936 0.837625 0.599468 0.841554 0.603899 0.845482 0.605228 0.848538 0.60257 0.851157 0.595924 0.849847 0.588835 0.845919 0.586619 0.84199 0.586619
0 0.651244 0.549845 0.650371 0.556934 0.654299 0.563137 0.657791 0.565795 0.66172 0.564466 0.665212 0.557377 0.663466 0.550288 0.658664 0.547187
0 0.191619 0.515286 0.192492 0.522375 0.195548 0.523704 0.203405 0.522375 0.203405 0.516615 0.199476 0.512627 0.195984 0.512627
0 0.165866 0.380151 0.164557 0.382809 0.16543 0.388569 0.168049 0.390784 0.173723 0.389455 0.175469 0.38724 0.174596 0.381037 0.171977 0.378821
0 0.161502 0.363314 0.161502 0.369517 0.16412 0.372175 0.171541 0.373505 0.173287 0.371732 0.173723 0.365529 0.171104 0.361099 0.166303 0.35977
0 0.152772 0.30926 0.153208 0.314134 0.16412 0.316349 0.166739 0.314577 0.171541 0.305716 0.168049 0.300399 0.163247 0.299956 0.157137 0.302614 0.155827 0.306602
0 0.0515059 0.00620292 0.0506329 0.0124058 0.0536883 0.0168365 0.0606722 0.0159504 0.0680925 0.0119628 0.068529 0.00664599 0.0663466 0 0.0549978 0
0 0.0929725 0 0.0742034 0 0.0742034 0.00310146 0.0768223 0.00886132 0.0846792 0.0106336 0.0899171 0.00841825
0 0.0811873 0.0155073 0.0781318 0.0186088 0.0798778 0.0230394 0.0864251 0.027027 0.091663 0.027027 0.092536 0.0217102 0.0903536 0.0172796 0.0859887 0.0150642
0 0.0947185 0.0327869 0.0938455 0.0372175 0.0955914 0.0389898 0.102139 0.0438635 0.10694 0.0420913 0.107813 0.0345591 0.106504 0.0323438 0.0986469 0.0305716
0 0.149716 0.0505095 0.148843 0.053611 0.150153 0.0571555 0.15801 0.0646876 0.162375 0.0660168 0.169358 0.0633584 0.171104 0.0567125 0.169358 0.0518387 0.164557 0.0465219 0.1567 0.0456358
0 0.353121 0.219761 0.353557 0.228179 0.356176 0.23261 0.360105 0.234825 0.369708 0.233939 0.378001 0.22685 0.377128 0.217988 0.373199 0.213115 0.369271 0.212229 0.358795 0.214001 0.35574 0.21533
0 0.876037 0.595038 0.875164 0.599025 0.876473 0.601684 0.887385 0.602127 0.891314 0.603899 0.896115 0.602127 0.895242 0.595924 0.887385 0.590164 0.879092 0.59105
0 0.959843 0.628268 0.95897 0.635357 0.960279 0.64156 0.966827 0.643332 0.976866 0.64156 0.979048 0.634027 0.977302 0.623394 0.970755 0.620735 0.963771 0.621622
0 0.985596 0.621622 0.983413 0.626052 0.985159 0.642889 0.987778 0.645547 0.999564 0.64599 0.999564 0.615862 0.987778 0.618963
0 0.378874 0.296411 0.379747 0.304386 0.384112 0.30926 0.390223 0.312805 0.396333 0.311032 0.400698 0.307045 0.398516 0.297297 0.393715 0.290651 0.383675 0.291981
0 0.0226975 0.060257 0.0226975 0.0682322 0.0327368 0.0704475 0.0379747 0.067346 0.0384112 0.060257 0.0349192 0.0553833 0.0274989 0.0558263
0 0.147534 0.379265 0.14928 0.383252 0.154518 0.384138 0.15801 0.381037 0.158446 0.377492 0.1567 0.375277 0.152772 0.374834
0 0.161502 0.399202 0.161502 0.401861 0.164557 0.404519 0.170668 0.400975 0.168049 0.396101 0.16412 0.396101
0 0.168049 0.409393 0.166303 0.411165 0.167612 0.416925 0.171977 0.42047 0.175033 0.42047 0.176342 0.416925 0.175033 0.411165 0.17285 0.409393
0 0.272807 0.515286 0.27368 0.523704 0.277608 0.528135 0.282846 0.529464 0.286338 0.527249 0.287647 0.522818 0.286774 0.515286 0.283282 0.513514
0 0.257966 0.517501 0.257529 0.525919 0.265823 0.525033 0.267569 0.520603 0.266696 0.514843 0.259712 0.513957
0 0.266696 0.580416 0.266696 0.584404 0.268442 0.58529 0.274553 0.581746 0.27237 0.577758
0 0.306416 0.632698 0.306853 0.636243 0.309035 0.638458 0.31471 0.637129 0.313837 0.627825 0.310345 0.627825
0 0.443038 0.717767 0.443474 0.724413 0.447839 0.728844 0.456569 0.72973 0.460934 0.727957 0.463117 0.724856 0.461807 0.717767 0.457006 0.712007 0.449149 0.711564
0 0.468791 0.799734 0.469227 0.807709 0.473592 0.810368 0.477521 0.809925 0.48014 0.805051 0.47883 0.797962 0.473156 0.79619
0 0.596683 0.846699 0.596246 0.85113 0.598429 0.85556 0.606722 0.853345 0.607158 0.848471 0.605412 0.846256 0.598429 0.84537
0 0.697512 0.89012 0.697076 0.897209 0.699694 0.900753 0.707115 0.90031 0.71148 0.897652 0.71017 0.887018 0.702313 0.886132 0.698385 0.887904
0 0.66172 0.880815 0.661283 0.88436 0.664775 0.89012 0.666521 0.88879 0.672196 0.889677 0.674814 0.880815 0.673069 0.876385 0.668267 0.875055
0 0.243998 0.285335 0.244435 0.295968 0.247927 0.300842 0.252728 0.3035 0.261894 0.305272 0.268442 0.304386 0.274553 0.296411 0.274989 0.289765 0.265386 0.27603 0.254474 0.275587 0.248363 0.279132
0 0.202968 0.0256978 0.202532 0.0327869 0.207333 0.0429774 0.210825 0.0465219 0.22392 0.0487373 0.230904 0.0474081 0.234395 0.0438635 0.237451 0.0256978 0.233959 0.0208241 0.230467 0.0230394 0.227848 0.0212672 0.216936 0.020381 0.208206 0.0221533
0 0.209079 0.0562694 0.206024 0.0713336 0.20777 0.0775366 0.213444 0.0819672 0.229158 0.073549 0.235268 0.0660168 0.235268 0.060257 0.233522 0.0567125 0.227412 0.0513957 0.213007 0.0500665
0 0.347883 0.0633584 0.349192 0.0744351 0.362724 0.0753212 0.367525 0.0704475 0.367089 0.0607 0.362724 0.0540541 0.353994 0.0549402
0 0.352248 0.0234825 0.35443 0.0327869 0.359232 0.0363314 0.36316 0.0372175 0.368398 0.03323 0.369271 0.0256978 0.366216 0.019938 0.35574 0.0186088
0 0.278918 0.270713 0.2811 0.278689 0.285901 0.284891 0.296377 0.284005 0.300306 0.280018 0.300742 0.275144 0.29856 0.271599 0.289393 0.26451 0.284155 0.264953
0 0.239197 0.250775 0.238324 0.255649 0.240506 0.263181 0.243998 0.268941 0.24749 0.27027 0.261894 0.26584 0.265823 0.261852 0.268005 0.255206 0.264513 0.247674 0.258839 0.243686 0.251855 0.241914 0.244435 0.243243
0 0.204278 0.116083 0.204714 0.128489 0.213444 0.13868 0.218682 0.13868 0.227412 0.134692 0.230904 0.1214 0.229158 0.117856 0.213444 0.10988 0.209515 0.110323
0 0.310781 0.0425343 0.310345 0.0474081 0.312091 0.0513957 0.318202 0.0553833 0.324313 0.0540541 0.333042 0.0443066 0.333915 0.0394329 0.328241 0.033673 0.320821 0.0319008 0.3134 0.0372175
0 0.18158 0.0611431 0.181144 0.0638015 0.185509 0.0708906 0.196421 0.0704475 0.200349 0.0646876 0.199913 0.0527249 0.195548 0.0513957 0.188564 0.053611 0.183326 0.0575986
0 0.185509 0.0894993 0.183763 0.0912716 0.185509 0.0996899 0.201222 0.100576 0.207333 0.0983607 0.209079 0.0863979 0.20646 0.0819672 0.202532 0.0815241 0.195548 0.0850687 0.192492 0.0846256
0 0.242252 0.213115 0.241816 0.224191 0.247927 0.23128 0.272807 0.232167 0.274989 0.230837 0.274553 0.224191 0.271497 0.217545 0.274553 0.207355 0.274553 0.202924 0.27237 0.200709 0.261021 0.198051 0.251419 0.198937 0.246617 0.202481
0 0.319075 0.17634 0.317765 0.183429 0.320821 0.189189 0.331733 0.189189 0.337844 0.185202 0.337407 0.175897 0.333915 0.171467 0.325622 0.171467 0.321257 0.173239
0 0.341772 0.14311 0.343518 0.153301 0.341772 0.157732 0.345701 0.157732 0.34832 0.160833 0.359232 0.16039 0.364033 0.157732 0.365343 0.15463 0.36447 0.143996 0.358359 0.135135 0.351375 0.133363
0 0.329114 0.118299 0.328241 0.123615 0.332606 0.134249 0.33828 0.136464 0.342209 0.135578 0.350502 0.129818 0.350502 0.120957 0.342645 0.107665 0.334788 0.11121
0 0.302924 0.13292 0.303361 0.140009 0.307289 0.144883 0.321694 0.143996 0.325186 0.141781 0.326931 0.13735 0.325622 0.130261 0.321257 0.12716 0.311218 0.127603
0 0.982977 0.605671 0.98254 0.615419 0.98385 0.616748 0.993016 0.613203 0.993889 0.608773 0.99127 0.603899 0.986469 0.603456
0 0.702313 0.638015 0.703186 0.642889 0.706678 0.646433 0.714099 0.647763 0.716718 0.646433 0.7189 0.636686 0.713662 0.629154 0.708861 0.628268 0.704932 0.631812
0 0.729376 0.640673 0.730685 0.650864 0.73505 0.659282 0.739415 0.660611 0.744216 0.658396 0.749891 0.644218 0.748581 0.64023 0.744653 0.636686 0.734177 0.635357 0.730685 0.637572
0 0.715408 0.668587 0.714972 0.67346 0.716718 0.678777 0.724138 0.685423 0.727193 0.685866 0.730249 0.683651 0.737233 0.675233 0.737233 0.671688 0.72632 0.663713 0.72021 0.662384
0 0.244435 0.165707 0.244435 0.17191 0.24749 0.175454 0.258402 0.175897 0.265386 0.172353 0.272807 0.161276 0.265823 0.154187 0.254911 0.151086 0.249673 0.156402
0 0.351811 0.196278 0.351375 0.202924 0.35443 0.205583 0.366216 0.20381 0.370144 0.199823 0.369271 0.19362 0.366216 0.190075 0.356176 0.192734
0 0.380183 0.191848 0.378437 0.197164 0.383239 0.20514 0.391096 0.20381 0.394588 0.201152 0.39546 0.193177 0.393278 0.188303 0.390223 0.186974 0.384548 0.188303
0 0.410738 0.317235 0.408555 0.321223 0.409428 0.326097 0.41292 0.33097 0.418595 0.333186 0.422523 0.333186 0.42907 0.329198 0.433872 0.321666 0.431253 0.312805 0.425578 0.309703 0.418158 0.311918
0 0.340899 0.372619 0.340463 0.380594 0.344828 0.385911 0.352248 0.385911 0.357922 0.381037 0.361414 0.373062 0.357922 0.366859 0.353121 0.365086 0.343955 0.368188
0 0.897861 0.599025 0.897425 0.602127 0.901353 0.606557 0.9079 0.606114 0.910956 0.602127 0.909646 0.598139 0.905282 0.595481 0.900044 0.596367
0 0.754692 0.59105 0.754256 0.596367 0.756438 0.601241 0.76124 0.603899 0.765168 0.60257 0.766914 0.595924 0.765605 0.588392 0.762113 0.586176 0.759494 0.586619 0.756438 0.587949
0 0.658228 0.533895 0.656045 0.53611 0.656918 0.539654 0.664339 0.544971 0.672196 0.543199 0.674378 0.539654 0.66172 0.533451
0 0.533828 0.584847 0.532955 0.591936 0.536447 0.59681 0.543867 0.596367 0.551724 0.591493 0.552597 0.587506 0.546486 0.569783 0.542558 0.568454 0.538629 0.571555
0 0.432999 0.543199 0.433872 0.550288 0.4378 0.554276 0.442165 0.554719 0.447403 0.550288 0.451768 0.54187 0.449585 0.537439 0.442165 0.536553 0.436054 0.539211
0 0.527281 0.637572 0.526408 0.641117 0.528154 0.642889 0.532519 0.643332 0.541685 0.638015 0.543431 0.633584 0.53601 0.629597 0.5299 0.633141
0 0.343518 0.287107 0.345701 0.29907 0.347883 0.301285 0.357049 0.298626 0.360978 0.295082 0.360105 0.284448 0.355303 0.280461 0.347883 0.282233
0 0.354867 0.394772 0.35443 0.39743 0.356613 0.401861 0.366216 0.403633 0.372326 0.400089 0.374072 0.392113 0.371454 0.385911 0.365779 0.383695 0.357486 0.389898
0 0.334352 0.409836 0.333915 0.412051 0.338717 0.417811 0.34832 0.422242 0.353121 0.41471 0.351811 0.404076 0.345264 0.400532 0.341336 0.402304
0 0.407682 0.371289 0.407246 0.373948 0.409865 0.379265 0.417285 0.38148 0.42165 0.380151 0.428197 0.373505 0.42907 0.369517 0.423832 0.364643 0.415539 0.363757 0.411174 0.365973
0 0.385858 0.383252 0.384548 0.390784 0.385421 0.393886 0.388913 0.396101 0.397206 0.394772 0.402008 0.390341 0.402008 0.383695 0.397643 0.378378 0.393715 0.377492
0 0.4055 0.397873 0.403317 0.404076 0.403754 0.410279 0.407246 0.416482 0.412047 0.420027 0.42165 0.420913 0.434745 0.408064 0.434745 0.404076 0.429507 0.396987 0.42165 0.391227 0.414666 0.390341 0.409865 0.392556
0 0.392405 0.235268 0.392405 0.241471 0.394151 0.243686 0.400262 0.244572 0.40419 0.241471 0.405063 0.237483 0.401135 0.230837 0.39546 0.231724
0 0.43038 0.293753 0.428634 0.300842 0.432126 0.307045 0.435618 0.307045 0.440419 0.299513 0.440419 0.296411 0.436054 0.291537 0.432126 0.291094
0 0.0227132 0.0420301 0.0191628 0.0458595 0.020938 0.0541303 0.025742 0.0542362 0.0325299 0.0492525 0.0285613 0.0423602
0 0.0618743 0.0400425 0.0586373 0.0425724 0.0561309 0.0502069 0.0627097 0.0508432 0.0672003 0.0461777 0.0649031 0.0424661
0 0.047124 0.022817 0.0446438 0.025607 0.0452702 0.0330292 0.0493431 0.0327111 0.0526849 0.0267732 0.051014 0.0233802
0 0.0305456 0.00559149 0.0288747 0.00766726 0.030337 0.0136052 0.0347228 0.0141351 0.0358717 0.00915153 0.0314854 0.00533451
0 0.038378 0.0441502 0.0372292 0.0492774 0.0402575 0.0552153 0.0435993 0.0528826 0.0442261 0.0475809 0.041615 0.04493
0 0.0716648 0.0298396 0.0685578 0.0345685 0.0700201 0.0380673 0.0733619 0.0385977 0.0761811 0.0339322 0.0745103 0.0319176
0 0.0640934 0.0686633 0.0615613 0.0691006 0.0609345 0.0720696 0.0631275 0.0764169 0.0659472 0.076735 0.0686626 0.0741901 0.0705421 0.0716455 0.0684535 0.0695246
0 0.0456879 0.122195 0.0438084 0.126343 0.0421375 0.131539 0.0460013 0.133554 0.0498651 0.133342 0.0508049 0.127616 0.0499694 0.124753
0 0.0515622 0.106294 0.0474631 0.108748 0.0485076 0.112141 0.0528935 0.113202 0.0556089 0.112035 0.0569664 0.109172 0.0544601 0.107264
0 0.047646 0.0608454 0.0437036 0.0623948 0.0431816 0.0696052 0.0450615 0.0710895 0.0533112 0.0700292 0.053938 0.0644094
0 0.0422938 0.0115543 0.0401532 0.0139739 0.0419284 0.0185335 0.0465234 0.0186393 0.0461056 0.0139739
0 0.113051 0.0310146 0.113051 0.0319008 0.112615 0.0323438 0.112615 0.0363314 0.114797 0.0363314 0.115234 0.0367745 0.120035 0.0367745 0.120471 0.0363314 0.121781 0.0363314 0.122217 0.0358883 0.126582 0.0354453 0.128328 0.0327869 0.127892 0.0319008 0.125709 0.0301285 0.125273 0.0283562 0.123963 0.027027 0.121344 0.026584 0.120908 0.0261409 0.119162 0.0261409 0.117852 0.027027 0.116979 0.027027 0.115234 0.0279132 0.113924 0.0292424
0 0.0459537 0.138584 0.0433758 0.144475 0.0468944 0.147678 0.0530821 0.145953 0.0501702 0.14004
0 0.0236595 0.0736181 0.0192309 0.0804058 0.0245696 0.08558 0.0354893 0.0886597 0.0351253 0.080529 0.032577 0.0726447
0 0.0518686 0.0850102 0.0466517 0.0839783 0.0441034 0.087428 0.0448315 0.0908773 0.0505343 0.0918631 0.0549022 0.0911236 0.0566006 0.0873048
0 0.0658219 0.09086 0.0612113 0.0910886 0.0603619 0.0966323 0.063395 0.100082 0.0693405 0.098973 0.0694618 0.0951542
0 0.0312427 0.101944 0.0228708 0.102669 0.0225068 0.107966 0.0243269 0.113264 0.0318494 0.11314 0.0348826 0.108952
0 0.0623335 0.140739 0.0607259 0.143216 0.0607259 0.147528 0.0630314 0.150484 0.0661859 0.150238 0.0675203 0.146542 0.06655 0.143093
0 0.0298778 0.115338 0.0256613 0.118428 0.0255399 0.127668 0.030636 0.129516 0.0385225 0.128407 0.0387652 0.120892 0.0358533 0.11695
0 0.0300292 0.131964 0.0271174 0.135676 0.0271174 0.143683 0.0324561 0.148365 0.0396146 0.145901 0.0404636 0.139864 0.0374304 0.13161
0 0.0788647 0.198008 0.0761048 0.20085 0.0773178 0.206024 0.081443 0.205162 0.0815644 0.199988
0 0.0502003 0.221408 0.0430419 0.226105 0.044134 0.234975 0.048866 0.235221 0.0559031 0.230786 0.0576015 0.223271 0.0545683 0.2213
0 0.132402 0.289761 0.128762 0.293069 0.129247 0.298612 0.13313 0.299721 0.135799 0.297257 0.136406 0.292453
0 0.127245 0.276521 0.123423 0.277916 0.123302 0.280872 0.127913 0.283213 0.132159 0.282474 0.132402 0.279641
0 0.122695 0.266361 0.119298 0.267481 0.119298 0.26822 0.120633 0.2713 0.127427 0.272285 0.127063 0.269698 0.125122 0.267234
0 0.105557 0.288375 0.103404 0.291627 0.103525 0.297171 0.107529 0.297417 0.112261 0.295569 0.11129 0.291257
0 0.0862964 0.295303 0.0801087 0.300858 0.079502 0.306895 0.0859323 0.308127 0.0922414 0.306402 0.0913924 0.301597 0.0896936 0.297655
0 0.0926661 0.328093 0.0892082 0.33097 0.0888442 0.334296 0.0915137 0.336021 0.0958813 0.334666 0.0972161 0.331093 0.0955172 0.328999
0 0.173048 0.331327 0.167254 0.333926 0.167254 0.337499 0.171743 0.339963 0.175626 0.339963 0.178052 0.33713 0.178538 0.333064
0 0.854212 0.909615 0.853339 0.916261 0.855522 0.92202 0.862942 0.92335 0.867743 0.921134 0.868616 0.915374 0.86687 0.907842 0.858577 0.906956
0 0.864688 0.893664 0.863815 0.898095 0.865561 0.902525 0.870362 0.902969 0.872545 0.898538 0.872545 0.893221 0.865997 0.891449
0 0.78612 0.888347 0.785247 0.894993 0.786993 0.899424 0.794849 0.902969 0.80096 0.899867 0.80969 0.890563 0.807071 0.885689 0.796595 0.878157 0.793103 0.878157
0 0.78481 0.924236 0.782628 0.932211 0.793103 0.933983 0.794849 0.932211 0.794849 0.92778 0.796595 0.925122 0.790485 0.921577 0.78612 0.921577
0 0.707551 0.904298 0.707115 0.909615 0.708861 0.912273 0.713226 0.91183 0.716281 0.907842 0.715845 0.903855 0.713662 0.901639
0 0.719337 0.909615 0.716718 0.914931 0.720646 0.919362 0.725884 0.916704 0.725884 0.909615 0.724138 0.907399
0 0.747708 0.931325 0.750764 0.935312 0.755129 0.936198 0.757311 0.929109 0.755129 0.926451 0.7512 0.926894
0 0.95155 0.973416 0.95155 0.977847 0.956351 0.980948 0.958097 0.975188 0.957224 0.971201 0.952859 0.970758
0 0.382802 0.774479 0.381929 0.775809 0.384112 0.780682 0.387167 0.782012 0.388477 0.78467 0.393278 0.783341 0.394588 0.774036 0.392842 0.770492 0.388913 0.769606
0 0.0855522 0.161276 0.0820602 0.167922 0.0824967 0.17191 0.0846792 0.173682 0.0912265 0.172796 0.094282 0.167479 0.094282 0.162162 0.0920995 0.159947
0 0.0952222 0.280536 0.0923274 0.282223 0.0929367 0.285781 0.0993357 0.286245 0.0988787 0.282842
0 0.0363749 0.165514 0.030014 0.167847 0.0289476 0.176356 0.0356512 0.178831 0.0441829 0.177439 0.0450973 0.17156 0.0443352 0.165991
0 0.0380886 0.197218 0.0345845 0.203273 0.0403741 0.208996 0.0452497 0.206676 0.0455543 0.200488 0.0437259 0.197549
0 0.0548477 0.200311 0.0508865 0.202499 0.0525626 0.206521 0.0559144 0.206367 0.0568285 0.203737
0 0.0573234 0.128592 0.0551528 0.132087 0.0569808 0.138121 0.0627704 0.138121 0.0639891 0.132397
0 0.0971266 0.0760106 0.0946124 0.0791258 0.0940031 0.0829934 0.0959838 0.0837669 0.101316 0.080673 0.101926 0.0778883
0 0.0634177 0.0551329 0.0600279 0.0579074 0.0594186 0.063167 0.0636844 0.063167 0.0697787 0.0608467 0.0687124 0.0577528
0 0.112362 0.362887 0.108248 0.366968 0.107334 0.371609 0.112362 0.37393 0.118456 0.372228 0.120742 0.367432 0.118913 0.362946
0 0.137881 0.376999 0.133463 0.377333 0.133463 0.380117 0.136053 0.385532 0.140167 0.385377 0.140776 0.380891
0 0.148546 0.355348 0.145042 0.357532 0.147175 0.363101 0.152355 0.364183 0.156621 0.36078 0.154945 0.357222
0 0.162449 0.451231 0.158907 0.454919 0.157993 0.460334 0.161039 0.464665 0.166524 0.463737 0.1714 0.461107 0.169724 0.454765 0.167134 0.451671
0 0.178256 0.475588 0.173228 0.476422 0.170638 0.479362 0.170638 0.485395 0.174447 0.486632 0.179322 0.483384 0.180693 0.478743
0 0.204727 0.524883 0.200766 0.527529 0.199395 0.532634 0.20168 0.536037 0.207317 0.535264 0.208993 0.531241 0.208841 0.527529
0 0.161687 0.419335 0.158069 0.420433 0.158069 0.423218 0.161877 0.425538 0.164467 0.423373
0 0.201222 0.455915 0.200786 0.459903 0.202532 0.463447 0.20646 0.464333 0.209952 0.463004 0.209952 0.45813 0.20646 0.4537
0 0.0732567 0.238036 0.0702597 0.242531 0.0738114 0.249518 0.0775853 0.249068 0.0811371 0.245011 0.0778071 0.23915
0 0.169267 0.439851 0.166048 0.44121 0.166825 0.446281 0.168712 0.447183 0.175594 0.443802 0.173485 0.441774
0 0.18772 0.448442 0.186138 0.452278 0.188025 0.457237 0.193131 0.457237 0.19746 0.45318 0.194574 0.449123
0 0.280123 0.55294 0.277015 0.55337 0.276238 0.555962 0.276127 0.56047 0.2809 0.56047 0.282564 0.557428
0 0.274573 0.653213 0.2698 0.655617 0.2698 0.66283 0.275683 0.663055 0.280789 0.658209 0.280234 0.65449
0 0.309952 0.669832 0.306789 0.671253 0.307677 0.677677 0.313782 0.678579 0.316113 0.673958
0 0.323549 0.661663 0.320109 0.66652 0.321551 0.670127 0.326102 0.670014 0.329432 0.665506 0.327767 0.662914
0 0.297466 0.623779 0.294496 0.626664 0.295718 0.632186 0.299158 0.630045 0.299824 0.626551
0 0.217825 0.491681 0.214568 0.493798 0.215821 0.49825 0.221208 0.500285 0.223087 0.49825 0.222711 0.495324
0 0.191517 0.464658 0.188636 0.466449 0.189388 0.470138 0.193897 0.471792 0.196654 0.470011 0.196027 0.466704
0 0.206081 0.468791 0.201915 0.470138 0.202918 0.473446 0.207177 0.474718 0.20868 0.473064 0.208179 0.470393
0 0.209683 0.479759 0.207427 0.485403 0.209933 0.489091 0.21557 0.487438 0.213942 0.483367
0 0.363766 0.732895 0.358953 0.735875 0.36222 0.740615 0.367121 0.740615 0.370738 0.737416 0.368404 0.734691
0 0.346263 0.694994 0.3439 0.699654 0.344134 0.706052 0.350668 0.704986 0.353935 0.701787 0.351135 0.697759
0 0.323801 0.673526 0.320126 0.675548 0.323276 0.681709 0.32806 0.682064 0.329227 0.677799
0 0.448217 0.778052 0.445416 0.780165 0.44775 0.786208 0.451601 0.7868 0.453935 0.784549 0.453234 0.780402
0 0.524225 0.772264 0.524662 0.779353 0.529027 0.783784 0.53732 0.782898 0.538193 0.769163 0.536883 0.76739 0.532955 0.765618 0.527717 0.766061
0 0.637276 0.876828 0.635967 0.886575 0.640768 0.887461 0.64426 0.885246 0.646006 0.879929 0.640768 0.875055
0 0.618071 0.895879 0.617634 0.902525 0.622872 0.904741 0.624618 0.900753 0.623309 0.896766 0.62069 0.894993
0 0.675316 0.930103 0.670123 0.931892 0.670706 0.936987 0.676541 0.939001 0.680975 0.936513 0.680158 0.933551
0 0.762684 0.950534 0.76 0.954313 0.76 0.958341 0.762917 0.962488 0.765251 0.961184 0.766301 0.956564 0.765717 0.954076
0 0.792147 0.955864 0.790163 0.959881 0.79203 0.963317 0.795647 0.961777 0.79483 0.958815
0 0.878656 0.977404 0.876473 0.980948 0.879965 0.984936 0.88433 0.984493 0.886076 0.981834 0.885203 0.977404 0.883893 0.976074
0 0.890441 0.980062 0.890004 0.98405 0.89306 0.98848 0.90179 0.98405 0.902226 0.980505 0.897861 0.977847
0 0.939764 0.987151 0.939328 0.991139 0.945875 0.995569 0.948931 0.991139 0.948494 0.986708 0.945875 0.984936
0 0.987778 0.938857 0.988215 0.950377 0.990397 0.952149 0.999564 0.951263 0.999564 0.940186 0.995635 0.937528
0 0.976866 0.997342 0.975993 0.999557 0.997381 0.999557 0.995199 0.996012 0.987778 0.993797 0.981667 0.99424
0 0.249509 0.529578 0.248085 0.535183 0.249768 0.537813 0.255856 0.535972 0.256115 0.530053
0 0.270072 0.564421 0.268518 0.569429 0.272015 0.572322 0.277067 0.570875 0.276031 0.567193
0 0.286911 0.560641 0.283155 0.564106 0.284969 0.567394 0.289372 0.567526 0.290409 0.564895 0.290668 0.560555
0 0.350705 0.710038 0.347759 0.71229 0.348924 0.717813 0.353588 0.718471 0.354235 0.715446
0 0.443968 0.732719 0.438268 0.736905 0.439952 0.74335 0.445911 0.746638 0.450056 0.744533 0.450315 0.736905
0 0.663685 0.911042 0.660868 0.912539 0.660868 0.917142 0.664495 0.918458 0.666567 0.916353
0 0.985246 0.978755 0.981004 0.984202 0.983336 0.989331 0.992921 0.988805 0.991367 0.980914
0 0.960473 0.985987 0.95743 0.98841 0.957948 0.992751 0.962351 0.994855 0.96546 0.991961 0.963258 0.987753
0 0.843571 0.946049 0.839168 0.948954 0.840333 0.955925 0.844867 0.957503 0.846292 0.953163 0.846939 0.946587
0 0.506952 0.837247 0.501674 0.838572 0.501804 0.843833 0.508928 0.847253 0.512037 0.842518 0.510482 0.839361
0 0.435548 0.80487 0.430626 0.805115 0.428554 0.809192 0.430626 0.815636 0.435937 0.813664 0.436714 0.809718
0 0.410938 0.76296 0.407958 0.765276 0.40744 0.769222 0.410549 0.771458 0.413528 0.770011 0.414564 0.766723
0 0.322694 0.637558 0.317772 0.638004 0.315052 0.641292 0.31557 0.647211 0.320363 0.648132 0.325155 0.644186
0 0.0488979 0.0379982 0.0464692 0.0399894 0.047117 0.0452499 0.0507438 0.0468285 0.0545002 0.0434089 0.0537228 0.0388055 0.0524278 0.0378848
0 0.141859 0 0.120471 0 0.120471 0.00310146 0.12309 0.00841825 0.126582 0.00930439 0.137058 0.00620292
0 0.250034 0.503151 0.24645 0.50529 0.244355 0.512679 0.251412 0.513799 0.253617 0.509657 0.254279 0.503834
0 0.249785 0.517429 0.245375 0.519556 0.245154 0.522915 0.24769 0.524371 0.250998 0.523252 0.251991 0.518997
0 0.353134 0.669366 0.348476 0.674252 0.349468 0.679178 0.355202 0.679066 0.357849 0.674252 0.357738 0.670557
0 0.451135 0.762827 0.446587 0.765491 0.445705 0.770194 0.454526 0.773888 0.459819 0.768402 0.455519 0.763028
0 0.65334 0.919809 0.648929 0.922062 0.649811 0.92878 0.655546 0.931467 0.658302 0.927772 0.658192 0.922398
0 0.85458 0.976333 0.849177 0.977662 0.848295 0.982141 0.856234 0.986284 0.857888 0.983037 0.858108 0.977774
0 0.865849 0.94913 0.862327 0.953364 0.862621 0.960516 0.870986 0.960665 0.871866 0.954407 0.870399 0.950533
0 0.687628 0.935976 0.684845 0.938346 0.685308 0.94235 0.6896 0.943881 0.692731 0.942115 0.690759 0.938817
0 0.978612 0.689854 0.976866 0.699601 0.979048 0.702703 0.99258 0.713779 0.999564 0.714665 0.999564 0.680549 0.986032 0.681436
0 0.750674 0.940584 0.748621 0.943153 0.750471 0.949024 0.755328 0.94785 0.756485 0.944093
0 0.424124 0.758783 0.419874 0.761151 0.419527 0.7662 0.425194 0.76937 0.430166 0.763852
0 0.275377 0.58828 0.277835 0.589939 0.278297 0.596163 0.275406 0.598041 0.273324 0.595105 0.272168 0.58947
0 0.0982973 0.300391 0.0963313 0.303016 0.0979502 0.308182 0.101766 0.3083 0.103501 0.305833 0.101882 0.30325
0 0.147301 0.342356 0.14334 0.343833 0.14334 0.349704 0.147041 0.349821 0.152823 0.347003 0.151436 0.344303
0 0.0825408 0.259012 0.0810375 0.262142 0.0835814 0.265782 0.0877447 0.264725 0.087976 0.260616
0 0.125273 0.152858 0.123963 0.154187 0.125273 0.161276 0.129638 0.163491 0.134439 0.161276 0.136185 0.157732 0.134439 0.155073
0 0.525971 0.883474 0.527281 0.887018 0.523352 0.889233 0.522043 0.894993 0.525535 0.90031 0.532955 0.904298 0.53601 0.903412 0.540375 0.898095 0.540375 0.889677 0.532519 0.882588 0.529463 0.881701
0 0.509741 0.849737 0.505786 0.854742 0.506553 0.861136 0.511468 0.862696 0.515155 0.859265 0.515001 0.852246
0 0.862815 0.968617 0.860818 0.970001 0.863122 0.975304 0.868037 0.974524 0.868037 0.970157
0 0.179897 0.457629 0.174905 0.459839 0.175213 0.464518 0.181817 0.46748 0.186118 0.464362
0 0.0735334 0.208566 0.0702693 0.212017 0.0736482 0.216228 0.0756451 0.215604 0.0771811 0.211861
0 0.105887 0.233416 0.100332 0.236229 0.102099 0.240715 0.106139 0.240587 0.110557 0.236613
0 0.140761 0.195774 0.137258 0.197387 0.136627 0.201105 0.141929 0.203412 0.144959 0.20072 0.14458 0.196875
0 0.136343 0.348586 0.133344 0.3527 0.139025 0.354879 0.140414 0.351675
0 0.157488 0.407533 0.151808 0.406421 0.150797 0.410138 0.155468 0.416291 0.161654 0.411677
0 0.14297 0.410416 0.139562 0.413343 0.145369 0.417188 0.147389 0.414497
0 0.2386 0.539843 0.238631 0.546653 0.24406 0.548576 0.245069 0.543192
0 0.269056 0.612565 0.264732 0.612029 0.263975 0.61267 0.263975 0.617157 0.266625 0.619464 0.272306 0.619464 0.270792 0.616131
0 0.370366 0.717804 0.365853 0.723361 0.37267 0.728488 0.376205 0.725156 0.3757 0.721695
0 0.390723 0.727255 0.385799 0.728744 0.385799 0.730795 0.390218 0.735538 0.393879 0.732974 0.395015 0.729
0 0.515072 0.827047 0.510969 0.827802 0.511348 0.833826 0.516903 0.836005 0.518039 0.832544
0 0.591292 0.857001 0.586747 0.861499 0.589271 0.867267 0.594826 0.869574 0.598235 0.864447 0.596973 0.859448
0 0.94067 0.960959 0.938082 0.963924 0.93846 0.965206 0.943384 0.967642 0.94654 0.965206
0 0.937356 0.97057 0.934452 0.976229 0.936598 0.980331 0.943037 0.976613 0.943289 0.973024
0 0.161827 0.341323 0.157524 0.343668 0.157524 0.349854 0.163617 0.352792 0.167729 0.348307 0.16712 0.344905
0 0.0708232 0.132803 0.0686526 0.13669 0.0706329 0.140866 0.0741357 0.138701 0.0741357 0.135453
0 0.0496905 0.0953124 0.0467966 0.0970775 0.0467966 0.100944 0.0509088 0.102027 0.0538027 0.0984696
0 0.0706329 0.0172379 0.0650733 0.0208059 0.0665967 0.0252907 0.0723841 0.0255999 0.0751257 0.0206513
0 0.545885 0.879346 0.542244 0.881678 0.544509 0.887593 0.549364 0.886935 0.548554 0.883486
0 0.5473 0.835001 0.552761 0.830584 0.552599 0.824341 0.54726 0.822534 0.543053 0.827463
0 0.410374 0.798868 0.411749 0.794209 0.407381 0.791416 0.403174 0.794373 0.406734 0.79848
0 0.342417 0.728245 0.348525 0.726461 0.345612 0.719233 0.341082 0.718082 0.335904 0.721533 0.336875 0.726297
0 0.0776656 0.154838 0.0878996 0.154903 0.0877381 0.148824 0.0817512 0.144059 0.0762501 0.145866 0.0759262 0.151781
0 0.0329673 0.0277568 0.0372553 0.0262096 0.0380642 0.0209526 0.0336958 0.0186522 0.029165 0.019638 0.0286796 0.0245667
0 0.0411401 0.11115 0.0381816 0.113738 0.0396469 0.116713 0.043141 0.118773 0.0446063 0.115683 0.0434793 0.112937
0 0.705143 0.948042 0.710227 0.947649 0.7101 0.944809 0.706668 0.941712 0.702982 0.943777 0.702474 0.946487
0 0.819065 0.968041 0.821035 0.964643 0.81773 0.958835 0.813917 0.961804 0.815315 0.969031
