0 0.17346938775510204 0.4858447488584475 0.17142857142857143 0.4995433789954338 0.17755102040816326 0.502283105022831 0.19081632653061226 0.5041095890410959 0.2030612244897959 0.4986301369863014 0.20510204081632652 0.4821917808219178 0.1989795918367347 0.4757990867579909 0.1846938775510204 0.4757990867579909
0 0.19387755102040816 0.5214611872146119 0.19387755102040816 0.5351598173515981 0.21020408163265306 0.5415525114155251 0.22346938775510203 0.5406392694063927 0.2316326530612245 0.5278538812785388 0.23061224489795917 0.5141552511415525 0.22653061224489796 0.5077625570776255 0.22142857142857142 0.5068493150684932 0.20204081632653062 0.5077625570776255
0 0.14285714285714285 0.5397260273972603 0.14285714285714285 0.5534246575342465 0.1489795918367347 0.5589041095890411 0.17857142857142858 0.5616438356164384 0.18571428571428572 0.5561643835616439 0.18775510204081633 0.5397260273972603 0.17448979591836736 0.5278538812785388 0.1540816326530612 0.5269406392694064
0 0.13673469387755102 0.4968036529680365 0.1326530612244898 0.5041095890410959 0.1357142857142857 0.5168949771689497 0.1489795918367347 0.5196347031963471 0.16020408163265307 0.5141552511415525 0.16326530612244897 0.502283105022831 0.15816326530612246 0.4931506849315068 0.14591836734693878 0.4922374429223744
0 0.10102040816326531 0.5041095890410959 0.09591836734693877 0.508675799086758 0.09693877551020408 0.5223744292237443 0.10204081632653061 0.5287671232876713 0.11122448979591837 0.5287671232876713 0.12040816326530612 0.5196347031963471 0.12142857142857143 0.5123287671232877 0.11122448979591837 0.5050228310502283
0 0.0836734693877551 0.4767123287671233 0.08163265306122448 0.4885844748858447 0.08571428571428572 0.4940639269406393 0.1 0.4968036529680365 0.10612244897959183 0.4922374429223744 0.10918367346938776 0.4812785388127854 0.10204081632653061 0.47214611872146117 0.09285714285714286 0.4712328767123288
0 0.11938775510204082 0.4694063926940639 0.11836734693877551 0.4767123287671233 0.12959183673469388 0.4885844748858447 0.14489795918367346 0.4867579908675799 0.1469387755102041 0.4694063926940639 0.14183673469387756 0.4621004566210046 0.12959183673469388 0.4602739726027397
0 0.07448979591836735 0.44931506849315067 0.07448979591836735 0.4602739726027397 0.08469387755102041 0.4648401826484018 0.09591836734693877 0.4621004566210046 0.10102040816326531 0.45662100456621 0.10102040816326531 0.44931506849315067 0.09285714285714286 0.4420091324200913 0.08061224489795918 0.4438356164383562
0 0.03877551020408163 0.4858447488584475 0.03775510204081633 0.4940639269406393 0.044897959183673466 0.5041095890410959 0.05102040816326531 0.5068493150684932 0.06428571428571428 0.5041095890410959 0.06836734693877551 0.4894977168949772 0.06326530612244897 0.4785388127853881 0.053061224489795916 0.4757990867579909
0 0.05102040816326531 0.5278538812785388 0.05204081632653061 0.5360730593607306 0.06020408163265306 0.5406392694063927 0.07551020408163266 0.5406392694063927 0.07959183673469387 0.5351598173515981 0.07857142857142857 0.5232876712328767 0.0673469387755102 0.5159817351598174 0.05714285714285714 0.5187214611872146
0 0.004081632653061225 0.5214611872146119 0 0.5251141552511416 0 0.5515981735159817 0.015306122448979591 0.5579908675799087 0.02857142857142857 0.5534246575342465 0.03469387755102041 0.5397260273972603 0.03163265306122449 0.5287671232876713 0.017346938775510204 0.5187214611872146
0 0.003061224489795918 0.5735159817351598 0 0.5853881278538813 0.013265306122448979 0.5990867579908675 0.02857142857142857 0.6018264840182649 0.04183673469387755 0.593607305936073 0.04183673469387755 0.5762557077625571 0.0336734693877551 0.5662100456621004 0.014285714285714285 0.5652968036529681
0 0.053061224489795916 0.5634703196347032 0.05612244897959184 0.5753424657534246 0.06428571428571428 0.5808219178082191 0.07448979591836735 0.5799086757990868 0.0826530612244898 0.5689497716894977 0.08163265306122448 0.5625570776255707 0.07040816326530612 0.5561643835616439 0.058163265306122446 0.5561643835616439
0 0.10204081632653061 0.5863013698630137 0.10204081632653061 0.6 0.10816326530612246 0.6082191780821918 0.11632653061224489 0.6109589041095891 0.1336734693877551 0.6082191780821918 0.1357142857142857 0.5872146118721461 0.12959183673469388 0.5762557077625571 0.11224489795918367 0.5753424657534246
0 0.05612244897959184 0.5954337899543379 0.05612244897959184 0.6091324200913242 0.0663265306122449 0.6200913242009133 0.07448979591836735 0.6228310502283105 0.08775510204081632 0.6164383561643836 0.08979591836734693 0.6036529680365297 0.08469387755102041 0.5926940639269407 0.06938775510204082 0.589041095890411
0 0.1510204081632653 0.5780821917808219 0.1520408163265306 0.5981735159817352 0.16122448979591836 0.6036529680365297 0.1663265306122449 0.6018264840182649 0.17755102040816326 0.5881278538812785 0.17653061224489797 0.5808219178082191 0.16326530612244897 0.5753424657534246
0 0.1826530612244898 0.6082191780821918 0.1816326530612245 0.6191780821917808 0.186734693877551 0.6264840182648402 0.20918367346938777 0.6301369863013698 0.2173469387755102 0.6237442922374429 0.22040816326530613 0.5981735159817352 0.20714285714285716 0.5917808219178082 0.1989795918367347 0.5926940639269407
0 0.2193877551020408 0.5552511415525114 0.21836734693877552 0.5680365296803653 0.22551020408163266 0.5726027397260274 0.24387755102040817 0.5726027397260274 0.25204081632653064 0.5616438356164384 0.25204081632653064 0.5534246575342465 0.24285714285714285 0.5488584474885845 0.22959183673469388 0.547945205479452
0 0.2540816326530612 0.5196347031963471 0.25510204081632654 0.5360730593607306 0.25918367346938775 0.5415525114155251 0.2714285714285714 0.5442922374429223 0.2836734693877551 0.5378995433789955 0.286734693877551 0.5214611872146119 0.2816326530612245 0.5141552511415525 0.2673469387755102 0.5105022831050229
0 0.23469387755102042 0.4894977168949772 0.23469387755102042 0.502283105022831 0.23979591836734693 0.5059360730593607 0.26224489795918365 0.5041095890410959 0.2642857142857143 0.491324200913242 0.25816326530612244 0.4831050228310502 0.24183673469387756 0.4812785388127854
0 0.27040816326530615 0.4730593607305936 0.27040816326530615 0.4867579908675799 0.2836734693877551 0.4904109589041096 0.29489795918367345 0.4840182648401826 0.2979591836734694 0.4657534246575342 0.29285714285714287 0.4621004566210046 0.28469387755102044 0.46301369863013697
0 0.29183673469387755 0.5004566210045662 0.29081632653061223 0.5150684931506849 0.2938775510204082 0.5187214611872146 0.3163265306122449 0.5196347031963471 0.32653061224489793 0.5050228310502283 0.32551020408163267 0.4949771689497717 0.31020408163265306 0.4876712328767123 0.29591836734693877 0.4931506849315068
0 0.3479591836734694 0.4831050228310502 0.3469387755102041 0.4977168949771689 0.35408163265306125 0.5132420091324201 0.36020408163265305 0.5150684931506849 0.37551020408163266 0.5114155251141552 0.386734693877551 0.491324200913242 0.3806122448979592 0.4757990867579909 0.3663265306122449 0.4712328767123288
0 0.3122448979591837 0.45388127853881277 0.31020408163265306 0.4666666666666667 0.32346938775510203 0.4785388127853881 0.3377551020408163 0.4757990867579909 0.3479591836734694 0.4639269406392694 0.3479591836734694 0.4529680365296804 0.33877551020408164 0.44474885844748857 0.32346938775510203 0.4438356164383562
0 0.3173469387755102 0.5296803652968036 0.3163265306122449 0.5461187214611872 0.3336734693877551 0.5525114155251142 0.3448979591836735 0.5506849315068493 0.3551020408163265 0.5388127853881278 0.35306122448979593 0.5260273972602739 0.34183673469387754 0.5187214611872146 0.32755102040816325 0.5196347031963471
0 0.32040816326530613 0.5726027397260274 0.32040816326530613 0.5835616438356165 0.32755102040816325 0.5963470319634703 0.3346938775510204 0.6 0.3479591836734694 0.5963470319634703 0.35918367346938773 0.5780821917808219 0.35816326530612247 0.5671232876712329 0.35 0.5607305936073059 0.3306122448979592 0.5616438356164384
0 0.363265306122449 0.5954337899543379 0.363265306122449 0.6136986301369863 0.37448979591836734 0.6237442922374429 0.38979591836734695 0.6228310502283105 0.3979591836734694 0.6155251141552511 0.4020408163265306 0.6027397260273972 0.3979591836734694 0.5899543378995433 0.37551020408163266 0.5863013698630137
0 0.29591836734693877 0.4136986301369863 0.29183673469387755 0.42100456621004567 0.29285714285714287 0.4383561643835616 0.3 0.4420091324200913 0.3142857142857143 0.4410958904109589 0.3193877551020408 0.4365296803652968 0.32040816326530613 0.42100456621004567 0.30918367346938774 0.4136986301369863
0 0.32448979591836735 0.3972602739726027 0.32346938775510203 0.410958904109589 0.3295918367346939 0.4191780821917808 0.34591836734693876 0.4200913242009132 0.35816326530612247 0.4100456621004566 0.35918367346938773 0.3963470319634703 0.3551020408163265 0.3926940639269406 0.3357142857142857 0.38904109589041097
0 0.2642857142857143 0.39360730593607307 0.2642857142857143 0.40730593607305937 0.2683673469387755 0.41187214611872147 0.2836734693877551 0.4136986301369863 0.2938775510204082 0.4091324200913242 0.29489795918367345 0.3926940639269406 0.29183673469387755 0.3881278538812785 0.2785714285714286 0.3863013698630137
0 0.3469387755102041 0.33424657534246577 0.33877551020408164 0.3360730593607306 0.3326530612244898 0.3497716894977169 0.3346938775510204 0.36621004566210047 0.34591836734693876 0.3689497716894977 0.35816326530612247 0.36712328767123287 0.3653061224489796 0.35799086757990867 0.3653061224489796 0.3415525114155251 0.35306122448979593 0.33424657534246577
0 0.3816326530612245 0.36164383561643837 0.3673469387755102 0.365296803652968 0.36122448979591837 0.3726027397260274 0.36020408163265305 0.3872146118721461 0.3653061224489796 0.39452054794520547 0.3846938775510204 0.3963470319634703 0.39387755102040817 0.38995433789954337 0.39693877551020407 0.37077625570776257 0.3877551020408163 0.36164383561643837
0 0.4 0.39360730593607307 0.39183673469387753 0.39817351598173517 0.3877551020408163 0.4100456621004566 0.38877551020408163 0.4182648401826484 0.39693877551020407 0.4237442922374429 0.41020408163265304 0.4237442922374429 0.4153061224489796 0.42100456621004567 0.4173469387755102 0.4155251141552511 0.41836734693877553 0.3972602739726027 0.40714285714285714 0.39360730593607307
0 0.363265306122449 0.4182648401826484 0.3510204081632653 0.42557077625570777 0.3520408163265306 0.4438356164383562 0.35816326530612247 0.4484018264840183 0.37551020408163266 0.44931506849315067 0.3836734693877551 0.4410958904109589 0.3846938775510204 0.4246575342465753 0.3704081632653061 0.4182648401826484
0 0.43673469387755104 0.4547945205479452 0.42448979591836733 0.4639269406392694 0.42244897959183675 0.4776255707762557 0.4326530612244898 0.4931506849315068 0.4489795918367347 0.4940639269406393 0.4602040816326531 0.4867579908675799 0.46224489795918366 0.4730593607305936 0.45816326530612245 0.46301369863013697 0.4448979591836735 0.4547945205479452
0 0.45680306122448977 0.5031963470319635 0.4387755102040816 0.5050228310502283 0.4306122448979592 0.5141552511415525 0.4326530612244898 0.5305936073059361 0.44693877551020406 0.5406392694063927 0.45918367346938777 0.5388127853881278 0.4704081632653061 0.5287671232876713 0.4704081632653061 0.5077625570776255 0.46224489795918366 0.5031963470319635
0 0.40714285714285714 0.4949771689497717 0.3979591836734694 0.5004566210045662 0.39693877551020407 0.5050228310502283 0.4 0.5141552511415525 0.4091836734693878 0.5178082191780822 0.4193877551020408 0.5114155251141552 0.42142857142857143 0.502283105022831 0.41836734693877553 0.4977168949771689 0.4142857142857143 0.4995433789954338 0.41122448979591836 0.4949771689497717
0 0.3826530612244898 0.5205479452054794 0.3683673469387755 0.5342465753424658 0.3693877551020408 0.5406392694063927 0.37551020408163266 0.5461187214611872 0.38979591836734695 0.54337899543379 0.39591836734693875 0.5360730593607306 0.3979591836734694 0.5287671232876713 0.39183673469387753 0.5205479452054794
0 0.3846938775510204 0.554337899543379 0.373469387755102 0.5570776255707762 0.3683673469387755 0.5643835616438356 0.3704081632653061 0.5735159817351598 0.3795918367346939 0.5799086757990868 0.39183673469387753 0.5799086757990868 0.4020408163265306 0.5707762557077626 0.3979591836734694 0.5589041095890411 0.39081632653061227 0.554337899543379
0 0.43673469387755104 0.5625570776255707 0.4204081632653061 0.5716894977168949 0.4142857142857143 0.5844748858447488 0.4204081632653061 0.5954337899543379 0.4326530612244898 0.6009132420091324 0.4448979591836735 0.5990867579908675 0.4530612244897959 0.5881278538812785 0.4520408163265306 0.5707762557077626 0.4479591836734694 0.5652968036529681 0.44081632653061226 0.5625570776255707
0 0.4775510204081633 0.5351598173515981 0.4673469387755102 0.5397260273972603 0.46122448979591835 0.5470319634703197 0.46224489795918366 0.5589041095890411 0.4714285714285714 0.5671232876712329 0.48775510204081635 0.5643835616438356 0.49489795918367346 0.5552511415525114 0.4928571428571429 0.5415525114155251 0.4816326530612245 0.5351598173515981
0 0.5153061224489796 0.5561643835616439 0.5020408163265306 0.5671232876712329 0.503061224489796 0.582648401826484 0.5071428571428571 0.589041095890411 0.5214285714285715 0.5963470319634703 0.5285714285714286 0.5963470319634703 0.539795918367347 0.5881278538812785 0.5438775510204081 0.5735159817351598 0.5387755102040817 0.5652968036529681 0.5163265306122449 0.5561643835616439
0 0.503061224489796 0.6018264840182649 0.4887755102040816 0.6109589041095891 0.48673469387755103 0.6246575342465753 0.4928571428571429 0.6319634703196347 0.5112244897959184 0.6365296803652968 0.5224489795918368 0.6292237442922375 0.523469387755102 0.6219178082191781 0.5173469387755102 0.6073059360730594 0.5081632653061224 0.6018264840182649
0 0.4683673469387755 0.6319634703196347 0.4561224489795918 0.6401826484018265 0.45510204081632655 0.6529680365296804 0.4602040816326531 0.6593607305936073 0.4704081632653061 0.663013698630137 0.4816326530612245 0.6584474885844749 0.48673469387755103 0.6438356164383562 0.4816326530612245 0.6356164383561644 0.4744897959183674 0.6319634703196347
0 0.463265306122449 0.6 0.4561224489795918 0.6018264840182649 0.45102040816326533 0.6082191780821918 0.4530612244897959 0.6182648401826484 0.463265306122449 0.6255707762557078 0.47346938775510206 0.6228310502283105 0.4775510204081633 0.6127853881278539 0.47551020408163264 0.6073059360730594 0.4642857142857143 0.6009132420091324
0 0.4336734693877551 0.6493150684931507 0.42448979591836733 0.6502283105022831 0.4204081632653061 0.6547945205479452 0.42142857142857143 0.6675799086757991 0.4275510204081633 0.6757990867579908 0.4346938775510204 0.6757990867579908 0.4459183673469388 0.6648401826484018 0.4459183673469388 0.6584474885844749 0.4387755102040816 0.6493150684931507
0 0.3877551020408163 0.6566210045662101 0.3795918367346939 0.6611872146118721 0.37755102040816324 0.6666666666666666 0.37857142857142856 0.680365296803653 0.386734693877551 0.684931506849315 0.4020408163265306 0.6831050228310502 0.4091836734693878 0.6748858447488585 0.4061224489795918 0.663013698630137 0.39693877551020407 0.6566210045662101
0 0.3469387755102041 0.6538812785388128 0.3346938775510204 0.6575342465753424 0.3306122448979592 0.6675799086757991 0.3326530612244898 0.6821917808219178 0.34591836734693876 0.6894977168949772 0.35918367346938773 0.6867579908675799 0.3663265306122449 0.6776255707762557 0.36428571428571427 0.6666666666666666 0.35918367346938773 0.6575342465753424 0.35306122448979593 0.6538812785388128
0 0.32755102040816325 0.6082191780821918 0.3163265306122449 0.6155251141552511 0.3122448979591837 0.6264840182648402 0.3173469387755102 0.6420091324200913 0.3224489795918367 0.6465753424657534 0.34183673469387754 0.6438356164383562 0.3520408163265306 0.6319634703196347 0.3479591836734694 0.6164383561643836 0.3346938775510204 0.6091324200913242 0.32857142857142857 0.6091324200913242
0 0.2693877551020408 0.6164383561643836 0.26224489795918365 0.6191780821917808 0.25816326530612244 0.6255707762557078 0.25918367346938775 0.6474885844748859 0.26326530612244897 0.6547945205479452 0.2836734693877551 0.6584474885844749 0.2938775510204082 0.6429223744292237 0.2969387755102041 0.6292237442922375 0.29285714285714287 0.6219178082191781 0.2785714285714286 0.6164383561643836
0 0.29285714285714287 0.5881278538812785 0.28469387755102044 0.5945205479452055 0.2836734693877551 0.6045662100456621 0.29183673469387755 0.6127853881278539 0.3 0.6136986301369863 0.30714285714285716 0.6073059360730594 0.3081632653061224 0.5972602739726027 0.2938775510204082 0.5881278538812785
0 0.2857142857142857 0.547945205479452 0.2714285714285714 0.5534246575342465 0.2673469387755102 0.5652968036529681 0.2683673469387755 0.5726027397260274 0.2826530612244898 0.5799086757990868 0.3 0.5762557077625571 0.3051020408163265 0.5680365296803653 0.3051020408163265 0.5525114155251142 0.28775510204081634 0.547945205479452
0 0.2545918367346939 0.5799086757990868 0.23673469387755103 0.5844748858447488 0.22857142857142856 0.5945205479452055 0.2316326530612245 0.6073059360730594 0.23877551020408164 0.6127853881278539 0.2510204081632653 0.6164383561643836 0.2683673469387755 0.5990867579908675 0.2673469387755102 0.5853881278538813 0.2602040816326531 0.5799086757990868
0 0.18622448979591838 0.6383561643835617 0.17142857142857143 0.6420091324200913 0.1653061224489796 0.6484018264840182 0.16224489795918368 0.6593607305936073 0.1704081632653061 0.6703196347031963 0.19591836734693877 0.6785388127853881 0.20510204081632652 0.6694063926940639 0.20714285714285716 0.6502283105022831 0.1989795918367347 0.6410958904109589 0.19183673469387755 0.6383561643835617
0 0.0770408163265306 0.6310502283105023 0.0673469387755102 0.6328767123287671 0.061224489795918366 0.6410958904109589 0.06326530612244897 0.6575342465753424 0.07448979591836735 0.6648401826484018 0.08775510204081632 0.663013698630137 0.09591836734693877 0.6474885844748859 0.09387755102040816 0.6374429223744292 0.0826530612244898 0.6310502283105023
0 0.47346938775510206 0.43561643835616437 0.46530612244897956 0.4429223744292237 0.46530612244897956 0.45844748858447487 0.47346938775510206 0.4639269406392694 0.48673469387755103 0.46301369863013697 0.4928571428571429 0.4557077625570776 0.49081632653061225 0.4392694063926941 0.4744897959183674 0.43561643835616437
0 0.4530612244897959 0.4091324200913242 0.4459183673469388 0.4136986301369863 0.4418367346938776 0.428310502283105 0.44693877551020406 0.4337899543378995 0.46224489795918366 0.43561643835616437 0.4673469387755102 0.4301369863013699 0.4683673469387755 0.41735159817351597 0.46224489795918366 0.410958904109589 0.45408163265306123 0.4091324200913242
0 0.42142857142857143 0.4246575342465753 0.4122448979591837 0.43105022831050227 0.41122448979591836 0.4420091324200913 0.4163265306122449 0.4474885844748858 0.42857142857142855 0.4484018264840183 0.4357142857142857 0.4465753424657534 0.4377551020408163 0.434703196347032 0.4275510204081633 0.4246575342465753
0 0.39081632653061227 0.4465753424657534 0.3846938775510204 0.4502283105022831 0.3826530612244898 0.4666666666666667 0.39285714285714285 0.47214611872146117 0.4051020408163265 0.46301369863013697 0.40408163265306124 0.44931506849315067 0.4 0.4465753424657534
0 0.15306122448979592 0.6785388127853881 0.14387755102040817 0.6812785388127854 0.13673469387755102 0.6885844748858447 0.1346938775510204 0.7077625570776256 0.1469387755102041 0.7223744292237443 0.1673469387755102 0.7251141552511415 0.17959183673469387 0.7159817351598173 0.1816326530612245 0.6977168949771689 0.17653061224489797 0.6885844748858447 0.15816326530612246 0.6785388127853881
0 0.09285714285714286 0.6767123287671233 0.08061224489795918 0.680365296803653 0.07142857142857142 0.691324200913242 0.07346938775510205 0.7105022831050228 0.08877551020408163 0.7187214611872146 0.10408163265306122 0.7168949771689498 0.11326530612244898 0.6995433789954338 0.11326530612244898 0.691324200913242 0.10816326530612246 0.6812785388127854 0.1 0.6767123287671233
0 0.0326530612244898 0.6602739726027397 0.017346938775510204 0.6648401826484018 0.014285714285714285 0.6821917808219178 0.026530612244897958 0.6958904109589041 0.03979591836734694 0.6977168949771689 0.05102040816326531 0.6922374429223744 0.05714285714285714 0.6785388127853881 0.053061224489795916 0.6694063926940639 0.03877551020408163 0.6602739726027397
0 0.04285714285714286 0.7095890410958904 0.024489795918367346 0.7150684931506849 0.017346938775510204 0.7269406392694064 0.017346938775510204 0.7360730593607306 0.02142857142857143 0.7442922374429224 0.02959183673469388 0.7525114155251141 0.036734693877551024 0.754337899543379 0.05204081632653061 0.7506849315068493 0.06428571428571428 0.7360730593607306 0.0653061224489796 0.7269406392694064 0.061224489795918366 0.7178082191780822 0.05204081632653061 0.7114155251141553 0.04387755102040816 0.7105022831050228
0 0.1469387755102041 0.7360730593607306 0.1357142857142857 0.7406392694063927 0.1306122448979592 0.7525114155251141 0.13163265306122449 0.7616438356164383 0.14387755102040817 0.7707762557077625 0.16224489795918368 0.7680365296803653 0.17142857142857143 0.7552511415525114 0.1663265306122449 0.7415525114155251 0.15510204081632653 0.7360730593607306
0 0.053061224489795916 0.4429223744292237 0.04183673469387755 0.4465753424657534 0.03571428571428571 0.4547945205479452 0.03571428571428571 0.46301369863013697 0.04285714285714286 0.4666666666666667 0.06020408163265306 0.4593607305936073 0.06428571428571428 0.4502283105022831 0.061224489795918366 0.4429223744292237
0 0.009183673469387756 0.4767123287671233 0 0.4794520547945205 0 0.5095890410958904 0.006122448979591836 0.5105022831050229 0.017346938775510204 0.508675799086758 0.02346938775510204 0.4986301369863014 0.025510204081632654 0.4885844748858447 0.017346938775510204 0.4767123287671233
0 0.02857142857142857 0.4684931506849315 0.02142857142857143 0.4767123287671233 0.0336734693877551 0.4849315068493151 0.03877551020408163 0.4757990867579909 0.03163265306122449 0.4684931506849315
0 0.019387755102040816 0.45388127853881277 0.013265306122448979 0.45844748858447487 0.018367346938775512 0.4694063926940639 0.024489795918367346 0.4684931506849315 0.027551020408163266 0.4639269406392694 0.027551020408163266 0.4575342465753425 0.02346938775510204 0.45388127853881277
0 0.22755102040816327 0.38995433789954337 0.2193877551020408 0.39360730593607307 0.2153061224489796 0.4 0.2163265306122449 0.4063926940639269 0.22551020408163266 0.41187214611872147 0.23469387755102042 0.4100456621004566 0.24081632653061225 0.40273972602739727 0.24081632653061225 0.3954337899543379 0.2357142857142857 0.38995433789954337
0 0.24387755102040817 0.410958904109589 0.23469387755102042 0.4182648401826484 0.23265306122448978 0.428310502283105 0.2336734693877551 0.4319634703196347 0.23979591836734693 0.4337899543378995 0.25 0.4328767123287671 0.25816326530612244 0.42100456621004567 0.25816326530612244 0.4136986301369863 0.24591836734693878 0.410958904109589
0 0.2653061224489796 0.43561643835616437 0.2540816326530612 0.4438356164383562 0.2530612244897959 0.4520547945205479 0.25612244897959185 0.4557077625570776 0.2673469387755102 0.4557077625570776 0.2755102040816326 0.44931506849315067 0.27755102040816326 0.4420091324200913 0.2724489795918367 0.43561643835616437
0 0.20816326530612245 0.42557077625570777 0.2030612244897959 0.42557077625570777 0.19693877551020408 0.43105022831050227 0.1989795918367347 0.4429223744292237 0.20816326530612245 0.4484018264840183 0.21428571428571427 0.4474885844748858 0.22142857142857142 0.4374429223744292 0.22040816326530613 0.4292237442922374 0.21326530612244898 0.42557077625570777
0 0.17142857142857143 0.4465753424657534 0.16224489795918368 0.4484018264840183 0.15612244897959185 0.4557077625570776 0.15612244897959185 0.4611872146118721 0.16122448979591836 0.46757990867579907 0.17142857142857143 0.4694063926940639 0.17959183673469387 0.4648401826484018 0.17959183673469387 0.4520547945205479 0.17244897959183675 0.4474885844748858
0 0.29591836734693877 0.34885844748858447 0.2857142857142857 0.35342465753424657 0.2836734693877551 0.36255707762557077 0.286734693877551 0.36621004566210047 0.3 0.365296803652968 0.30306122448979594 0.3552511415525114 0.2969387755102041 0.34885844748858447
0 0.17142857142857143 0.4200913242009132 0.1653061224489796 0.4246575342465753 0.1653061224489796 0.428310502283105 0.17142857142857143 0.4328767123287671 0.17857142857142858 0.4301369863013699 0.17959183673469387 0.4246575342465753 0.17653061224489797 0.4200913242009132
0 0.3142857142857143 0.3315068493150685 0.30612244897959184 0.3415525114155251 0.30918367346938774 0.3470319634703196 0.3173469387755102 0.3470319634703196 0.32040816326530613 0.34429223744292237 0.32142857142857145 0.33424657534246577 0.3183673469387755 0.3315068493150685
0 0.3346938775510204 0.31689497716894977 0.32551020408163267 0.3232876712328767 0.32755102040816325 0.33059360730593607 0.3357142857142857 0.3315068493150685 0.34183673469387754 0.3269406392694064 0.34285714285714286 0.3223744292237443 0.3377551020408163 0.31689497716894977
0 0.3122448979591837 0.36712328767123287 0.30612244897959184 0.3698630136986301 0.30306122448979594 0.37625570776255707 0.3040816326530612 0.38538812785388127 0.3112244897959184 0.3917808219178082 0.32346938775510203 0.3881278538812785 0.32857142857142857 0.382648401826484 0.32755102040816325 0.3744292237442922 0.3183673469387755 0.36712328767123287
0 0.41785714285714287 0.33059360730593607 0.4051020408163265 0.3324200913242009 0.39591836734693875 0.34429223744292237 0.3989795918367347 0.3598173515981735 0.40714285714285714 0.36621004566210047 0.42551020408163265 0.36621004566210047 0.4326530612244898 0.3589041095890411 0.4346938775510204 0.3415525114155251 0.42448979591836733 0.33059360730593607
0 0.3653061224489796 0.28949771689497716 0.36122448979591837 0.2922374429223744 0.36122448979591837 0.3004566210045662 0.3653061224489796 0.30319634703196346 0.37142857142857144 0.30228310502283107 0.37448979591836734 0.29863013698630136 0.37448979591836734 0.2922374429223744 0.3704081632653061 0.28949771689497716
0 0.3795918367346939 0.27214611872146116 0.373469387755102 0.2785388127853881 0.37551020408163266 0.28584474885844746 0.3795918367346939 0.2876712328767123 0.386734693877551 0.28401826484018267 0.386734693877551 0.27671232876712326 0.3806122448979592 0.27214611872146116
0 0.40714285714285714 0.273972602739726 0.3948979591836735 0.2821917808219178 0.39591836734693875 0.2968036529680365 0.4020408163265306 0.3041095890410959 0.41836734693877553 0.30319634703196346 0.42551020408163265 0.2958904109589041 0.42448979591836733 0.28401826484018267 0.4153061224489796 0.273972602739726
0 0.40408163265306124 0.3105022831050228 0.40408163265306124 0.3269406392694064 0.4173469387755102 0.32602739726027397 0.42244897959183675 0.32054794520547947 0.4204081632653061 0.3141552511415525 0.41020408163265304 0.3105022831050228
0 0.4377551020408163 0.29771689497716897 0.42959183673469387 0.30228310502283107 0.42653061224489797 0.308675799086758 0.42857142857142855 0.32146118721461187 0.4357142857142857 0.3278538812785388 0.45 0.3242009132420091 0.4561224489795918 0.3141552511415525 0.4520408163265306 0.3013698630136986 0.4448979591836735 0.29771689497716897
0 0.37857142857142856 0.3050228310502283 0.3693877551020408 0.3105022831050228 0.3673469387755102 0.31598173515981737 0.3683673469387755 0.33059360730593607 0.37551020408163266 0.336986301369863 0.3877551020408163 0.3360730593607306 0.3979591836734694 0.3242009132420091 0.3948979591836735 0.31232876712328766 0.386734693877551 0.3059360730593607 0.3806122448979592 0.3050228310502283
0 0.4663265306122449 0.26757990867579906 0.4561224489795918 0.27031963470319637 0.45102040816326533 0.2785388127853881 0.45408163265306123 0.29406392694063926 0.45918367346938777 0.29863013698630136 0.4744897959183674 0.29771689497716897 0.4816326530612245 0.28949771689497716 0.4785714285714286 0.27214611872146116 0.46938775510204084 0.26757990867579906
0 0.5040816326530613 0.2867579908675799 0.48673469387755103 0.2922374429223744 0.4816326530612245 0.3004566210045662 0.48367346938775513 0.3141552511415525 0.503061224489796 0.32511415525114157 0.5112244897959184 0.3232876712328767 0.5214285714285715 0.3105022831050228 0.5183673469387755 0.29406392694063926 0.5091836734693878 0.2867579908675799
0 0.46938775510204084 0.32054794520547947 0.45714285714285713 0.3232876712328767 0.4448979591836735 0.33515981735159817 0.44693877551020406 0.3552511415525114 0.46122448979591835 0.3607305936073059 0.47346938775510206 0.3598173515981735 0.49489795918367346 0.3470319634703196 0.49387755102040815 0.3415525114155251 0.49795918367346936 0.33424657534246577 0.47653061224489796 0.32054794520547947
0 0.44693877551020406 0.36621004566210047 0.4357142857142857 0.3698630136986301 0.4306122448979592 0.37625570776255707 0.4275510204081633 0.3872146118721461 0.4275510204081633 0.3972602739726027 0.4306122448979592 0.4 0.4459183673469388 0.4018264840182648 0.4602040816326531 0.3917808219178082 0.463265306122449 0.37625570776255707 0.4561224489795918 0.36621004566210047
0 0.4826530612244898 0.38904109589041097 0.47653061224489796 0.3908675799086758 0.4714285714285714 0.39908675799086757 0.47244897959183674 0.410958904109589 0.4816326530612245 0.4146118721461187 0.4887755102040816 0.4136986301369863 0.49795918367346936 0.4063926940639269 0.4969387755102041 0.3972602739726027 0.48673469387755103 0.38904109589041097
0 0.48673469387755103 0.35799086757990867 0.4775510204081633 0.3634703196347032 0.47346938775510206 0.3726027397260274 0.4785714285714286 0.37990867579908677 0.48673469387755103 0.382648401826484 0.4969387755102041 0.38082191780821917 0.503061224489796 0.3735159817351598 0.5020408163265306 0.365296803652968 0.49183673469387756 0.35799086757990867
0 0.5193877551020408 0.37534246575342467 0.513265306122449 0.37534246575342467 0.5071428571428571 0.37990867579908677 0.5091836734693878 0.3926940639269406 0.5183673469387755 0.40273972602739727 0.5326530612244897 0.4 0.536734693877551 0.39360730593607307 0.5346938775510204 0.382648401826484 0.5255102040816326 0.37534246575342467
0 0.5469387755102041 0.34337899543378997 0.5357142857142857 0.3461187214611872 0.5285714285714286 0.3515981735159817 0.5316326530612245 0.3698630136986301 0.539795918367347 0.3780821917808219 0.5540816326530612 0.3771689497716895 0.560204081632653 0.37077625570776257 0.5622448979591836 0.35707762557077627 0.5591836734693878 0.34885844748858447 0.5530612244897959 0.34337899543378997
0 0.5173469387755102 0.3287671232876712 0.5071428571428571 0.3315068493150685 0.5010204081632653 0.3461187214611872 0.5010204081632653 0.35251141552511417 0.5071428571428571 0.35707762557077627 0.5163265306122449 0.354337899543379 0.5204081632653061 0.34885844748858447 0.5214285714285715 0.3333333333333333 0.5183673469387755 0.3287671232876712
0 0.5428571428571428 0.30319634703196346 0.5306122448979592 0.30684931506849317 0.5275510204081633 0.3105022831050228 0.5265306122448979 0.32511415525114157 0.5295918367346939 0.33515981735159817 0.5428571428571428 0.33515981735159817 0.5551020408163265 0.3232876712328767 0.5561224489795918 0.308675799086758 0.55 0.30319634703196346 0.5448979591836735 0.30319634703196346
0 0.5622448979591836 0.2684931506849315 0.5469387755102041 0.27214611872146116 0.5448979591836735 0.27579908675799086 0.5448979591836735 0.28401826484018267 0.55 0.29497716894977166 0.5591836734693878 0.3004566210045662 0.573469387755102 0.29863013698630136 0.5785714285714286 0.29406392694063926 0.5785714285714286 0.2821917808219178 0.563265306122449 0.2684931506849315
0 0.5224489795918368 0.25296803652968036 0.5112244897959184 0.25753424657534246 0.5071428571428571 0.26575342465753427 0.5091836734693878 0.28036529680365296 0.5183673469387755 0.28584474885844746 0.5336734693877551 0.2831050228310502 0.5387755102040817 0.273972602739726 0.539795918367347 0.2684931506849315 0.5357142857142857 0.2593607305936073 0.5265306122448979 0.25296803652968036
0 0.49081632653061225 0.2319634703196347 0.4785714285714286 0.2365296803652968 0.47244897959183674 0.2465753424657534 0.47653061224489796 0.26575342465753427 0.49081632653061225 0.27123287671232876 0.5040816326530613 0.26301369863013696 0.5081632653061224 0.25388127853881276 0.5061224489795918 0.2374429223744292 0.49795918367346936 0.2319634703196347
0 0.5704081632653061 0.5689497716894977 0.5591836734693878 0.5762557077625571 0.5561224489795918 0.582648401826484 0.5581632653061225 0.6009132420091324 0.5704081632653061 0.6100456621004566 0.5846938775510204 0.6063926940639269 0.5948979591836735 0.589041095890411 0.5887755102040816 0.5716894977168949 0.5795918367346938 0.5689497716894977
0 0.5285714285714286 0.5077625570776255 0.5122448979591837 0.5168949771689497 0.5102040816326531 0.5269406392694064 0.5214285714285715 0.5360730593607306 0.5306122448979592 0.5388127853881278 0.5428571428571428 0.5342465753424658 0.5469387755102041 0.5287671232876713 0.5469387755102041 0.5159817351598174 0.536734693877551 0.5077625570776255
0 0.5 0.4694063926940639 0.48673469387755103 0.4748858447488584 0.4775510204081633 0.4867579908675799 0.4806122448979592 0.5013698630136987 0.48775510204081635 0.5068493150684932 0.503061224489796 0.5050228310502283 0.5142857142857142 0.491324200913242 0.513265306122449 0.4776255707762557 0.5020408163265306 0.4694063926940639
0 0.5408163265306123 0.4420091324200913 0.5336734693877551 0.44474885844748857 0.5193877551020408 0.4593607305936073 0.5193877551020408 0.46757990867579907 0.5265306122448979 0.47214611872146117 0.5428571428571428 0.4703196347031963 0.5540816326530612 0.4611872146118721 0.5561224489795918 0.4484018264840183 0.5479591836734694 0.4420091324200913
0 0.5122448979591837 0.4100456621004566 0.5010204081632653 0.4136986301369863 0.49489795918367346 0.42191780821917807 0.49387755102040815 0.434703196347032 0.5 0.44018264840182647 0.5163265306122449 0.4410958904109589 0.523469387755102 0.43561643835616437 0.5255102040816326 0.4228310502283105 0.5183673469387755 0.4100456621004566
0 0.55 0.3954337899543379 0.5418367346938775 0.39817351598173517 0.5377551020408163 0.4054794520547945 0.5377551020408163 0.42100456621004567 0.5479591836734694 0.4292237442922374 0.5612244897959183 0.42648401826484017 0.5673469387755102 0.41735159817351597 0.5653061224489796 0.4009132420091324 0.5571428571428572 0.3954337899543379
0 0.5836734693877551 0.41735159817351597 0.576530612244898 0.4191780821917808 0.5704081632653061 0.42557077625570777 0.5683673469387756 0.4429223744292237 0.5724489795918367 0.44931506849315067 0.5816326530612245 0.45388127853881277 0.5887755102040816 0.45388127853881277 0.5989795918367347 0.4474885844748858 0.6010204081632653 0.4383561643835616 0.5948979591836735 0.42191780821917807 0.5846938775510204 0.41735159817351597
0 0.6255102040816326 0.4328767123287671 0.6122448979591837 0.4383561643835616 0.6091836734693877 0.4438356164383562 0.6142857142857143 0.4575342465753425 0.6244897959183674 0.4666666666666667 0.6357142857142857 0.4648401826484018 0.6408163265306123 0.4575342465753425 0.6418367346938776 0.4429223744292237 0.6295918367346939 0.4328767123287671
0 0.6642857142857143 0.44931506849315067 0.6489795918367347 0.4557077625570776 0.6479591836734694 0.4648401826484018 0.6540816326530612 0.4785388127853881 0.6704081632653062 0.4812785388127854 0.6775510204081633 0.4776255707762557 0.6806122448979591 0.46757990867579907 0.6755102040816326 0.45662100456621 0.6653061224489796 0.44931506849315067
0 0.6020408163265306 0.4730593607305936 0.5948979591836735 0.4821917808219178 0.5948979591836735 0.4922374429223744 0.6 0.5041095890410959 0.6173469387755102 0.5068493150684932 0.6224489795918368 0.502283105022831 0.6244897959183674 0.4794520547945205 0.610204081632653 0.4730593607305936
0 0.563265306122449 0.46757990867579907 0.5520408163265306 0.4757990867579909 0.5489795918367347 0.4867579908675799 0.5571428571428572 0.4894977168949772 0.5663265306122449 0.4995433789954338 0.5693877551020409 0.4995433789954338 0.5744897959183674 0.4922374429223744 0.576530612244898 0.4748858447488584 0.5642857142857143 0.46757990867579907
0 0.21836734693877552 0.6821917808219178 0.20918367346938777 0.6840182648401827 0.2 0.6968036529680365 0.20204081632653062 0.7114155251141553 0.2163265306122449 0.7187214611872146 0.2316326530612245 0.7159817351598173 0.23877551020408164 0.7068493150684931 0.23877551020408164 0.6968036529680365 0.23469387755102042 0.6876712328767123 0.22346938775510203 0.6821917808219178
0 0.3163265306122449 0.6858447488584475 0.3051020408163265 0.6867579908675799 0.29897959183673467 0.6904109589041096 0.2969387755102041 0.7059360730593607 0.3 0.7132420091324201 0.30714285714285716 0.7187214611872146 0.32551020408163267 0.7214611872146118 0.3357142857142857 0.7159817351598173 0.33877551020408164 0.7031963470319634 0.3326530612244898 0.691324200913242 0.32142857142857145 0.6858447488584475
0 0.23265306122448978 0.6465753424657534 0.22346938775510203 0.6484018264840182 0.22244897959183674 0.6602739726027397 0.22653061224489796 0.6675799086757991 0.24183673469387756 0.6694063926940639 0.2479591836734694 0.6621004566210046 0.2479591836734694 0.6566210045662101 0.23775510204081632 0.6465753424657534
0 0.2653061224489796 0.6684931506849315 0.2602040816326531 0.6721461187214612 0.25510204081632654 0.6894977168949772 0.25510204081632654 0.6949771689497717 0.2642857142857143 0.6986301369863014 0.27755102040816326 0.6968036529680365 0.2857142857142857 0.6876712328767123 0.2836734693877551 0.673972602739726 0.27346938775510204 0.6684931506849315
0 0.2510204081632653 0.7205479452054795 0.23775510204081632 0.7251141552511415 0.23061224489795917 0.7333333333333333 0.23469387755102042 0.7506849315068493 0.24693877551020407 0.7662100456621005 0.25918367346938775 0.7634703196347032 0.2693877551020408 0.7470319634703196 0.26632653061224487 0.7278538812785388 0.25204081632653064 0.7205479452054795
0 0.1836734693877551 0.7607305936073059 0.17755102040816326 0.7689497716894977 0.17959183673469387 0.7789954337899543 0.186734693877551 0.7863013698630137 0.19693877551020408 0.7872146118721461 0.20408163265306123 0.782648401826484 0.20612244897959184 0.7735159817351598 0.19081632653061226 0.7607305936073059
0 0.15714285714285714 0.7808219178082192 0.1469387755102041 0.7872146118721461 0.14489795918367346 0.7926940639269406 0.14591836734693878 0.8036529680365296 0.1540816326530612 0.810958904109589 0.1683673469387755 0.8091324200913242 0.17653061224489797 0.7963470319634703 0.17244897959183675 0.7863013698630137 0.16020408163265307 0.7808219178082192
0 0.20204081632653062 0.7936073059360731 0.18877551020408162 0.7981735159817351 0.1836734693877551 0.8036529680365296 0.186734693877551 0.817351598173516 0.1989795918367347 0.8246575342465754 0.21326530612244898 0.821917808219178 0.22040816326530613 0.810958904109589 0.21836734693877552 0.8009132420091324 0.20612244897959184 0.7936073059360731
0 0.22244897959183674 0.7726027397260274 0.2163265306122449 0.7780821917808219 0.2153061224489796 0.7863013698630137 0.22653061224489796 0.7926940639269406 0.2357142857142857 0.7890410958904109 0.24081632653061225 0.7799086757990867 0.23673469387755103 0.7744292237442922 0.23061224489795917 0.7726027397260274
0 0.25612244897959185 0.7780821917808219 0.24897959183673468 0.7853881278538812 0.25 0.7945205479452054 0.25612244897959185 0.7981735159817351 0.26224489795918365 0.7981735159817351 0.27040816326530615 0.7908675799086758 0.27040816326530615 0.7817351598173516 0.26326530612244897 0.7780821917808219
0 0.28775510204081634 0.7863013698630137 0.28061224489795916 0.7899543378995434 0.27653061224489794 0.7981735159817351 0.27755102040816326 0.8054794520547945 0.2836734693877551 0.810958904109589 0.29591836734693877 0.810958904109589 0.3040816326530612 0.8045662100456621 0.3040816326530612 0.7908675799086758 0.29489795918367345 0.7863013698630137
0 0.26326530612244897 0.806392694063927 0.2510204081632653 0.8136986301369863 0.25204081632653064 0.8210045662100457 0.2571428571428571 0.8255707762557077 0.2673469387755102 0.8255707762557077 0.27346938775510204 0.8210045662100457 0.27448979591836736 0.810958904109589 0.2683673469387755 0.806392694063927
0 0.24081632653061225 0.7954337899543379 0.2316326530612245 0.8027397260273973 0.2316326530612245 0.8100456621004566 0.23673469387755103 0.8127853881278538 0.24489795918367346 0.810958904109589 0.24693877551020407 0.8073059360730593 0.24693877551020407 0.7990867579908676 0.24183673469387756 0.7963470319634703
0 0.29285714285714287 0.817351598173516 0.2857142857142857 0.8200913242009132 0.28061224489795916 0.8264840182648402 0.2816326530612245 0.8347031963470319 0.29183673469387755 0.8383561643835616 0.3040816326530612 0.8356164383561644 0.30714285714285716 0.8310502283105022 0.3081632653061224 0.8255707762557077 0.3010204081632653 0.817351598173516
0 0.2571428571428571 0.8328767123287671 0.25 0.8392694063926941 0.2510204081632653 0.8484018264840183 0.2571428571428571 0.8529680365296803 0.2673469387755102 0.852054794520548 0.27346938775510204 0.8447488584474886 0.2724489795918367 0.8374429223744292 0.2653061224489796 0.8328767123287671
0 0.1989795918367347 0.8347031963470319 0.18979591836734694 0.8438356164383561 0.18979591836734694 0.852054794520548 0.1989795918367347 0.8575342465753425 0.21020408163265306 0.8538812785388128 0.2163265306122449 0.845662100456621 0.21428571428571427 0.8392694063926941 0.20714285714285716 0.8347031963470319
0 0.23265306122448978 0.821917808219178 0.22755102040816327 0.8228310502283105 0.22244897959183674 0.828310502283105 0.22551020408163266 0.8392694063926941 0.2316326530612245 0.8392694063926941 0.24183673469387756 0.8319634703196347 0.24285714285714285 0.8246575342465754 0.23469387755102042 0.821917808219178
0 0.22959183673469388 0.8465753424657534 0.22244897959183674 0.8511415525114155 0.2193877551020408 0.8575342465753425 0.2193877551020408 0.8621004566210045 0.22551020408163266 0.867579908675799 0.2357142857142857 0.8666666666666667 0.24285714285714285 0.8575342465753425 0.24387755102040817 0.852054794520548 0.23673469387755103 0.8465753424657534
0 0.1663265306122449 0.8328767123287671 0.16020408163265307 0.8356164383561644 0.15918367346938775 0.8447488584474886 0.1673469387755102 0.8493150684931506 0.17755102040816326 0.8429223744292238 0.17755102040816326 0.8365296803652968 0.17244897959183675 0.8328767123287671
0 0.1520408163265306 0.8164383561643835 0.1469387755102041 0.817351598173516 0.1469387755102041 0.8237442922374429 0.1510204081632653 0.828310502283105 0.15816326530612246 0.8292237442922374 0.16122448979591836 0.8273972602739726 0.16122448979591836 0.8200913242009132 0.1540816326530612 0.8164383561643835
0 0.17142857142857143 0.8127853881278538 0.1653061224489796 0.8210045662100457 0.1683673469387755 0.8264840182648402 0.17551020408163265 0.8255707762557077 0.17551020408163265 0.8164383561643835
0 0.12755102040816327 0.8045662100456621 0.12040816326530612 0.8118721461187215 0.12040816326530612 0.8182648401826484 0.12653061224489795 0.8228310502283105 0.1346938775510204 0.821917808219178 0.13979591836734695 0.817351598173516 0.1377551020408163 0.8082191780821918 0.1306122448979592 0.8045662100456621
0 0.11836734693877551 0.7707762557077625 0.10918367346938776 0.7808219178082192 0.10816326530612246 0.7872146118721461 0.11224489795918367 0.7945205479452054 0.12346938775510204 0.7936073059360731 0.1306122448979592 0.7844748858447489 0.12755102040816327 0.7744292237442922 0.11938775510204082 0.7707762557077625
0 0.09795918367346938 0.7360730593607306 0.0826530612244898 0.7442922374429224 0.0826530612244898 0.7525114155251141 0.08775510204081632 0.7598173515981735 0.10306122448979592 0.7625570776255708 0.11020408163265306 0.7534246575342466 0.11122448979591837 0.7442922374429224 0.10204081632653061 0.7360730593607306
0 0.0653061224489796 0.7570776255707763 0.05510204081632653 0.7643835616438356 0.05408163265306123 0.771689497716895 0.05918367346938776 0.7780821917808219 0.06428571428571428 0.7780821917808219 0.07142857142857142 0.7726027397260274 0.07346938775510205 0.765296803652968 0.0673469387755102 0.7570776255707763
0 0.026530612244897958 0.7634703196347032 0.017346938775510204 0.7689497716894977 0.015306122448979591 0.7799086757990867 0.02346938775510204 0.7890410958904109 0.03571428571428571 0.7899543378995434 0.04285714285714286 0.7835616438356164 0.04387755102040816 0.771689497716895 0.0336734693877551 0.7634703196347032
0 0.05612244897959184 0.7899543378995434 0.04591836734693878 0.7954337899543379 0.044897959183673466 0.8054794520547945 0.053061224489795916 0.8164383561643835 0.06428571428571428 0.8200913242009132 0.07755102040816327 0.8100456621004566 0.07857142857142857 0.8 0.07346938775510205 0.7936073059360731 0.06326530612244897 0.7899543378995434
0 0.027040816326530614 0.8045662100456621 0.017346938775510204 0.8054794520547945 0.013265306122448979 0.810958904109589 0.015306122448979591 0.821917808219178 0.025510204081632654 0.8273972602739726 0.036734693877551024 0.8264840182648402 0.03979591836734694 0.8210045662100457 0.03979591836734694 0.8118721461187215 0.0336734693877551 0.8045662100456621
0 0.04285714285714286 0.8292237442922374 0.03877551020408163 0.8347031963470319 0.04183673469387755 0.8410958904109589 0.05102040816326531 0.8401826484018264 0.05612244897959184 0.8347031963470319 0.04693877551020408 0.8292237442922374
0 0.07448979591836735 0.8273972602739726 0.0663265306122449 0.8328767123287671 0.0663265306122449 0.8401826484018264 0.06938775510204082 0.8447488584474886 0.07755102040816327 0.8474885844748858 0.0826530612244898 0.8429223744292238 0.0826530612244898 0.8328767123287671 0.07551020408163266 0.8273972602739726
0 0.10408163265306122 0.8255707762557077 0.09591836734693877 0.8319634703196347 0.09693877551020408 0.8401826484018264 0.10306122448979592 0.8474885844748858 0.11428571428571428 0.8465753424657534 0.12040816326530612 0.8410958904109589 0.12040816326530612 0.8310502283105022 0.11326530612244898 0.8255707762557077
0 0.09387755102040816 0.8009132420091324 0.08673469387755102 0.8073059360730593 0.08673469387755102 0.8146118721461187 0.09081632653061225 0.8191780821917808 0.1 0.8191780821917808 0.10408163265306122 0.8164383561643835 0.10816326530612246 0.806392694063927 0.10306122448979592 0.8009132420091324
0 0.08469387755102041 0.7735159817351598 0.07959183673469387 0.7789954337899543 0.07959183673469387 0.7853881278538812 0.0826530612244898 0.7899543378995434 0.09183673469387756 0.7917808219178082 0.09591836734693877 0.7789954337899543 0.09081632653061225 0.7735159817351598
0 0.05714285714285714 0.8502283105022831 0.04897959183673469 0.8511415525114155 0.04183673469387755 0.8557077625570776 0.04183673469387755 0.8684931506849315 0.04795918367346939 0.8767123287671232 0.06428571428571428 0.8803652968036529 0.07244897959183673 0.8748858447488584 0.07346938775510205 0.8584474885844748 0.06938775510204082 0.8529680365296803 0.06224489795918367 0.8502283105022831
0 0.02142857142857143 0.8684931506849315 0.014285714285714285 0.8721461187214612 0.013265306122448979 0.8831050228310502 0.017346938775510204 0.8876712328767123 0.025510204081632654 0.8894977168949771 0.03163265306122449 0.8885844748858448 0.03469387755102041 0.8849315068493151 0.03469387755102041 0.8757990867579909 0.027551020408163266 0.8684931506849315
0 0.04591836734693878 0.8885844748858448 0.03979591836734694 0.8949771689497716 0.04081632653061224 0.9031963470319635 0.044897959183673466 0.9077625570776255 0.05408163265306123 0.9077625570776255 0.06326530612244897 0.9004566210045662 0.06326530612244897 0.8940639269406393 0.05 0.8885844748858448
0 0.013265306122448979 0.8995433789954338 0.00816326530612245 0.902283105022831 0.009183673469387756 0.9105022831050228 0.014285714285714285 0.9141552511415525 0.024489795918367346 0.915068493150685 0.02959183673469388 0.9068493150684932 0.02857142857142857 0.9031963470319635 0.02142857142857143 0.8995433789954338
0 0.09081632653061225 0.8557077625570776 0.08673469387755102 0.8593607305936073 0.08775510204081632 0.8657534246575342 0.09387755102040816 0.8721461187214612 0.09897959183673469 0.8730593607305936 0.10306122448979592 0.8712328767123287 0.10612244897959183 0.8639269406392694 0.10408163265306122 0.8593607305936073 0.09693877551020408 0.8557077625570776
0 0.11632653061224489 0.8748858447488584 0.10918367346938776 0.8785388127853881 0.10612244897959183 0.8894977168949771 0.11224489795918367 0.8958904109589041 0.12653061224489795 0.8958904109589041 0.1336734693877551 0.891324200913242 0.1346938775510204 0.8849315068493151 0.12959183673469388 0.8776255707762557 0.12040816326530612 0.8748858447488584
0 0.12551020408163266 0.8538812785388128 0.11938775510204082 0.8557077625570776 0.11836734693877551 0.8666666666666667 0.1306122448979592 0.867579908675799 0.1346938775510204 0.8648401826484018 0.1357142857142857 0.85662100456621 0.13163265306122449 0.8538812785388128
0 0.13673469387755102 0.8301369863013699 0.1326530612244898 0.8319634703196347 0.13163265306122449 0.8392694063926941 0.14285714285714285 0.845662100456621 0.1510204081632653 0.8392694063926941 0.1510204081632653 0.8347031963470319 0.14387755102040817 0.8301369863013699
0 0.15306122448979592 0.8493150684931506 0.14591836734693878 0.852054794520548 0.14489795918367346 0.8593607305936073 0.14795918367346939 0.8611872146118722 0.15816326530612246 0.8593607305936073 0.15918367346938775 0.852054794520548 0.1540816326530612 0.8493150684931506
0 0.17346938775510204 0.8557077625570776 0.1653061224489796 0.8621004566210045 0.1653061224489796 0.8657534246575342 0.17142857142857143 0.8703196347031964 0.1836734693877551 0.8666666666666667 0.1846938775510204 0.8593607305936073 0.18061224489795918 0.8557077625570776
0 0.20204081632653062 0.863013698630137 0.19183673469387755 0.869406392694064 0.19183673469387755 0.8757990867579909 0.1989795918367347 0.8803652968036529 0.20714285714285716 0.8785388127853881 0.21224489795918366 0.873972602739726 0.21122448979591837 0.8657534246575342 0.20510204081632652 0.863013698630137
0 0.22448979591836735 0.8748858447488584 0.2193877551020408 0.8821917808219178 0.22244897959183674 0.8904109589041096 0.22755102040816327 0.8904109589041096 0.23469387755102042 0.8849315068493151 0.23673469387755103 0.8776255707762557 0.2336734693877551 0.8748858447488584
0 0.17142857142857143 0.8785388127853881 0.1663265306122449 0.8831050228310502 0.1683673469387755 0.8958904109589041 0.17857142857142858 0.8949771689497716 0.1836734693877551 0.8904109589041096 0.1836734693877551 0.8821917808219178 0.17755102040816326 0.8785388127853881
0 0.2 0.8867579908675799 0.19591836734693877 0.8922374429223744 0.19795918367346937 0.897716894977169 0.20612244897959184 0.8968036529680365 0.20918367346938777 0.8904109589041096 0.20714285714285716 0.8867579908675799
0 0.2173469387755102 0.8986301369863013 0.20816326530612245 0.9050228310502283 0.20816326530612245 0.9159817351598174 0.21122448979591837 0.9205479452054794 0.2193877551020408 0.919634703196347 0.22857142857142856 0.9141552511415525 0.23061224489795917 0.9077625570776255 0.22346938775510203 0.8986301369863013
0 0.25816326530612244 0.8858447488584474 0.24897959183673468 0.8885844748858448 0.23877551020408164 0.897716894977169 0.23775510204081632 0.9077625570776255 0.24081632653061225 0.9114155251141552 0.2530612244897959 0.9123287671232877 0.26326530612244897 0.9050228310502283 0.2673469387755102 0.8904109589041096 0.25918367346938775 0.8867579908675799
0 0.25816326530612244 0.8593607305936073 0.24693877551020407 0.8666666666666667 0.24693877551020407 0.8730593607305936 0.25204081632653064 0.8776255707762557 0.2642857142857143 0.8776255707762557 0.27040816326530615 0.8721461187214612 0.27040816326530615 0.8657534246575342 0.2642857142857143 0.8602739726027397 0.25918367346938775 0.8602739726027397
0 0.18775510204081633 0.9031963470319635 0.17551020408163265 0.9059360730593607 0.17142857142857143 0.9105022831050228 0.17244897959183675 0.9205479452054794 0.17755102040816326 0.9260273972602739 0.18979591836734694 0.9260273972602739 0.19591836734693877 0.9214611872146119 0.19591836734693877 0.9068493150684932 0.19183673469387755 0.9031963470319635
0 0.15306122448979592 0.9187214611872146 0.14591836734693878 0.9242009132420091 0.14795918367346939 0.9324200913242009 0.1520408163265306 0.9342465753424658 0.16122448979591836 0.9333333333333333 0.1653061224489796 0.9296803652968036 0.1653061224489796 0.9232876712328767 0.16020408163265307 0.9187214611872146
0 0.11836734693877551 0.915068493150685 0.10612244897959183 0.9214611872146119 0.10408163265306122 0.9296803652968036 0.11122448979591837 0.9397260273972603 0.12755102040816327 0.9424657534246575 0.13673469387755102 0.936986301369863 0.13877551020408163 0.9278538812785389 0.1336734693877551 0.919634703196347 0.12244897959183673 0.915068493150685
0 0.04897959183673469 0.9159817351598174 0.04285714285714286 0.9178082191780822 0.03979591836734694 0.9232876712328767 0.04081632653061224 0.9388127853881278 0.04591836734693878 0.9424657534246575 0.061224489795918366 0.94337899543379 0.06836734693877551 0.9342465753424658 0.06836734693877551 0.9223744292237442 0.05714285714285714 0.9159817351598174
0 0.07755102040816327 0.9333333333333333 0.07142857142857142 0.9388127853881278 0.07346938775510205 0.9452054794520548 0.08469387755102041 0.9515981735159817 0.09387755102040816 0.9506849315068493 0.09693877551020408 0.9424657534246575 0.08673469387755102 0.9333333333333333
0 0.009183673469387756 0.9242009132420091 0 0.9278538812785389 0 0.9388127853881278 0.00510204081632653 0.94337899543379 0.019387755102040816 0.9452054794520548 0.03163265306122449 0.9388127853881278 0.03163265306122449 0.9324200913242009 0.025510204081632654 0.9251141552511416 0.0163265306122449 0.9242009132420091
0 0.07755102040816327 0.9031963470319635 0.0673469387755102 0.9077625570776255 0.07448979591836735 0.9159817351598174 0.0836734693877551 0.9095890410958904 0.07857142857142857 0.9041095890410958
0 0.28775510204081634 0.8493150684931506 0.27653061224489794 0.8557077625570776 0.2755102040816326 0.8602739726027397 0.2816326530612245 0.8657534246575342 0.29081632653061223 0.8657534246575342 0.2969387755102041 0.8611872146118722 0.3010204081632653 0.8557077625570776 0.3010204081632653 0.8511415525114155 0.2969387755102041 0.8493150684931506
0 0.3112244897959184 0.8575342465753425 0.3040816326530612 0.8748858447488584 0.30918367346938774 0.8812785388127854 0.3173469387755102 0.8812785388127854 0.32551020408163267 0.873972602739726 0.32551020408163267 0.8657534246575342 0.3183673469387755 0.8575342465753425
0 0.33979591836734696 0.8438356164383561 0.3336734693877551 0.8557077625570776 0.3346938775510204 0.8657534246575342 0.3408163265306122 0.869406392694064 0.3489795918367347 0.869406392694064 0.35816326530612247 0.8621004566210045 0.35816326530612247 0.8557077625570776 0.3469387755102041 0.8438356164383561
0 0.32040816326530613 0.8310502283105022 0.31326530612244896 0.8328767123287671 0.30918367346938774 0.8383561643835616 0.30918367346938774 0.845662100456621 0.3122448979591837 0.8484018264840183 0.32040816326530613 0.8493150684931506 0.32653061224489793 0.8447488584474886 0.32857142857142857 0.8347031963470319 0.32448979591836735 0.8310502283105022
0 0.3173469387755102 0.8045662100456621 0.3112244897959184 0.8073059360730593 0.30918367346938774 0.8146118721461187 0.31326530612244896 0.8228310502283105 0.3183673469387755 0.8246575342465754 0.32653061224489793 0.8237442922374429 0.3295918367346939 0.8191780821917808 0.3306122448979592 0.810958904109589 0.32551020408163267 0.8045662100456621
0 0.3408163265306122 0.817351598173516 0.3326530612244898 0.828310502283105 0.3377551020408163 0.8356164383561644 0.3479591836734694 0.8356164383561644 0.3551020408163265 0.8310502283105022 0.35612244897959183 0.8228310502283105 0.35306122448979593 0.8191780821917808 0.34183673469387754 0.817351598173516
0 0.3683673469387755 0.8310502283105022 0.35816326530612247 0.8347031963470319 0.35612244897959183 0.8429223744292238 0.3622448979591837 0.8502283105022831 0.3704081632653061 0.8529680365296803 0.3816326530612245 0.8484018264840183 0.3836734693877551 0.8383561643835616 0.376530612244898 0.8310502283105022 0.3693877551020408 0.8310502283105022
0 0.28469387755102044 0.7570776255707763 0.2795918367346939 0.7607305936073059 0.2795918367346939 0.771689497716895 0.2816326530612245 0.7771689497716895 0.28877551020408165 0.7799086757990867 0.29489795918367345 0.7789954337899543 0.3010204081632653 0.771689497716895 0.3 0.7625570776255708 0.29183673469387755 0.7570776255707763
0 0.29285714285714287 0.7242009132420091 0.28469387755102044 0.7296803652968037 0.2836734693877551 0.7388127853881279 0.2857142857142857 0.7433789954337899 0.29591836734693877 0.7479452054794521 0.30306122448979594 0.7415525114155251 0.30306122448979594 0.7324200913242009 0.2979591836734694 0.7242009132420091
0 0.3239795918367347 0.7744292237442922 0.31326530612244896 0.776255707762557 0.31020408163265306 0.7808219178082192 0.3112244897959184 0.7908675799086758 0.32142857142857145 0.7963470319634703 0.33163265306122447 0.7954337899543379 0.33979591836734696 0.7881278538812785 0.33877551020408164 0.7799086757990867 0.3306122448979592 0.7744292237442922
0 0.3469387755102041 0.7917808219178082 0.33877551020408164 0.7963470319634703 0.3377551020408163 0.8073059360730593 0.34285714285714286 0.810958904109589 0.35408163265306125 0.8118721461187215 0.35918367346938773 0.8082191780821918 0.36122448979591837 0.8018264840182648 0.35918367346938773 0.7954337899543379 0.35306122448979593 0.7917808219178082
0 0.3704081632653061 0.8082191780821918 0.36020408163265305 0.8136986301369863 0.3622448979591837 0.8246575342465754 0.3693877551020408 0.8246575342465754 0.3795918367346939 0.817351598173516 0.37755102040816324 0.8100456621004566 0.37244897959183676 0.8082191780821918
0 0.4204081632653061 0.806392694063927 0.41122448979591836 0.810958904109589 0.4091836734693878 0.8210045662100457 0.42142857142857143 0.8310502283105022 0.4357142857142857 0.821917808219178 0.4346938775510204 0.8136986301369863 0.42142857142857143 0.806392694063927
0 0.3816326530612245 0.7844748858447489 0.37244897959183676 0.7872146118721461 0.3693877551020408 0.7963470319634703 0.37857142857142856 0.8036529680365296 0.39285714285714285 0.7963470319634703 0.39387755102040817 0.7926940639269406 0.386734693877551 0.7844748858447489
0 0.39285714285714285 0.8045662100456621 0.3877551020408163 0.806392694063927 0.3877551020408163 0.8146118721461187 0.39183673469387753 0.8164383561643835 0.3989795918367347 0.8136986301369863 0.3979591836734694 0.806392694063927 0.39387755102040817 0.8045662100456621
0 0.35816326530612247 0.7643835616438356 0.3479591836734694 0.7735159817351598 0.35 0.782648401826484 0.3551020408163265 0.7853881278538812 0.363265306122449 0.7853881278538812 0.37142857142857144 0.7780821917808219 0.37142857142857144 0.7689497716894977 0.3653061224489796 0.7643835616438356
0 0.3408163265306122 0.7461187214611872 0.3336734693877551 0.7534246575342466 0.3336734693877551 0.7589041095890411 0.3408163265306122 0.7643835616438356 0.3510204081632653 0.7616438356164383 0.3551020408163265 0.7561643835616438 0.35306122448979593 0.7497716894977169 0.3448979591836735 0.7461187214611872
0 0.31326530612244896 0.7488584474885844 0.3081632653061224 0.7525114155251141 0.3081632653061224 0.7589041095890411 0.3122448979591837 0.7643835616438356 0.3173469387755102 0.765296803652968 0.32448979591836735 0.7616438356164383 0.32448979591836735 0.7534246575342466 0.3142857142857143 0.7488584474885844
0 0.32040816326530613 0.7287671232876712 0.32040816326530613 0.7406392694063927 0.32346938775510203 0.7433789954337899 0.3306122448979592 0.7433789954337899 0.3336734693877551 0.7360730593607306 0.32857142857142857 0.7287671232876712
0 0.3510204081632653 0.7141552511415525 0.34591836734693876 0.7168949771689498 0.34591836734693876 0.7342465753424657 0.3510204081632653 0.7388127853881279 0.3653061224489796 0.7397260273972602 0.37142857142857144 0.7333333333333333 0.37142857142857144 0.7251141552511415 0.3653061224489796 0.7168949771689498 0.35612244897959183 0.7141552511415525
0 0.3989795918367347 0.7159817351598173 0.3877551020408163 0.719634703196347 0.37857142857142856 0.730593607305936 0.3816326530612245 0.7424657534246575 0.39183673469387753 0.7506849315068493 0.40816326530612246 0.7470319634703196 0.4163265306122449 0.736986301369863 0.4142857142857143 0.7205479452054795 0.4010204081632653 0.7159817351598173
0 0.3673469387755102 0.7461187214611872 0.3622448979591837 0.7497716894977169 0.3622448979591837 0.754337899543379 0.3673469387755102 0.7589041095890411 0.37448979591836734 0.7589041095890411 0.3795918367346939 0.7506849315068493 0.37244897959183676 0.7461187214611872
0 0.38979591836734695 0.7561643835616438 0.3816326530612245 0.7616438356164383 0.3806122448979592 0.7698630136986301 0.3836734693877551 0.7735159817351598 0.39387755102040817 0.776255707762557 0.4030612244897959 0.7689497716894977 0.40408163265306124 0.7616438356164383 0.39285714285714285 0.7561643835616438
0 0.40714285714285714 0.7735159817351598 0.4020408163265306 0.7789954337899543 0.4030612244897959 0.7844748858447489 0.4142857142857143 0.7872146118721461 0.4204081632653061 0.7789954337899543 0.41836734693877553 0.7753424657534247 0.41122448979591836 0.7735159817351598
0 0.43673469387755104 0.7726027397260274 0.42857142857142855 0.7780821917808219 0.42959183673469387 0.7853881278538812 0.4346938775510204 0.7881278538812785 0.44387755102040816 0.7872146118721461 0.45102040816326533 0.7817351598173516 0.45102040816326533 0.7780821917808219 0.4418367346938776 0.7726027397260274
0 0.42346938775510207 0.7461187214611872 0.4142857142857143 0.7515981735159817 0.413265306122449 0.7589041095890411 0.41836734693877553 0.7671232876712328 0.42653061224489797 0.7680365296803653 0.4377551020408163 0.7616438356164383 0.4387755102040816 0.7534246575342466 0.4346938775510204 0.7488584474885844 0.42448979591836733 0.7461187214611872
0 0.44081632653061226 0.7123287671232876 0.42959183673469387 0.7168949771689498 0.4275510204081633 0.7324200913242009 0.4316326530612245 0.7397260273972602 0.4418367346938776 0.7424657534246575 0.45510204081632655 0.7388127853881279 0.46122448979591835 0.7296803652968037 0.45816326530612245 0.7168949771689498 0.4479591836734694 0.7123287671232876
0 0.42448979591836733 0.7899543378995434 0.4163265306122449 0.7936073059360731 0.4173469387755102 0.8 0.42857142857142855 0.7990867579908676 0.42959183673469387 0.7926940639269406 0.42551020408163265 0.7908675799086758
0 0.4061224489795918 0.7917808219178082 0.4030612244897959 0.7926940639269406 0.4010204081632653 0.8009132420091324 0.40816326530612246 0.8036529680365296 0.4122448979591837 0.8 0.4122448979591837 0.7954337899543379 0.40714285714285714 0.7917808219178082
0 0.4173469387755102 0.6894977168949772 0.4051020408163265 0.6922374429223744 0.4030612244897959 0.7013698630136986 0.40816326530612246 0.7077625570776256 0.41836734693877553 0.7105022831050228 0.42448979591836733 0.7095890410958904 0.4306122448979592 0.7004566210045662 0.42653061224489797 0.6894977168949772
0 0.45102040816326533 0.6694063926940639 0.4448979591836735 0.6748858447488585 0.44285714285714284 0.6821917808219178 0.4448979591836735 0.6885844748858447 0.45 0.691324200913242 0.46122448979591835 0.6904109589041096 0.4704081632653061 0.6785388127853881 0.46938775510204084 0.6730593607305936 0.4602040816326531 0.6694063926940639
0 0.40408163265306124 0.6264840182648402 0.39693877551020407 0.6292237442922375 0.39183673469387753 0.6365296803652968 0.39387755102040817 0.6447488584474886 0.4010204081632653 0.6493150684931507 0.4122448979591837 0.6484018264840182 0.41836734693877553 0.6401826484018265 0.4163265306122449 0.6310502283105023 0.40714285714285714 0.6264840182648402
0 0.4377551020408163 0.6219178082191781 0.42857142857142855 0.6292237442922375 0.4306122448979592 0.6374429223744292 0.4377551020408163 0.6429223744292237 0.4489795918367347 0.6337899543378995 0.4479591836734694 0.6246575342465753 0.4418367346938776 0.6219178082191781
0 0.4806122448979592 0.5808219178082191 0.47346938775510206 0.5835616438356165 0.47244897959183674 0.5908675799086758 0.4785714285714286 0.5972602739726027 0.4846938775510204 0.5981735159817352 0.49081632653061225 0.5954337899543379 0.49183673469387756 0.589041095890411 0.48775510204081635 0.582648401826484 0.4816326530612245 0.5817351598173516
0 0.41836734693877553 0.6082191780821918 0.4142857142857143 0.6118721461187214 0.4163265306122449 0.6191780821917808 0.42653061224489797 0.6164383561643836 0.4275510204081633 0.6118721461187214 0.42346938775510207 0.6082191780821918
0 0.4448979591836735 0.6063926940639269 0.4336734693877551 0.6091324200913242 0.4326530612244898 0.6127853881278539 0.4387755102040816 0.6164383561643836 0.4448979591836735 0.6146118721461187 0.4459183673469388 0.6063926940639269
0 0.41020408163265304 0.5378995433789955 0.4061224489795918 0.5424657534246575 0.40714285714285714 0.554337899543379 0.41836734693877553 0.5561643835616439 0.42448979591836733 0.5525114155251142 0.42551020408163265 0.5461187214611872 0.4153061224489796 0.5378995433789955
0 0.48367346938775513 0.5141552511415525 0.47959183673469385 0.5159817351598174 0.47653061224489796 0.5287671232876713 0.4806122448979592 0.5315068493150685 0.49387755102040815 0.5324200913242009 0.49489795918367346 0.5187214611872146 0.4846938775510204 0.5150684931506849
0 0.5438775510204081 0.6018264840182649 0.5387755102040817 0.6082191780821918 0.5387755102040817 0.6164383561643836 0.5459183673469388 0.6228310502283105 0.5510204081632653 0.6219178082191781 0.5571428571428572 0.6136986301369863 0.5571428571428572 0.6082191780821918 0.55 0.6018264840182649
0 0.5403061224489796 0.6328767123287671 0.5316326530612245 0.6337899543378995 0.5255102040816326 0.6401826484018265 0.5255102040816326 0.6529680365296804 0.5316326530612245 0.6584474885844749 0.5387755102040817 0.6575342465753424 0.5551020408163265 0.6465753424657534 0.5540816326530612 0.6356164383561644 0.5459183673469388 0.6328767123287671
0 0.5 0.645662100456621 0.4959183673469388 0.6502283105022831 0.5 0.663013698630137 0.5051020408163265 0.663013698630137 0.5112244897959184 0.6575342465753424 0.5122448979591837 0.6502283105022831 0.5081632653061224 0.645662100456621
0 0.48673469387755103 0.6666666666666666 0.4816326530612245 0.6675799086757991 0.4775510204081633 0.673972602739726 0.4785714285714286 0.6794520547945205 0.48367346938775513 0.6821917808219178 0.49081632653061225 0.6821917808219178 0.4969387755102041 0.6785388127853881 0.49795918367346936 0.6721461187214612 0.49081632653061225 0.6666666666666666
0 0.5214285714285715 0.6648401826484018 0.5051020408163265 0.6757990867579908 0.5061224489795918 0.6858447488584475 0.5163265306122449 0.6922374429223744 0.5285714285714286 0.6904109589041096 0.5377551020408163 0.6794520547945205 0.536734693877551 0.6712328767123288 0.5265306122448979 0.6648401826484018
0 0.5183673469387755 0.6986301369863014 0.5020408163265306 0.7077625570776256 0.5 0.7159817351598173 0.5051020408163265 0.7214611872146118 0.5173469387755102 0.7214611872146118 0.5265306122448979 0.7141552511415525 0.5285714285714286 0.7059360730593607 0.5255102040816326 0.7013698630136986 0.5193877551020408 0.6995433789954338
0 0.47653061224489796 0.7050228310502283 0.4683673469387755 0.7123287671232876 0.4683673469387755 0.7178082191780822 0.4744897959183674 0.7242009132420091 0.4897959183673469 0.7168949771689498 0.49081632653061225 0.7095890410958904 0.48367346938775513 0.7050228310502283
0 0.45102040816326533 0.6968036529680365 0.4448979591836735 0.7022831050228311 0.44693877551020406 0.7068493150684931 0.46224489795918366 0.7105022831050228 0.463265306122449 0.6995433789954338 0.45918367346938777 0.6968036529680365
0 0.4744897959183674 0.6867579908675799 0.4683673469387755 0.6958904109589041 0.47346938775510206 0.7004566210045662 0.48367346938775513 0.6958904109589041 0.48367346938775513 0.6885844748858447 0.4806122448979592 0.6867579908675799
0 0.49387755102040815 0.6876712328767123 0.4897959183673469 0.6931506849315069 0.4897959183673469 0.6995433789954338 0.49387755102040815 0.7022831050228311 0.5040816326530613 0.6958904109589041 0.4989795918367347 0.6876712328767123
0 0.47244897959183674 0.7287671232876712 0.4663265306122449 0.7378995433789954 0.4714285714285714 0.7452054794520548 0.4775510204081633 0.7461187214611872 0.4826530612244898 0.736986301369863 0.4806122448979592 0.7324200913242009 0.47346938775510206 0.7287671232876712
0 0.45102040816326533 0.7488584474885844 0.4479591836734694 0.7506849315068493 0.45102040816326533 0.7598173515981735 0.463265306122449 0.7598173515981735 0.4673469387755102 0.754337899543379 0.45408163265306123 0.7488584474885844
0 0.47959183673469385 0.7506849315068493 0.47346938775510206 0.7579908675799086 0.48367346938775513 0.7643835616438356 0.4897959183673469 0.7625570776255708 0.49183673469387756 0.7589041095890411 0.48775510204081635 0.7506849315068493
0 0.49183673469387756 0.736986301369863 0.48673469387755103 0.7433789954337899 0.49081632653061225 0.7497716894977169 0.49795918367346936 0.7497716894977169 0.5020408163265306 0.7442922374429224 0.5020408163265306 0.7406392694063927 0.4969387755102041 0.736986301369863
0 0.5224489795918368 0.7433789954337899 0.5102040816326531 0.7479452054794521 0.5010204081632653 0.7579908675799086 0.5010204081632653 0.7698630136986301 0.5071428571428571 0.7744292237442922 0.5183673469387755 0.776255707762557 0.5346938775510204 0.7662100456621005 0.5357142857142857 0.754337899543379 0.5265306122448979 0.7433789954337899
0 0.5061224489795918 0.7278538812785388 0.5010204081632653 0.7287671232876712 0.5 0.7324200913242009 0.5010204081632653 0.736986301369863 0.5071428571428571 0.7406392694063927 0.5122448979591837 0.7397260273972602 0.5153061224489796 0.7342465753424657 0.5091836734693878 0.7278538812785388
0 0.4928571428571429 0.7214611872146118 0.4857142857142857 0.7269406392694064 0.4857142857142857 0.7315068493150685 0.4897959183673469 0.7333333333333333 0.49795918367346936 0.7287671232876712 0.4989795918367347 0.7232876712328767 0.4959183673469388 0.7214611872146118
0 0.5265306122448979 0.7242009132420091 0.5204081632653061 0.7278538812785388 0.5204081632653061 0.7333333333333333 0.5244897959183673 0.736986301369863 0.5326530612244897 0.7342465753424657 0.5316326530612245 0.7242009132420091
0 0.55 0.7269406392694064 0.5438775510204081 0.7378995433789954 0.5387755102040817 0.7360730593607306 0.5357142857142857 0.7424657534246575 0.5448979591836735 0.754337899543379 0.5561224489795918 0.7552511415525114 0.5642857142857143 0.7479452054794521 0.5683673469387756 0.7360730593607306 0.5622448979591836 0.7287671232876712 0.5510204081632653 0.7278538812785388
0 0.539795918367347 0.7095890410958904 0.5346938775510204 0.7132420091324201 0.5346938775510204 0.7214611872146118 0.5418367346938775 0.7251141552511415 0.5489795918367347 0.719634703196347 0.5489795918367347 0.7132420091324201 0.5428571428571428 0.7095890410958904
0 0.5642857142857143 0.6995433789954338 0.5561224489795918 0.708675799086758 0.5561224489795918 0.7178082191780822 0.560204081632653 0.7214611872146118 0.5755102040816327 0.7132420091324201 0.5775510204081633 0.7050228310502283 0.5714285714285714 0.6995433789954338
0 0.5459183673469388 0.684931506849315 0.5336734693877551 0.6949771689497717 0.5357142857142857 0.7022831050228311 0.5418367346938775 0.7050228310502283 0.55 0.7041095890410959 0.5551020408163265 0.6986301369863014 0.5571428571428572 0.6894977168949772 0.5510204081632653 0.684931506849315
0 0.5479591836734694 0.6657534246575343 0.5438775510204081 0.6730593607305936 0.55 0.6794520547945205 0.5551020408163265 0.6794520547945205 0.560204081632653 0.6748858447488585 0.5612244897959183 0.6684931506849315 0.5571428571428572 0.6657534246575343
0 0.573469387755102 0.6429223744292237 0.563265306122449 0.6511415525114155 0.5642857142857143 0.6621004566210046 0.5693877551020409 0.6657534246575343 0.5806122448979592 0.6648401826484018 0.5867346938775511 0.6584474885844749 0.5857142857142857 0.6493150684931507 0.5775510204081633 0.6429223744292237
0 0.6091836734693877 0.6812785388127854 0.5918367346938775 0.6940639269406392 0.5877551020408164 0.7022831050228311 0.5887755102040816 0.7132420091324201 0.6010204081632653 0.7232876712328767 0.6153061224489796 0.7187214611872146 0.6255102040816326 0.7059360730593607 0.6234693877551021 0.7031963470319634 0.6265306122448979 0.6922374429223744 0.6153061224489796 0.6812785388127854
0 0.5826530612244898 0.7187214611872146 0.5693877551020409 0.7251141552511415 0.573469387755102 0.7378995433789954 0.5775510204081633 0.7406392694063927 0.5887755102040816 0.7378995433789954 0.5938775510204082 0.730593607305936 0.5938775510204082 0.726027397260274 0.5846938775510204 0.7187214611872146
0 0.6 0.6566210045662101 0.5908163265306122 0.6648401826484018 0.5918367346938775 0.6721461187214612 0.5969387755102041 0.6767123287671233 0.6071428571428571 0.6757990867579908 0.6153061224489796 0.6694063926940639 0.6112244897959184 0.6602739726027397 0.6051020408163266 0.6566210045662101
0 0.6336734693877552 0.6602739726027397 0.6214285714285714 0.6657534246575343 0.6193877551020408 0.6730593607305936 0.6234693877551021 0.6767123287671233 0.6295918367346939 0.6785388127853881 0.6387755102040816 0.6712328767123288 0.639795918367347 0.6648401826484018 0.636734693877551 0.6602739726027397
0 0.6622448979591836 0.6538812785388128 0.6479591836734694 0.6584474885844749 0.6489795918367347 0.6684931506849315 0.6591836734693878 0.673972602739726 0.6673469387755102 0.6730593607305936 0.6714285714285714 0.6666666666666666 0.6642857142857143 0.6538812785388128
0 0.6244897959183674 0.6228310502283105 0.6163265306122448 0.6292237442922375 0.6163265306122448 0.634703196347032 0.6204081632653061 0.6383561643835617 0.6275510204081632 0.6383561643835617 0.6336734693877552 0.6328767123287671 0.6336734693877552 0.6273972602739726 0.6285714285714286 0.6228310502283105
0 0.5969387755102041 0.6319634703196347 0.5897959183673469 0.6356164383561644 0.5887755102040816 0.6410958904109589 0.5938775510204082 0.6465753424657534 0.6020408163265306 0.6484018264840182 0.6061224489795919 0.645662100456621 0.6081632653061224 0.6383561643835617 0.6 0.6319634703196347
0 0.6030612244897959 0.6045662100456621 0.5959183673469388 0.6073059360730594 0.5897959183673469 0.6155251141552511 0.5918367346938775 0.6228310502283105 0.5989795918367347 0.6255707762557078 0.6091836734693877 0.6228310502283105 0.6091836734693877 0.6045662100456621
0 0.6316326530612245 0.5945205479452055 0.6234693877551021 0.6027397260273972 0.6255102040816326 0.6127853881278539 0.6295918367346939 0.6155251141552511 0.636734693877551 0.6146118721461187 0.6438775510204081 0.6073059360730594 0.6448979591836734 0.6 0.639795918367347 0.5945205479452055
0 0.6530612244897959 0.6100456621004566 0.6428571428571429 0.6200913242009133 0.6428571428571429 0.6255707762557078 0.6469387755102041 0.628310502283105 0.6540816326530612 0.6273972602739726 0.6622448979591836 0.6200913242009133 0.6632653061224489 0.6146118721461187 0.6581632653061225 0.6100456621004566
0 0.6153061224489796 0.5844748858447488 0.6091836734693877 0.5863013698630137 0.6071428571428571 0.5899543378995433 0.6071428571428571 0.5963470319634703 0.610204081632653 0.5990867579908675 0.6163265306122448 0.5981735159817352 0.6204081632653061 0.593607305936073 0.6214285714285714 0.5872146118721461 0.6163265306122448 0.5844748858447488
0 0.6612244897959184 0.5753424657534246 0.6520408163265307 0.5844748858447488 0.6520408163265307 0.5972602739726027 0.6561224489795918 0.6036529680365297 0.6642857142857143 0.6054794520547945 0.6724489795918367 0.6018264840182649 0.6775510204081633 0.5917808219178082 0.676530612244898 0.582648401826484 0.6683673469387755 0.5753424657534246
0 0.6795918367346939 0.6036529680365297 0.6724489795918367 0.6109589041095891 0.673469387755102 0.617351598173516 0.6785714285714286 0.6191780821917808 0.6846938775510204 0.617351598173516 0.6887755102040817 0.6118721461187214 0.686734693877551 0.6036529680365297
0 0.6948979591836735 0.6210045662100456 0.6846938775510204 0.6255707762557078 0.6846938775510204 0.6310502283105023 0.6918367346938775 0.6374429223744292 0.7010204081632653 0.6365296803652968 0.7051020408163265 0.6328767123287671 0.7061224489795919 0.6255707762557078 0.6989795918367347 0.6210045662100456
0 0.7142857142857143 0.5908675799086758 0.7071428571428572 0.5981735159817352 0.7051020408163265 0.6082191780821918 0.7091836734693877 0.6191780821917808 0.7193877551020408 0.617351598173516 0.7255102040816327 0.6082191780821918 0.726530612244898 0.5981735159817352 0.7204081632653061 0.5908675799086758
0 0.7438775510204082 0.5990867579908675 0.7387755102040816 0.5990867579908675 0.7336734693877551 0.6036529680365297 0.7326530612244898 0.6127853881278539 0.736734693877551 0.6182648401826484 0.7448979591836735 0.617351598173516 0.7489795918367347 0.6136986301369863 0.7520408163265306 0.6082191780821918 0.7520408163265306 0.6018264840182649 0.7489795918367347 0.5990867579908675
0 0.7234693877551021 0.6228310502283105 0.7122448979591837 0.6273972602739726 0.710204081632653 0.6337899543378995 0.713265306122449 0.639269406392694 0.7285714285714285 0.6365296803652968 0.7336734693877551 0.6264840182648402 0.7275510204081632 0.6228310502283105
0 0.7479591836734694 0.5579908675799087 0.736734693877551 0.5607305936073059 0.7306122448979592 0.5671232876712329 0.726530612244898 0.5799086757990868 0.7295918367346939 0.589041095890411 0.7377551020408163 0.5908675799086758 0.7551020408163265 0.5853881278538813 0.7591836734693878 0.5762557077625571 0.7591836734693878 0.5662100456621004 0.753061224489796 0.5589041095890411 0.7489795918367347 0.5589041095890411
0 0.6826530612244898 0.5652968036529681 0.6785714285714286 0.5707762557077626 0.6795918367346939 0.5744292237442923 0.6857142857142857 0.5799086757990868 0.689795918367347 0.5799086757990868 0.6938775510204082 0.5771689497716895 0.6938775510204082 0.5689497716894977 0.6887755102040817 0.5652968036529681
0 0.7020408163265306 0.5342465753424658 0.6948979591836735 0.5351598173515981 0.6857142857142857 0.54337899543379 0.6857142857142857 0.5570776255707762 0.6989795918367347 0.5589041095890411 0.7030612244897959 0.5552511415525114 0.7071428571428572 0.54337899543379 0.7071428571428572 0.5378995433789955 0.7030612244897959 0.5351598173515981
0 0.6602040816326531 0.5424657534246575 0.6540816326530612 0.5452054794520548 0.65 0.5552511415525114 0.6520408163265307 0.5643835616438356 0.6571428571428571 0.5680365296803653 0.6755102040816326 0.5607305936073059 0.676530612244898 0.5488584474885845 0.6693877551020408 0.5424657534246575
0 0.6387755102040816 0.5652968036529681 0.6336734693877552 0.5652968036529681 0.6285714285714286 0.5726027397260274 0.6295918367346939 0.582648401826484 0.6357142857142857 0.5863013698630137 0.6428571428571429 0.5853881278538813 0.6479591836734694 0.5780821917808219 0.6489795918367347 0.5726027397260274 0.6438775510204081 0.5652968036529681
0 0.610204081632653 0.5598173515981735 0.6010204081632653 0.5643835616438356 0.6 0.5707762557077626 0.6020408163265306 0.5753424657534246 0.6122448979591837 0.5780821917808219 0.6204081632653061 0.5716894977168949 0.6204081632653061 0.5634703196347032 0.6163265306122448 0.5598173515981735
0 0.5591836734693878 0.5452054794520548 0.55 0.5506849315068493 0.5479591836734694 0.5561643835616439 0.5551020408163265 0.5616438356164384 0.5642857142857143 0.5607305936073059 0.5663265306122449 0.5579908675799087 0.563265306122449 0.5452054794520548
0 0.6061224489795919 0.5187214611872146 0.6020408163265306 0.5232876712328767 0.6010204081632653 0.5315068493150685 0.6081632653061224 0.5378995433789955 0.6163265306122448 0.5324200913242009 0.6163265306122448 0.5251141552511416 0.6091836734693877 0.5187214611872146
0 0.6336734693877552 0.5351598173515981 0.6275510204081632 0.5388127853881278 0.6244897959183674 0.5461187214611872 0.6265306122448979 0.5579908675799087 0.6326530612244898 0.5616438356164384 0.6408163265306123 0.554337899543379 0.6438775510204081 0.54337899543379 0.636734693877551 0.5351598173515981
0 0.6295918367346939 0.5114155251141552 0.6244897959183674 0.5168949771689497 0.6306122448979592 0.5269406392694064 0.6387755102040816 0.5205479452054794 0.6387755102040816 0.5150684931506849 0.6336734693877552 0.5114155251141552
0 0.6244897959183674 0.3972602739726027 0.6214285714285714 0.40730593607305937 0.6255102040816326 0.42100456621004567 0.636734693877551 0.42557077625570777 0.6479591836734694 0.4146118721461187 0.6510204081632653 0.4009132420091324 0.6408163265306123 0.3926940639269406
0 0.5877551020408164 0.36164383561643837 0.5877551020408164 0.3780821917808219 0.5969387755102041 0.3881278538812785 0.6224489795918368 0.38904109589041097 0.6357142857142857 0.37625570776255707 0.636734693877551 0.3589041095890411 0.6193877551020408 0.34337899543378997 0.6030612244897959 0.3452054794520548
0 0.5622448979591836 0.37990867579908677 0.5622448979591836 0.3926940639269406 0.5683673469387756 0.39817351598173517 0.5806122448979592 0.3972602739726027 0.5846938775510204 0.3881278538812785 0.5806122448979592 0.37625570776255707
0 0.6448979591836734 0.4931506849315068 0.6448979591836734 0.5077625570776255 0.6510204081632653 0.5123287671232877 0.6602040816326531 0.5105022831050229 0.6653061224489796 0.5013698630136987 0.6632653061224489 0.4940639269406393 0.65 0.4867579908675799
0 0.6673469387755102 0.5150684931506849 0.6683673469387755 0.5324200913242009 0.6775510204081633 0.5378995433789955 0.6857142857142857 0.5360730593607306 0.6918367346938775 0.5296803652968036 0.6877551020408164 0.5105022831050229 0.676530612244898 0.5077625570776255
0 0.673469387755102 0.4904109589041096 0.673469387755102 0.4986301369863014 0.6795918367346939 0.502283105022831 0.6857142857142857 0.5013698630136987 0.6908163265306122 0.4931506849315068 0.6857142857142857 0.4831050228310502
0 0.6469387755102041 0.5242009132420091 0.6469387755102041 0.5360730593607306 0.6561224489795918 0.536986301369863 0.6602040816326531 0.5324200913242009 0.6581632653061225 0.5232876712328767
0 0.6948979591836735 0.4968036529680365 0.6938775510204082 0.5041095890410959 0.6989795918367347 0.5114155251141552 0.710204081632653 0.5095890410958904 0.713265306122449 0.4995433789954338 0.7091836734693877 0.491324200913242 0.7010204081632653 0.4904109589041096
0 0.6908163265306122 0.4621004566210046 0.6938775510204082 0.4812785388127854 0.6989795918367347 0.4840182648401826 0.7112244897959183 0.4821917808219178 0.7163265306122449 0.47214611872146117 0.713265306122449 0.4611872146118721 0.6969387755102041 0.4593607305936073
0 0.6795918367346939 0.43561643835616437 0.6775510204081633 0.4465753424657534 0.6826530612244898 0.4529680365296804 0.6959183673469388 0.4547945205479452 0.7010204081632653 0.4520547945205479 0.7040816326530612 0.434703196347032 0.7 0.4292237442922374 0.6877551020408164 0.4301369863013699
0 0.7112244897959183 0.4383561643835616 0.7112244897959183 0.4529680365296804 0.7204081632653061 0.45844748858447487 0.7285714285714285 0.4474885844748858 0.7275510204081632 0.4383561643835616 0.7204081632653061 0.4328767123287671
0 0.7377551020408163 0.4410958904109589 0.7377551020408163 0.4529680365296804 0.7489795918367347 0.45388127853881277 0.7520408163265306 0.44931506849315067 0.75 0.4383561643835616 0.7448979591836735 0.434703196347032
0 0.7693877551020408 0.4502283105022831 0.7673469387755102 0.4593607305936073 0.7714285714285715 0.4694063926940639 0.7826530612244897 0.473972602739726 0.789795918367347 0.4712328767123288 0.7959183673469388 0.4611872146118721 0.789795918367347 0.445662100456621 0.7806122448979592 0.44474885844748857
0 0.7755102040816326 0.480365296803653 0.7744897959183673 0.4949771689497717 0.7826530612244897 0.5004566210045662 0.789795918367347 0.4958904109589041 0.7938775510204081 0.4840182648401826 0.786734693877551 0.4785388127853881
0 0.7653061224489796 0.5059360730593607 0.7663265306122449 0.5205479452054794 0.7755102040816326 0.5260273972602739 0.7795918367346939 0.5242009132420091 0.7857142857142857 0.5150684931506849 0.7836734693877551 0.5077625570776255 0.7765306122448979 0.5041095890410959
0 0.3877551020408163 0.25388127853881276 0.3836734693877551 0.26575342465753427 0.3877551020408163 0.2684931506849315 0.3989795918367347 0.26666666666666666 0.4030612244897959 0.26210045662100456 0.4020408163265306 0.2511415525114155 0.39591836734693875 0.2493150684931507
0 0.40816326530612246 0.2410958904109589 0.4061224489795918 0.24840182648401826 0.41122448979591836 0.25296803652968036 0.42142857142857143 0.2511415525114155 0.42551020408163265 0.245662100456621 0.42142857142857143 0.23378995433789954
0 0.42857142857142855 0.217351598173516 0.42551020408163265 0.2273972602739726 0.4316326530612245 0.2310502283105023 0.43979591836734694 0.22922374429223744 0.44285714285714284 0.22465753424657534 0.44081632653061226 0.2191780821917808 0.4346938775510204 0.2146118721461187
0 0.44285714285714284 0.1917808219178082 0.4377551020408163 0.19726027397260273 0.44081632653061226 0.2054794520547945 0.45 0.20365296803652969 0.4489795918367347 0.1917808219178082
0 0.45408163265306123 0.1689497716894977 0.4459183673469388 0.17442922374429223 0.45 0.18447488584474886 0.45714285714285713 0.1817351598173516 0.45918367346938777 0.17168949771689498 0.4561224489795918 0.1689497716894977
0 0.47959183673469385 0.18082191780821918 0.4663265306122449 0.18538812785388128 0.46122448979591835 0.19269406392694063 0.463265306122449 0.20821917808219179 0.47346938775510206 0.217351598173516 0.48775510204081635 0.21278538812785389 0.49183673469387756 0.20182648401826483 0.4887755102040816 0.1863013698630137 0.4806122448979592 0.18082191780821918
0 0.4377551020408163 0.24748858447488584 0.42959183673469387 0.2547945205479452 0.42959183673469387 0.2593607305936073 0.4326530612244898 0.27214611872146116 0.4387755102040816 0.27488584474885847 0.45102040816326533 0.2684931506849315 0.45102040816326533 0.25388127853881276 0.4459183673469388 0.24748858447488584
0 0.5102040816326531 0.19817351598173516 0.5 0.20182648401826483 0.4959183673469388 0.21095890410958903 0.4969387755102041 0.2228310502283105 0.5040816326530613 0.23013698630136986 0.513265306122449 0.22922374429223744 0.5224489795918368 0.2219178082191781 0.5224489795918368 0.2045662100456621 0.5153061224489796 0.19817351598173516
0 0.5459183673469388 0.20730593607305936 0.5295918367346939 0.21552511415525114 0.5255102040816326 0.2264840182648402 0.5295918367346939 0.2447488584474886 0.536734693877551 0.25205479452054796 0.5561224489795918 0.24840182648401826 0.5642857142857143 0.2410958904109589 0.5653061224489796 0.2219178082191781 0.5622448979591836 0.21278538812785389 0.5479591836734694 0.20730593607305936
0 0.5846938775510204 0.22557077625570776 0.5755102040816327 0.23013698630136986 0.5663265306122449 0.245662100456621 0.5693877551020409 0.25844748858447486 0.5816326530612245 0.2648401826484018 0.5959183673469388 0.25844748858447486 0.6020408163265306 0.2447488584474886 0.6 0.2328767123287671 0.5897959183673469 0.22557077625570776
0 0.563265306122449 0.17168949771689498 0.55 0.17625570776255708 0.5438775510204081 0.18904109589041096 0.5459183673469388 0.19817351598173516 0.560204081632653 0.20730593607305936 0.5704081632653061 0.20639269406392693 0.5785714285714286 0.19908675799086759 0.576530612244898 0.1817351598173516 0.573469387755102 0.17534246575342466 0.5663265306122449 0.17168949771689498
0 0.5275510204081633 0.16164383561643836 0.5163265306122449 0.1643835616438356 0.5112244897959184 0.17168949771689498 0.513265306122449 0.18812785388127853 0.5204081632653061 0.19452054794520549 0.5357142857142857 0.1908675799086758 0.5408163265306123 0.18356164383561643 0.5408163265306123 0.1726027397260274 0.536734693877551 0.16529680365296803 0.5295918367346939 0.16164383561643836
0 0.5357142857142857 0.12602739726027398 0.5275510204081633 0.12968036529680366 0.5224489795918368 0.13607305936073058 0.5244897959183673 0.14977168949771688 0.5275510204081633 0.1552511415525114 0.5357142857142857 0.1598173515981735 0.5479591836734694 0.15616438356164383 0.5540816326530612 0.14703196347031963 0.5520408163265306 0.136986301369863 0.5428571428571428 0.12602739726027398
0 0.48775510204081635 0.15251141552511416 0.4816326530612245 0.1589041095890411 0.4816326530612245 0.1689497716894977 0.49081632653061225 0.17990867579908676 0.4959183673469388 0.1771689497716895 0.5 0.16712328767123288 0.5 0.1589041095890411 0.4928571428571429 0.15251141552511416
0 0.47346938775510206 0.11050228310502283 0.4663265306122449 0.1132420091324201 0.46122448979591835 0.12054794520547946 0.46224489795918366 0.12968036529680366 0.46938775510204084 0.136986301369863 0.47653061224489796 0.13607305936073058 0.4816326530612245 0.12876712328767123 0.4816326530612245 0.1178082191780822 0.4744897959183674 0.11141552511415526
0 0.513265306122449 0.0867579908675799 0.5 0.09223744292237443 0.4989795918367347 0.10410958904109589 0.5051020408163265 0.1095890410958904 0.5183673469387755 0.11050228310502283 0.5265306122448979 0.10593607305936073 0.5265306122448979 0.09680365296803653 0.5163265306122449 0.0867579908675799
0 0.5010204081632653 0.1178082191780822 0.4928571428571429 0.12694063926940638 0.4928571428571429 0.13424657534246576 0.49795918367346936 0.14063926940639268 0.5051020408163265 0.14246575342465753 0.5153061224489796 0.1278538812785388 0.5112244897959184 0.11963470319634703 0.503061224489796 0.1178082191780822
0 0.46224489795918366 0.14063926940639268 0.45816326530612245 0.14337899543378996 0.4520408163265306 0.1589041095890411 0.45408163265306123 0.16255707762557078 0.463265306122449 0.16529680365296803 0.4714285714285714 0.16255707762557078 0.47653061224489796 0.154337899543379 0.47346938775510206 0.14337899543378996 0.4642857142857143 0.14063926940639268
0 0.6020408163265306 0.14703196347031963 0.5918367346938775 0.15342465753424658 0.5938775510204082 0.17077625570776256 0.6020408163265306 0.17990867579908676 0.6153061224489796 0.1817351598173516 0.6255102040816326 0.17168949771689498 0.6255102040816326 0.15799086757990868 0.6183673469387755 0.14977168949771688 0.6071428571428571 0.14703196347031963
0 0.5704081632653061 0.136986301369863 0.5622448979591836 0.1415525114155251 0.5581632653061225 0.15707762557077626 0.5642857142857143 0.16621004566210046 0.576530612244898 0.1680365296803653 0.5857142857142857 0.15707762557077626 0.5867346938775511 0.14794520547945206 0.5846938775510204 0.14337899543378996 0.5714285714285714 0.136986301369863
0 0.5775510204081633 0.10228310502283106 0.5683673469387756 0.11141552511415526 0.5683673469387756 0.12876712328767123 0.5744897959183674 0.13515981735159818 0.5857142857142857 0.13607305936073058 0.5928571428571429 0.13150684931506848 0.5959183673469388 0.1223744292237443 0.5918367346938775 0.108675799086758 0.5846938775510204 0.10228310502283106
0 0.6479591836734694 0.1461187214611872 0.6357142857142857 0.15616438356164383 0.6336734693877552 0.1643835616438356 0.6438775510204081 0.1771689497716895 0.6581632653061225 0.17990867579908676 0.6663265306122449 0.1726027397260274 0.6663265306122449 0.15707762557077626 0.6612244897959184 0.14885844748858448 0.6520408163265307 0.1461187214611872
0 0.6469387755102041 0.18538812785388128 0.6316326530612245 0.1917808219178082 0.6295918367346939 0.20730593607305936 0.6377551020408163 0.2264840182648402 0.6448979591836734 0.2310502283105023 0.6540816326530612 0.2319634703196347 0.6642857142857143 0.2273972602739726 0.6683673469387755 0.21278538812785389 0.6622448979591836 0.1908675799086758 0.6520408163265307 0.18538812785388128
0 0.5979591836734693 0.18538812785388128 0.5867346938775511 0.19269406392694063 0.5836734693877551 0.2 0.5846938775510204 0.21187214611872146 0.5948979591836735 0.22100456621004566 0.610204081632653 0.21643835616438356 0.6142857142857143 0.2091324200913242 0.6153061224489796 0.1954337899543379 0.6091836734693877 0.18812785388127853 0.6 0.18538812785388128
0 0.610204081632653 0.25296803652968036 0.6020408163265306 0.25662100456621006 0.5969387755102041 0.2639269406392694 0.5989795918367347 0.2785388127853881 0.6061224489795919 0.28493150684931506 0.6193877551020408 0.2831050228310502 0.6275510204081632 0.273972602739726 0.6295918367346939 0.2648401826484018 0.6244897959183674 0.2557077625570776 0.6193877551020408 0.25296803652968036
0 0.6632653061224489 0.2374429223744292 0.6510204081632653 0.2401826484018265 0.6438775510204081 0.25388127853881276 0.6459183673469387 0.26301369863013696 0.6540816326530612 0.27031963470319637 0.6632653061224489 0.2730593607305936 0.6714285714285714 0.27214611872146116 0.6775510204081633 0.26666666666666666 0.6785714285714286 0.245662100456621 0.6704081632653062 0.2374429223744292
0 0.5969387755102041 0.2876712328767123 0.5908163265306122 0.28949771689497716 0.5857142857142857 0.29954337899543376 0.5867346938775511 0.3132420091324201 0.5908163265306122 0.31598173515981737 0.6 0.3150684931506849 0.610204081632653 0.30776255707762556 0.610204081632653 0.2968036529680365 0.6020408163265306 0.2876712328767123
0 0.5775510204081633 0.3223744292237443 0.5673469387755102 0.3278538812785388 0.5653061224489796 0.33424657534246577 0.5673469387755102 0.3452054794520548 0.576530612244898 0.3515981735159817 0.5867346938775511 0.34794520547945207 0.5928571428571429 0.33972602739726027 0.5908163265306122 0.32602739726027397 0.5867346938775511 0.3223744292237443
0 0.6489795918367347 0.32054794520547947 0.639795918367347 0.3242009132420091 0.6377551020408163 0.33972602739726027 0.6438775510204081 0.3506849315068493 0.6540816326530612 0.35342465753424657 0.6642857142857143 0.3415525114155251 0.6653061224489796 0.33059360730593607 0.65 0.32054794520547947
0 0.6816326530612244 0.291324200913242 0.6724489795918367 0.2968036529680365 0.6693877551020408 0.3132420091324201 0.6755102040816326 0.3242009132420091 0.6908163265306122 0.3287671232876712 0.7030612244897959 0.32146118721461187 0.7051020408163265 0.3059360730593607 0.6969387755102041 0.29406392694063926 0.6857142857142857 0.291324200913242
0 0.7316326530612245 0.28127853881278536 0.7224489795918367 0.28493150684931506 0.7142857142857143 0.30228310502283107 0.7214285714285714 0.3187214611872146 0.7306122448979592 0.3242009132420091 0.7397959183673469 0.32511415525114157 0.7520408163265306 0.31598173515981737 0.7551020408163265 0.29863013698630136 0.75 0.2867579908675799 0.7387755102040816 0.28127853881278536
0 0.710204081632653 0.27123287671232876 0.6979591836734694 0.2776255707762557 0.6979591836734694 0.28401826484018267 0.7061224489795919 0.28949771689497716 0.7173469387755103 0.28493150684931506 0.7183673469387755 0.27488584474885847 0.713265306122449 0.27123287671232876
0 0.7423469387755102 0.2502283105022831 0.7346938775510204 0.2511415525114155 0.7214285714285714 0.2602739726027397 0.7214285714285714 0.26757990867579906 0.726530612244898 0.2730593607305936 0.7408163265306122 0.27579908675799086 0.7459183673469387 0.27214611872146116 0.7510204081632653 0.2547945205479452 0.7479591836734694 0.2502283105022831
0 0.7622448979591837 0.26757990867579906 0.7551020408163265 0.27214611872146116 0.7540816326530613 0.27945205479452057 0.7571428571428571 0.2867579908675799 0.7653061224489796 0.28949771689497716 0.7744897959183673 0.2821917808219178 0.7724489795918368 0.2730593607305936 0.7653061224489796 0.26757990867579906
0 0.7683673469387755 0.2365296803652968 0.7612244897959184 0.24383561643835616 0.7612244897959184 0.2557077625570776 0.7683673469387755 0.2639269406392694 0.7775510204081633 0.2639269406392694 0.7877551020408163 0.2557077625570776 0.789795918367347 0.2465753424657534 0.7836734693877551 0.23926940639269406 0.7765306122448979 0.2365296803652968
0 0.7755102040816326 0.2922374429223744 0.7663265306122449 0.29863013698630136 0.763265306122449 0.30684931506849317 0.7642857142857142 0.3141552511415525 0.7714285714285715 0.3223744292237443 0.7795918367346939 0.32054794520547947 0.7877551020408163 0.3050228310502283 0.7877551020408163 0.2968036529680365 0.7795918367346939 0.2922374429223744
0 0.7418367346938776 0.32968036529680367 0.736734693877551 0.3333333333333333 0.7357142857142858 0.3415525114155251 0.7377551020408163 0.34794520547945207 0.7438775510204082 0.3515981735159817 0.7551020408163265 0.3452054794520548 0.7540816326530613 0.33424657534246577 0.7479591836734694 0.32968036529680367
0 0.7255102040816327 0.34885844748858447 0.7173469387755103 0.354337899543379 0.7142857142857143 0.3634703196347032 0.7163265306122449 0.3689497716894977 0.726530612244898 0.3744292237442922 0.7387755102040816 0.3634703196347032 0.7387755102040816 0.3552511415525114 0.7285714285714285 0.34885844748858447
0 0.6918367346938775 0.33424657534246577 0.6826530612244898 0.3415525114155251 0.6806122448979591 0.35251141552511417 0.6887755102040817 0.3589041095890411 0.7 0.3607305936073059 0.7061224489795919 0.35342465753424657 0.7081632653061225 0.3452054794520548 0.7061224489795919 0.33972602739726027 0.6969387755102041 0.33424657534246577
0 0.6612244897959184 0.3634703196347032 0.6510204081632653 0.37534246575342467 0.6510204081632653 0.382648401826484 0.6581632653061225 0.38904109589041097 0.6683673469387755 0.3881278538812785 0.676530612244898 0.3771689497716895 0.6755102040816326 0.3680365296803653 0.6673469387755102 0.3634703196347032
0 0.6857142857142857 0.3972602739726027 0.6785714285714286 0.39817351598173517 0.673469387755102 0.40365296803652967 0.6724489795918367 0.41643835616438357 0.676530612244898 0.4200913242009132 0.6846938775510204 0.4200913242009132 0.6948979591836735 0.4146118721461187 0.6969387755102041 0.4045662100456621 0.6908163265306122 0.3972602739726027
0 0.713265306122449 0.4045662100456621 0.7040816326530612 0.40821917808219177 0.7020408163265306 0.4146118721461187 0.7020408163265306 0.4228310502283105 0.7061224489795919 0.428310502283105 0.713265306122449 0.4273972602739726 0.7204081632653061 0.41735159817351597 0.7214285714285714 0.410958904109589 0.7163265306122449 0.4045662100456621
0 0.7336734693877551 0.382648401826484 0.726530612244898 0.38447488584474887 0.7234693877551021 0.38995433789954337 0.7336734693877551 0.39908675799086757 0.7408163265306122 0.39817351598173517 0.7448979591836735 0.39360730593607307 0.7418367346938776 0.382648401826484
0 0.7826530612244897 0.41643835616438357 0.7785714285714286 0.4191780821917808 0.7785714285714286 0.4246575342465753 0.7836734693877551 0.43561643835616437 0.789795918367347 0.4374429223744292 0.7948979591836735 0.434703196347032 0.7969387755102041 0.4246575342465753 0.7877551020408163 0.41643835616438357
0 0.789795918367347 0.3917808219178082 0.7826530612244897 0.3972602739726027 0.7826530612244897 0.4054794520547945 0.7857142857142857 0.4091324200913242 0.7959183673469388 0.410958904109589 0.8040816326530612 0.4054794520547945 0.8030612244897959 0.3972602739726027 0.7908163265306123 0.3926940639269406
0 0.7948979591836735 0.37168949771689497 0.789795918367347 0.3780821917808219 0.789795918367347 0.38447488584474887 0.7948979591836735 0.38995433789954337 0.8061224489795918 0.38538812785388127 0.810204081632653 0.37990867579908677 0.810204081632653 0.3744292237442922 0.8030612244897959 0.37168949771689497
0 0.810204081632653 0.3497716894977169 0.8 0.35342465753424657 0.7969387755102041 0.3598173515981735 0.7989795918367347 0.36621004566210047 0.8071428571428572 0.3680365296803653 0.8173469387755102 0.3643835616438356 0.8193877551020409 0.3552511415525114 0.8112244897959183 0.3497716894977169
0 0.8204081632653061 0.32511415525114157 0.8122448979591836 0.33424657534246577 0.8122448979591836 0.3415525114155251 0.8204081632653061 0.3461187214611872 0.8275510204081633 0.3424657534246575 0.8336734693877551 0.33424657534246577 0.8336734693877551 0.33059360730593607 0.8275510204081633 0.32511415525114157
0 0.8316326530612245 0.29771689497716897 0.8244897959183674 0.3050228310502283 0.8244897959183674 0.3141552511415525 0.8255102040816327 0.3187214611872146 0.8326530612244898 0.3232876712328767 0.8418367346938775 0.3223744292237443 0.8469387755102041 0.3178082191780822 0.8479591836734693 0.30319634703196346 0.8397959183673469 0.29771689497716897
0 0.7551020408163265 0.4018264840182648 0.75 0.4091324200913242 0.75 0.41643835616438357 0.7540816326530613 0.4191780821917808 0.7622448979591837 0.4136986301369863 0.7622448979591837 0.4045662100456621 0.7591836734693878 0.4018264840182648
0 0.7193877551020408 0.5269406392694064 0.7142857142857143 0.5315068493150685 0.713265306122449 0.5406392694063927 0.7204081632653061 0.5406392694063927 0.7234693877551021 0.5378995433789955 0.7224489795918367 0.5269406392694064
0 0.7193877551020408 0.5095890410958904 0.7153061224489796 0.5150684931506849 0.7163265306122449 0.5187214611872146 0.7234693877551021 0.5150684931506849 0.7204081632653061 0.5095890410958904
0 0.8551020408163266 0.27214611872146116 0.8408163265306122 0.2821917808219178 0.8448979591836735 0.29315068493150687 0.8561224489795919 0.29406392694063926 0.8663265306122448 0.28949771689497716 0.8693877551020408 0.27945205479452057 0.8622448979591837 0.27214611872146116
0 0.8561224489795919 0.24383561643835616 0.8479591836734693 0.2493150684931507 0.8479591836734693 0.2593607305936073 0.8520408163265306 0.26575342465753427 0.8653061224489796 0.26575342465753427 0.8734693877551021 0.25844748858447486 0.8734693877551021 0.25205479452054796 0.8693877551020408 0.2465753424657534 0.860204081632653 0.24383561643835616
0 0.6908163265306122 0.21095890410958903 0.6816326530612244 0.21552511415525114 0.6785714285714286 0.2273972602739726 0.6846938775510204 0.2356164383561644 0.6938775510204082 0.23926940639269406 0.7061224489795919 0.2356164383561644 0.7112244897959183 0.2273972602739726 0.7081632653061225 0.21552511415525114 0.7 0.21095890410958903
0 0.7020408163265306 0.24840182648401826 0.6948979591836735 0.25662100456621006 0.6948979591836735 0.26210045662100456 0.6979591836734694 0.2639269406392694 0.7112244897959183 0.25844748858447486 0.713265306122449 0.2511415525114155 0.710204081632653 0.24840182648401826
0 0.7581632653061224 0.2045662100456621 0.746938775510204 0.21095890410958903 0.7397959183673469 0.2191780821917808 0.7438775510204082 0.2374429223744292 0.7551020408163265 0.2374429223744292 0.7673469387755102 0.228310502283105 0.7653061224489796 0.2091324200913242 0.7591836734693878 0.2045662100456621
0 0.7448979591836735 0.1598173515981735 0.7316326530612245 0.16529680365296803 0.726530612244898 0.17442922374429223 0.7275510204081632 0.18904109589041096 0.7408163265306122 0.20182648401826483 0.75 0.20182648401826483 0.7602040816326531 0.1954337899543379 0.7653061224489796 0.1780821917808219 0.7622448979591837 0.1680365296803653 0.7540816326530613 0.16164383561643836 0.7459183673469387 0.16073059360730593
0 0.7020408163265306 0.16712328767123288 0.6836734693877551 0.16986301369863013 0.6755102040816326 0.17899543378995433 0.6775510204081633 0.1954337899543379 0.6846938775510204 0.20273972602739726 0.6948979591836735 0.2054794520547945 0.7081632653061225 0.2045662100456621 0.7183673469387755 0.1954337899543379 0.7193877551020408 0.1817351598173516 0.7142857142857143 0.17168949771689498 0.7071428571428572 0.16712328767123288
0 0.7234693877551021 0.2009132420091324 0.7183673469387755 0.2054794520547945 0.7173469387755103 0.2146118721461187 0.7244897959183674 0.22100456621004566 0.7295918367346939 0.22100456621004566 0.7336734693877551 0.2182648401826484 0.7357142857142858 0.2100456621004566 0.726530612244898 0.2009132420091324
0 0.6857142857142857 0.11963470319634703 0.6744897959183673 0.1278538812785388 0.6714285714285714 0.14063926940639268 0.6816326530612244 0.1598173515981735 0.6969387755102041 0.16073059360730593 0.7061224489795919 0.1552511415525114 0.7091836734693877 0.13607305936073058 0.7 0.1223744292237443 0.689795918367347 0.11963470319634703
0 0.6693877551020408 0.07853881278538813 0.6571428571428571 0.08493150684931507 0.65 0.10136986301369863 0.6612244897959184 0.11506849315068493 0.6795918367346939 0.1178082191780822 0.689795918367347 0.1095890410958904 0.6918367346938775 0.091324200913242 0.689795918367347 0.08584474885844749 0.6775510204081633 0.07853881278538813
0 0.6387755102040816 0.1095890410958904 0.6255102040816326 0.11598173515981736 0.6244897959183674 0.12420091324200913 0.6316326530612245 0.13607305936073058 0.6448979591836734 0.13881278538812786 0.6551020408163265 0.13150684931506848 0.6551020408163265 0.1187214611872146 0.6428571428571429 0.1095890410958904
0 0.7602040816326531 0.09954337899543379 0.7510204081632653 0.1004566210045662 0.7418367346938776 0.11232876712328767 0.7428571428571429 0.1232876712328767 0.7551020408163265 0.13333333333333333 0.7663265306122449 0.13333333333333333 0.7755102040816326 0.12511415525114156 0.7765306122448979 0.11141552511415526 0.7663265306122449 0.09954337899543379
0 0.7173469387755103 0.1187214611872146 0.7142857142857143 0.13150684931506848 0.7183673469387755 0.14063926940639268 0.7234693877551021 0.14337899543378996 0.7295918367346939 0.1415525114155251 0.7326530612244898 0.13607305936073058 0.7316326530612245 0.12420091324200913 0.7244897959183674 0.1187214611872146
0 0.7795918367346939 0.06757990867579909 0.7683673469387755 0.0730593607305936 0.7642857142857142 0.08127853881278539 0.7653061224489796 0.08767123287671233 0.773469387755102 0.1004566210045662 0.7908163265306123 0.10410958904109589 0.8 0.09406392694063927 0.8020408163265306 0.08127853881278539 0.7938775510204081 0.07214611872146119 0.7816326530612245 0.06757990867579909
0 0.8183673469387756 0.07031963470319634 0.810204081632653 0.0776255707762557 0.810204081632653 0.0821917808219178 0.8163265306122449 0.09315068493150686 0.8275510204081633 0.09771689497716896 0.8346938775510204 0.09315068493150686 0.8357142857142857 0.08310502283105023 0.823469387755102 0.07031963470319634
0 0.8826530612244898 0.15616438356164383 0.8755102040816326 0.15799086757990868 0.8683673469387755 0.1643835616438356 0.8693877551020408 0.17625570776255708 0.8765306122448979 0.182648401826484 0.8908163265306123 0.17990867579908676 0.8969387755102041 0.17168949771689498 0.8969387755102041 0.1634703196347032 0.8908163265306123 0.15616438356164383
0 0.8918367346938776 0.12511415525114156 0.8785714285714286 0.1278538812785388 0.8795918367346939 0.14063926940639268 0.886734693877551 0.14885844748858448 0.8969387755102041 0.14703196347031963 0.9030612244897959 0.136986301369863 0.8938775510204081 0.12511415525114156
0 0.7826530612244897 0.1780821917808219 0.7744897959183673 0.1817351598173516 0.7704081632653061 0.19360730593607306 0.7714285714285715 0.19908675799086759 0.7816326530612245 0.2045662100456621 0.7857142857142857 0.20273972602739726 0.7918367346938775 0.18447488584474886 0.789795918367347 0.1780821917808219
0 0.8183673469387756 0.2146118721461187 0.8061224489795918 0.2219178082191781 0.8051020408163265 0.23013698630136986 0.8091836734693878 0.23470319634703196 0.8183673469387756 0.23470319634703196 0.826530612244898 0.2273972602739726 0.8255102040816327 0.217351598173516 0.8214285714285714 0.2146118721461187
0 0.813265306122449 0.18812785388127853 0.8061224489795918 0.1954337899543379 0.8040816326530612 0.20730593607305936 0.8071428571428572 0.2100456621004566 0.8204081632653061 0.20273972602739726 0.8214285714285714 0.19452054794520549 0.8173469387755102 0.18812785388127853
0 0.7857142857142857 0.2694063926940639 0.7806122448979592 0.273972602739726 0.7816326530612245 0.2821917808219178 0.7938775510204081 0.2876712328767123 0.7979591836734694 0.28401826484018267 0.7979591836734694 0.27579908675799086 0.7908163265306123 0.2694063926940639
0 0.6153061224489796 0.22465753424657534 0.6071428571428571 0.23378995433789954 0.6081632653061224 0.24383561643835616 0.6214285714285714 0.2493150684931507 0.6295918367346939 0.2493150684931507 0.6316326530612245 0.23013698630136986 0.6163265306122448 0.22465753424657534
0 0.48673469387755103 0.053881278538812784 0.4806122448979592 0.05662100456621005 0.4775510204081633 0.0639269406392694 0.4775510204081633 0.06940639269406393 0.4826530612244898 0.07488584474885844 0.4887755102040816 0.07397260273972603 0.49489795918367346 0.06757990867579909 0.49489795918367346 0.058447488584474884 0.4887755102040816 0.053881278538812784
0 0.5142857142857142 0.052054794520547946 0.5040816326530613 0.05662100456621005 0.5040816326530613 0.06666666666666667 0.5081632653061224 0.07397260273972603 0.5183673469387755 0.07853881278538813 0.5285714285714286 0.07123287671232877 0.5265306122448979 0.0593607305936073 0.5193877551020408 0.052054794520547946
0 0.5051020408163265 0.010958904109589041 0.49387755102040815 0.019178082191780823 0.49183673469387756 0.029223744292237442 0.4959183673469388 0.03744292237442922 0.5040816326530613 0.043835616438356165 0.5163265306122449 0.04474885844748858 0.5244897959183673 0.034703196347031964 0.5265306122448979 0.025570776255707764 0.5224489795918368 0.0182648401826484 0.5091836734693878 0.010958904109589041
0 0.4826530612244898 0.034703196347031964 0.47959183673469385 0.038356164383561646 0.47959183673469385 0.04657534246575343 0.4826530612244898 0.049315068493150684 0.49081632653061225 0.043835616438356165 0.4846938775510204 0.034703196347031964
0 0.5428571428571428 0.011872146118721462 0.536734693877551 0.0136986301369863 0.5336734693877551 0.0182648401826484 0.5336734693877551 0.033789954337899546 0.5387755102040817 0.039269406392694065 0.5469387755102041 0.039269406392694065 0.5520408163265306 0.0319634703196347 0.5520408163265306 0.01643835616438356 0.5489795918367347 0.012785388127853882 0.5438775510204081 0.012785388127853882
0 0.5775510204081633 0.011872146118721462 0.5714285714285714 0.0136986301369863 0.5642857142857143 0.0228310502283105 0.5653061224489796 0.03744292237442922 0.576530612244898 0.053881278538812784 0.5897959183673469 0.0547945205479452 0.5959183673469388 0.0502283105022831 0.6 0.038356164383561646 0.5928571428571429 0.0182648401826484 0.5785714285714286 0.011872146118721462
0 0.5479591836734694 0.052054794520547946 0.539795918367347 0.05662100456621005 0.5387755102040817 0.07031963470319634 0.5530612244897959 0.07671232876712329 0.5622448979591836 0.06757990867579909 0.560204081632653 0.05570776255707763 0.5561224489795918 0.052054794520547946
0 0.5285714285714286 0.07671232876712329 0.5214285714285715 0.08493150684931507 0.5285714285714286 0.09041095890410959 0.5346938775510204 0.09041095890410959 0.539795918367347 0.0867579908675799 0.539795918367347 0.08310502283105023 0.5326530612244897 0.07671232876712329
0 0.55 0.09041095890410959 0.536734693877551 0.10136986301369863 0.5357142857142857 0.108675799086758 0.5418367346938775 0.11963470319634703 0.5520408163265306 0.11963470319634703 0.563265306122449 0.10136986301369863 0.5612244897959183 0.091324200913242 0.5520408163265306 0.09223744292237443
0 0.6091836734693877 0.08036529680365297 0.6 0.08584474885844749 0.5918367346938775 0.09863013698630137 0.6020408163265306 0.11598173515981736 0.6183673469387755 0.1132420091324201 0.6265306122448979 0.10319634703196347 0.6183673469387755 0.08401826484018265 0.613265306122449 0.08036529680365297
0 0.6081632653061224 0.04474885844748858 0.6 0.0547945205479452 0.6071428571428571 0.06757990867579909 0.6142857142857143 0.07031963470319634 0.6244897959183674 0.0639269406392694 0.6265306122448979 0.052968036529680365 0.6204081632653061 0.04657534246575343 0.6122448979591837 0.04474885844748858
0 0.6581632653061225 0.010958904109589041 0.6459183673469387 0.014611872146118721 0.6418367346938776 0.024657534246575342 0.6438775510204081 0.039269406392694065 0.6510204081632653 0.043835616438356165 0.6571428571428571 0.042922374429223746 0.6642857142857143 0.03287671232876712 0.6653061224489796 0.01643835616438356 0.6612244897959184 0.010958904109589041
0 0.6744897959183673 0.045662100456621 0.6663265306122449 0.0502283105022831 0.6622448979591836 0.0593607305936073 0.6632653061224489 0.06757990867579909 0.6673469387755102 0.07214611872146119 0.6816326530612244 0.07214611872146119 0.6877551020408164 0.06757990867579909 0.6887755102040817 0.052968036529680365 0.6806122448979591 0.045662100456621
0 0.6989795918367347 0.06666666666666667 0.6948979591836735 0.07123287671232877 0.6969387755102041 0.08493150684931507 0.7112244897959183 0.08949771689497717 0.7163265306122449 0.08493150684931507 0.7173469387755103 0.07397260273972603 0.7061224489795919 0.06666666666666667
0 0.7224489795918367 0.09041095890410959 0.7163265306122449 0.10136986301369863 0.7183673469387755 0.10684931506849316 0.7244897959183674 0.11050228310502283 0.7326530612244898 0.108675799086758 0.736734693877551 0.10228310502283106 0.736734693877551 0.09497716894977169 0.7295918367346939 0.09041095890410959
0 0.726530612244898 0.023744292237442923 0.7122448979591837 0.026484018264840183 0.7051020408163265 0.03561643835616438 0.7091836734693877 0.053881278538812784 0.7204081632653061 0.0639269406392694 0.7377551020408163 0.06027397260273973 0.746938775510204 0.047488584474885846 0.7418367346938776 0.031050228310502283 0.7275510204081632 0.024657534246575342
0 0.7622448979591837 0.04200913242009133 0.753061224489796 0.049315068493150684 0.7540816326530613 0.06027397260273973 0.7622448979591837 0.06484018264840183 0.7744897959183673 0.0639269406392694 0.7795918367346939 0.058447488584474884 0.7775510204081633 0.048401826484018265 0.7714285714285715 0.04200913242009133
0 0.7377551020408163 0.06757990867579909 0.7285714285714285 0.0730593607305936 0.7275510204081632 0.08127853881278539 0.736734693877551 0.08949771689497717 0.7448979591836735 0.08949771689497717 0.7540816326530613 0.08401826484018265 0.7551020408163265 0.07579908675799087 0.75 0.0684931506849315 0.7397959183673469 0.06757990867579909
0 0.7877551020408163 0.0228310502283105 0.7795918367346939 0.034703196347031964 0.7795918367346939 0.042922374429223746 0.7857142857142857 0.047488584474885846 0.7948979591836735 0.045662100456621 0.8 0.04018264840182648 0.8 0.0273972602739726 0.7928571428571428 0.0228310502283105
0 0.7938775510204081 0 0.773469387755102 0 0.7775510204081633 0.011872146118721462 0.7877551020408163 0.01643835616438356 0.7959183673469388 0.014611872146118721 0.7989795918367347 0
0 0.7510204081632653 0.0091324200913242 0.746938775510204 0.014611872146118721 0.7489795918367347 0.029223744292237442 0.7520408163265306 0.033789954337899546 0.7622448979591837 0.034703196347031964 0.7693877551020408 0.025570776255707764 0.7673469387755102 0.015525114155251141 0.7602040816326531 0.0091324200913242
0 0.7263265306122448 0 0.7051020408163265 0 0.7061224489795919 0.01004566210045662 0.7112244897959183 0.01643835616438356 0.726530612244898 0.01643835616438356 0.7306122448979592 0.010958904109589041 0.7316326530612245 0
0 0.7928571428571428 0.052968036529680365 0.7908163265306123 0.057534246575342465 0.7938775510204081 0.06301369863013699 0.8030612244897959 0.0684931506849315 0.8061224489795918 0.06575342465753424 0.8061224489795918 0.0593607305936073 0.7979591836734694 0.052968036529680365
0 0.8112244897959183 0.0319634703196347 0.8071428571428572 0.0365296803652968 0.8071428571428572 0.045662100456621 0.813265306122449 0.052968036529680365 0.8183673469387756 0.053881278538812784 0.8224489795918367 0.0502283105022831 0.8224489795918367 0.042922374429223746 0.8142857142857143 0.0319634703196347
0 0.8408163265306122 0.0593607305936073 0.8357142857142857 0.062100456621004566 0.8346938775510204 0.06666666666666667 0.8408163265306122 0.07671232876712329 0.8459183673469388 0.07853881278538813 0.8479591836734693 0.06575342465753424 0.8438775510204082 0.0593607305936073
0 0.8561224489795919 0.0410958904109589 0.8489795918367347 0.04657534246575343 0.8510204081632653 0.057534246575342465 0.8551020408163266 0.06118721461187215 0.8612244897959184 0.06027397260273973 0.8683673469387755 0.052054794520547946 0.8673469387755102 0.045662100456621 0.8571428571428571 0.04200913242009133
0 0.8714285714285714 0.058447488584474884 0.8673469387755102 0.06118721461187215 0.8663265306122448 0.07031963470319634 0.8704081632653061 0.07488584474885844 0.8806122448979592 0.07579908675799087 0.8826530612244898 0.06027397260273973 0.8744897959183674 0.058447488584474884
0 0.7806122448979592 0.13607305936073058 0.773469387755102 0.14246575342465753 0.7724489795918368 0.15159817351598173 0.7785714285714286 0.1589041095890411 0.7887755102040817 0.1598173515981735 0.7928571428571428 0.15342465753424658 0.7928571428571428 0.14520547945205478 0.7857142857142857 0.13607305936073058
0 0.7163265306122449 0.1506849315068493 0.7122448979591837 0.16073059360730593 0.7193877551020408 0.1680365296803653 0.7234693877551021 0.16255707762557078 0.7204081632653061 0.1506849315068493
0 0.7438775510204082 0.136986301369863 0.7336734693877551 0.1461187214611872 0.736734693877551 0.1552511415525114 0.746938775510204 0.154337899543379 0.7438775510204082 0.13789954337899543
0 0.7928571428571428 0.108675799086758 0.7826530612244897 0.1141552511415525 0.7826530612244897 0.12511415525114156 0.7908163265306123 0.12511415525114156 0.7969387755102041 0.12146118721461187 0.8 0.11506849315068493 0.7938775510204081 0.108675799086758
0 0.8051020408163265 0.12511415525114156 0.7989795918367347 0.136986301369863 0.8071428571428572 0.14429223744292238 0.8163265306122449 0.13515981735159818 0.8163265306122449 0.12876712328767123 0.8122448979591836 0.12511415525114156
0 0.813265306122449 0.108675799086758 0.8091836734693878 0.11050228310502283 0.8091836734693878 0.11689497716894977 0.813265306122449 0.11963470319634703 0.8204081632653061 0.11598173515981736 0.8163265306122449 0.108675799086758
0 0.8428571428571429 0.19360730593607306 0.8377551020408164 0.20365296803652969 0.8438775510204082 0.2091324200913242 0.8510204081632653 0.2045662100456621 0.8510204081632653 0.1954337899543379 0.8479591836734693 0.19360730593607306
0 0.863265306122449 0.1908675799086758 0.8591836734693877 0.1954337899543379 0.8591836734693877 0.20273972602739726 0.8642857142857143 0.2054794520547945 0.8704081632653061 0.20273972602739726 0.8734693877551021 0.1963470319634703 0.8673469387755102 0.1908675799086758
0 0.8275510204081633 0.1680365296803653 0.826530612244898 0.17899543378995433 0.8346938775510204 0.1817351598173516 0.8377551020408164 0.17534246575342466 0.8316326530612245 0.1680365296803653
0 0.8071428571428572 0.1552511415525114 0.8010204081632653 0.16712328767123288 0.8020408163265306 0.17899543378995433 0.8081632653061225 0.1780821917808219 0.813265306122449 0.17168949771689498 0.8142857142857143 0.1598173515981735 0.8112244897959183 0.1552511415525114
0 0.8408163265306122 0.12968036529680366 0.8336734693877551 0.13789954337899543 0.8326530612244898 0.14703196347031963 0.8357142857142857 0.15159817351598173 0.8408163265306122 0.14977168949771688 0.8448979591836735 0.14246575342465753 0.8459183673469388 0.13515981735159818 0.8428571428571429 0.12968036529680366
0 0.863265306122449 0.017351598173515982 0.8571428571428571 0.021917808219178082 0.8571428571428571 0.0319634703196347 0.8693877551020408 0.034703196347031964 0.8734693877551021 0.030136986301369864 0.8734693877551021 0.021917808219178082 0.8663265306122448 0.017351598173515982
0 0.823469387755102 0 0.8183673469387756 0.00821917808219178 0.8214285714285714 0.0136986301369863 0.8306122448979592 0.011872146118721462 0.8275510204081633 0
0 0.563265306122449 0 0.5571428571428572 0 0.5530612244897959 0.00821917808219178 0.5571428571428572 0.0136986301369863 0.5622448979591836 0.0136986301369863 0.5704081632653061 0.00821917808219178 0.5693877551020409 0
0 0.5265306122448979 0 0.5193877551020408 0 0.5153061224489796 0.005479452054794521 0.5153061224489796 0.00821917808219178 0.5255102040816326 0.014611872146118721 0.5336734693877551 0.012785388127853882 0.536734693877551 0.005479452054794521 0.5336734693877551 0
0 0.507823469387755 0 0.4969387755102041 0.0018264840182648401 0.5010204081632653 0.006392694063926941 0.5051020408163265 0.006392694063926941 0.513265306122449 0
0 0.5472785714285714 0 0.5357142857142857 0.0018264840182648401 0.5469387755102041 0.005479452054794521 0.5530612244897959 0
0 0.2 0.4054794520547945 0.19387755102040816 0.410958904109589 0.19795918367346937 0.42191780821917807 0.2030612244897959 0.42191780821917807 0.20816326530612245 0.4155251141552511 0.20510204081632652 0.40730593607305937 0.2010204081632653 0.4063926940639269
0 0.022448979591836733 0.6127853881278539 0.013265306122448979 0.6146118721461187 0.006122448979591836 0.6200913242009133 0.014285714285714285 0.6465753424657534 0.027551020408163266 0.6493150684931507 0.04081632653061224 0.645662100456621 0.04591836734693878 0.6401826484018265 0.04387755102040816 0.6200913242009133 0.030612244897959183 0.6127853881278539
0 0.7581632653061224 0.35342465753424657 0.75 0.3552511415525114 0.7459183673469387 0.36164383561643837 0.753061224489796 0.37534246575342467 0.7591836734693878 0.37168949771689497 0.763265306122449 0.36255707762557077 0.763265306122449 0.35707762557077627 0.7591836734693878 0.354337899543379
0 0.7673469387755102 0.3315068493150685 0.763265306122449 0.33972602739726027 0.763265306122449 0.34794520547945207 0.7663265306122449 0.3506849315068493 0.773469387755102 0.34337899543378997 0.7724489795918368 0.3315068493150685
0 0.8663265306122448 0.2273972602739726 0.860204081632653 0.23013698630136986 0.8561224489795919 0.2410958904109589 0.8765306122448979 0.2410958904109589 0.8775510204081632 0.23470319634703196 0.8704081632653061 0.2273972602739726
0 0.8489795918367347 0.22922374429223744 0.8448979591836735 0.2374429223744292 0.8489795918367347 0.2447488584474886 0.8561224489795919 0.2410958904109589 0.8551020408163266 0.22922374429223744
0 0.12551020408163266 0.719634703196347 0.11734693877551021 0.7223744292237443 0.11632653061224489 0.7278538812785388 0.11938775510204082 0.7324200913242009 0.12857142857142856 0.7296803652968037 0.12959183673469388 0.7223744292237443 0.12653061224489795 0.719634703196347
0 0.23265306122448978 0.4383561643835616 0.22755102040816327 0.4465753424657534 0.23061224489795917 0.4520547945205479 0.23877551020408164 0.4520547945205479 0.24387755102040817 0.4484018264840183 0.24387755102040817 0.4420091324200913 0.23979591836734693 0.4383561643835616
0 0.19285714285714287 0.45662100456621 0.18775510204081633 0.45844748858447487 0.186734693877551 0.46757990867579907 0.2 0.4712328767123288 0.20510204081632652 0.46757990867579907 0.20612244897959184 0.4602739726027397 0.19693877551020408 0.45662100456621
0 0.15612244897959185 0.473972602739726 0.1510204081632653 0.4867579908675799 0.1540816326530612 0.4904109589041096 0.16122448979591836 0.4904109589041096 0.1663265306122449 0.4831050228310502 0.1653061224489796 0.4767123287671233 0.16020408163265307 0.473972602739726
0 0.19591836734693877 0.5634703196347032 0.18979591836734694 0.5671232876712329 0.19081632653061226 0.5753424657534246 0.2010204081632653 0.5835616438356165 0.20714285714285716 0.5789954337899543 0.20816326530612245 0.5689497716894977 0.1989795918367347 0.5634703196347032
0 0.1336734693877551 0.5598173515981735 0.12755102040816327 0.5707762557077626 0.14081632653061224 0.5789954337899543 0.14795918367346939 0.5698630136986301 0.13877551020408163 0.5598173515981735
0 0 0.6904109589041096 0 0.7214611872146118 0.007142857142857143 0.7059360730593607 0.006122448979591836 0.6977168949771689 0.0010204081632653062 0.6904109589041096
0 0 0.7433789954337899 0 0.7662100456621005 0.007142857142857143 0.7552511415525114 0.006122448979591836 0.7479452054794521 0.0010204081632653062 0.7433789954337899