0 0.11872909698996656 0.8530701754385965 0.1109253065774805 0.8541666666666666 0.10702341137123746 0.8585526315789473 0.10813823857302118 0.8662280701754386 0.11594202898550725 0.8711622807017544 0.12430323299888517 0.8689692982456141 0.12876254180602006 0.862390350877193 0.12764771460423635 0.8574561403508771 0.12040133779264214 0.8530701754385965
0 0.12987736900780378 0.8426535087719298 0.12709030100334448 0.8464912280701754 0.1265328874024526 0.8519736842105263 0.13043478260869565 0.8574561403508771 0.14046822742474915 0.8591008771929824 0.14492753623188406 0.8569078947368421 0.14771460423634336 0.8525219298245614 0.14771460423634336 0.8481359649122807 0.14214046822742474 0.8442982456140351 0.13210702341137123 0.8426535087719298
0 0.07302118171683389 0.8574561403508771 0.06298773690078038 0.862390350877193 0.06243032329988852 0.8722587719298246 0.0641025641025641 0.8744517543859649 0.07190635451505016 0.8744517543859649 0.07803790412486064 0.8700657894736842 0.07971014492753623 0.8612938596491229 0.07525083612040134 0.8574561403508771
0 0.08472686733556299 0.8673245614035088 0.08193979933110368 0.8695175438596491 0.08138238573021182 0.8766447368421053 0.0875139353400223 0.881578947368421 0.09141583054626533 0.8804824561403509 0.09587513935340022 0.8739035087719298 0.0947603121516165 0.8706140350877193 0.08918617614269789 0.8673245614035088
0 0.10144927536231885 0.8640350877192983 0.09754738015607581 0.8662280701754386 0.09587513935340022 0.8700657894736842 0.09754738015607581 0.8739035087719298 0.1020066889632107 0.8760964912280702 0.10702341137123746 0.8728070175438597 0.1064659977703456 0.8673245614035088 0.10256410256410256 0.8640350877192983
0 0.09531772575250837 0.8464912280701754 0.08807134894091416 0.8486842105263158 0.08361204013377926 0.8552631578947368 0.08807134894091416 0.8629385964912281 0.09643255295429208 0.8629385964912281 0.10256410256410256 0.8591008771929824 0.10423634336677814 0.8525219298245614 0.10256410256410256 0.8486842105263158 0.09587513935340022 0.8470394736842105
0 0.120958751393534 0.8360745614035088 0.1109253065774805 0.8404605263157895 0.10758082497212931 0.8442982456140351 0.1064659977703456 0.8486842105263158 0.11204013377926421 0.8514254385964912 0.12263099219620958 0.8492324561403509 0.12709030100334448 0.8415570175438597 0.12374581939799331 0.8360745614035088
0 0.14046822742474915 0.825109649122807 0.13377926421404682 0.8267543859649122 0.1282051282051282 0.8305921052631579 0.12764771460423635 0.8355263157894737 0.12931995540691194 0.8382675438596491 0.1326644370122631 0.8399122807017544 0.1426978818283166 0.8399122807017544 0.15105908584169453 0.837171052631579 0.15328874024526198 0.8344298245614035 0.15328874024526198 0.8305921052631579 0.1505016722408027 0.8273026315789473 0.14325529542920848 0.825109649122807
0 0.06020066889632107 0.8382675438596491 0.05518394648829431 0.8415570175438597 0.05351170568561873 0.8492324561403509 0.05518394648829431 0.8552631578947368 0.06075808249721293 0.8585526315789473 0.06465997770345597 0.8580043859649122 0.06856187290969899 0.8519736842105263 0.06911928651059086 0.8421052631578947 0.0641025641025641 0.8382675438596491
0 0.10144927536231885 0.8289473684210527 0.09141583054626533 0.8322368421052632 0.08974358974358974 0.8344298245614035 0.08974358974358974 0.8388157894736842 0.09197324414715718 0.8426535087719298 0.09977703455964325 0.84375 0.10758082497212931 0.8388157894736842 0.10925306577480491 0.8344298245614035 0.10312151616499443 0.8289473684210527
0 0.11984392419175027 0.7927631578947368 0.11259754738015608 0.7949561403508771 0.1064659977703456 0.8031798245614035 0.10702341137123746 0.8103070175438597 0.11259754738015608 0.8163377192982456 0.12374581939799331 0.8152412280701754 0.12987736900780378 0.8103070175438597 0.13043478260869565 0.799890350877193 0.12318840579710146 0.7927631578947368
0 0.09866220735785954 0.8114035087719298 0.09587513935340022 0.8135964912280702 0.09308807134894091 0.8201754385964912 0.09308807134894091 0.8245614035087719 0.09587513935340022 0.8278508771929824 0.09866220735785954 0.8283991228070176 0.1064659977703456 0.8240131578947368 0.10925306577480491 0.8174342105263158 0.10590858416945373 0.8130482456140351 0.1020066889632107 0.8114035087719298
0 0.07748049052396878 0.8163377192982456 0.06856187290969899 0.8207236842105263 0.06521739130434782 0.8273026315789473 0.06465997770345597 0.831140350877193 0.06633221850613155 0.8344298245614035 0.07079152731326645 0.8377192982456141 0.08082497212931995 0.8366228070175439 0.08639910813823858 0.831140350877193 0.08695652173913043 0.8207236842105263 0.08472686733556299 0.8174342105263158 0.07971014492753623 0.8163377192982456
0 0.05016722408026756 0.8234649122807017 0.04403567447045708 0.8283991228070176 0.04124860646599777 0.8377192982456141 0.04292084726867335 0.8421052631578947 0.051839464882943144 0.8410087719298246 0.055741360089186176 0.8377192982456141 0.059085841694537344 0.8278508771929824 0.057971014492753624 0.825109649122807 0.054626532887402456 0.8234649122807017
0 0.06020066889632107 0.7916666666666666 0.055741360089186176 0.7944078947368421 0.051839464882943144 0.8015350877192983 0.051839464882943144 0.8179824561403509 0.05406911928651059 0.8212719298245614 0.05964325529542921 0.8207236842105263 0.06800445930880714 0.8152412280701754 0.07357859531772576 0.8103070175438597 0.07525083612040134 0.805921052631579 0.07357859531772576 0.7966008771929824 0.06800445930880714 0.7922149122807017 0.06243032329988852 0.7916666666666666
0 0.18004459308807136 0.8020833333333334 0.17447045707915274 0.8031798245614035 0.16833890746934224 0.8086622807017544 0.1677814938684504 0.8141447368421053 0.17112597547380157 0.8174342105263158 0.17837235228539577 0.8196271929824561 0.18896321070234115 0.8174342105263158 0.189520624303233 0.8081140350877193 0.18283166109253066 0.8020833333333334
0 0.14715719063545152 0.7966008771929824 0.13935340022296544 0.799890350877193 0.13768115942028986 0.8141447368421053 0.14381270903010032 0.8185307017543859 0.15496098104793757 0.819078947368421 0.15774804905239687 0.8174342105263158 0.15997770345596432 0.8114035087719298 0.1588628762541806 0.8015350877192983 0.1544035674470457 0.7976973684210527 0.14771460423634336 0.7966008771929824
0 0.13322185061315497 0.7768640350877193 0.12876254180602006 0.7856359649122807 0.13043478260869565 0.7905701754385965 0.13489409141583056 0.793859649122807 0.14381270903010032 0.7922149122807017 0.14771460423634336 0.7856359649122807 0.14604236343366778 0.7785087719298246 0.14381270903010032 0.7768640350877193 0.1343366778149387 0.7768640350877193
0 0.15774804905239687 0.7763157894736842 0.15551839464882944 0.7779605263157895 0.15328874024526198 0.7845394736842105 0.15607580824972128 0.7949561403508771 0.15997770345596432 0.7976973684210527 0.1705685618729097 0.7987938596491229 0.17447045707915274 0.793859649122807 0.17279821627647715 0.7845394736842105 0.16109253065774806 0.7763157894736842
0 0.1948160535117057 0.78125 0.18840579710144928 0.7817982456140351 0.18171683389074694 0.7856359649122807 0.18115942028985507 0.7916666666666666 0.18450390189520624 0.7982456140350878 0.19286510590858416 0.8004385964912281 0.1995540691192865 0.7987938596491229 0.2028985507246377 0.7960526315789473 0.20457079152731328 0.7933114035087719 0.2040133779264214 0.7861842105263158 0.1978818283166109 0.78125
0 0.10423634336677814 0.768640350877193 0.09420289855072464 0.7713815789473685 0.08807134894091416 0.7790570175438597 0.0903010033444816 0.7894736842105263 0.09420289855072464 0.7933114035087719 0.1020066889632107 0.7966008771929824 0.11315496098104794 0.7922149122807017 0.11705685618729098 0.7856359649122807 0.11482720178372352 0.7752192982456141 0.1064659977703456 0.768640350877193
0 0.04013377926421405 0.7850877192982456 0.036231884057971016 0.7889254385964912 0.03400222965440357 0.7949561403508771 0.03400222965440357 0.799890350877193 0.038461538461538464 0.8037280701754386 0.04626532887402453 0.8015350877192983 0.05128205128205128 0.7933114035087719 0.049609810479375696 0.7872807017543859 0.04069119286510591 0.7850877192982456
0 0.029542920847268672 0.8092105263157895 0.023968784838350056 0.8135964912280702 0.0189520624303233 0.8245614035087719 0.020624303232998884 0.8283991228070176 0.027313266443701228 0.8327850877192983 0.03400222965440357 0.8316885964912281 0.04069119286510591 0.825109649122807 0.04013377926421405 0.8130482456140351 0.037346711259754736 0.8103070175438597 0.030100334448160536 0.8092105263157895
0 0.09643255295429208 0.7467105263157895 0.07803790412486064 0.7494517543859649 0.07413600891861762 0.7521929824561403 0.07413600891861762 0.7593201754385965 0.08305462653288741 0.7658991228070176 0.0947603121516165 0.7653508771929824 0.1020066889632107 0.7615131578947368 0.1064659977703456 0.7560307017543859 0.10590858416945373 0.75 0.10089186176142698 0.7467105263157895
0 0.07079152731326645 0.7730263157894737 0.06298773690078038 0.7779605263157895 0.061872909698996656 0.7828947368421053 0.0641025641025641 0.7867324561403509 0.07413600891861762 0.7916666666666666 0.07803790412486064 0.787828947368421 0.07915273132664437 0.7796052631578947 0.07692307692307693 0.7752192982456141 0.07190635451505016 0.7730263157894737
0 0.017837235228539576 0.7905701754385965 0.00947603121516165 0.7927631578947368 0.002787068004459309 0.799890350877193 0.005016722408026756 0.8108552631578947 0.013377926421404682 0.8146929824561403 0.0189520624303233 0.8135964912280702 0.024526198439241916 0.805921052631579 0.02564102564102564 0.7927631578947368 0.01950947603121516 0.7905701754385965
0 0.021739130434782608 0.7637061403508771 0.017279821627647716 0.7658991228070176 0.00947603121516165 0.7757675438596491 0.007803790412486065 0.7828947368421053 0.011705685618729096 0.7867324561403509 0.028985507246376812 0.7867324561403509 0.03400222965440357 0.7845394736842105 0.038461538461538464 0.7796052631578947 0.036231884057971016 0.7691885964912281 0.03177257525083612 0.7653508771929824 0.026198439241917504 0.7637061403508771
0 0.004459308807134894 0.8157894736842105 0 0.8179824561403509 0 0.8327850877192983 0.006131549609810479 0.8316885964912281 0.01282051282051282 0.8234649122807017 0.013377926421404682 0.8201754385964912 0.007246376811594203 0.8157894736842105
0 0.014492753623188406 0.831140350877193 0.008361204013377926 0.8333333333333334 0 0.8426535087719298 0 0.8519736842105263 0.0039018952062430325 0.8547149122807017 0.011705685618729096 0.8552631578947368 0.01839464882943144 0.8497807017543859 0.021181716833890748 0.837171052631579 0.020066889632107024 0.8333333333333334 0.016722408026755852 0.831140350877193
0 0.07079152731326645 0.6370614035087719 0.06354515050167224 0.6387061403508771 0.05964325529542921 0.6419956140350878 0.05852842809364549 0.6485745614035088 0.06075808249721293 0.6524122807017544 0.06744704570791528 0.6524122807017544 0.07748049052396878 0.6469298245614035 0.07803790412486064 0.6398026315789473 0.0713489409141583 0.6370614035087719
0 0.06995540691192866 0.6189692982456141 0.06354515050167224 0.6195175438596491 0.05741360089186176 0.6233552631578947 0.056856187290969896 0.6310307017543859 0.05852842809364549 0.6337719298245614 0.0641025641025641 0.6354166666666666 0.07413600891861762 0.6321271929824561 0.07692307692307693 0.6288377192982456 0.07748049052396878 0.6228070175438597 0.07357859531772576 0.6189692982456141
0 0.0451505016722408 0.6189692982456141 0.036231884057971016 0.6217105263157895 0.033444816053511704 0.6244517543859649 0.033444816053511704 0.6359649122807017 0.044593088071348944 0.6370614035087719 0.05016722408026756 0.6337719298245614 0.05239687848383501 0.6271929824561403 0.051839464882943144 0.6222587719298246 0.046822742474916385 0.6189692982456141
0 0.020066889632107024 0.6222587719298246 0.015050167224080268 0.6228070175438597 0.006131549609810479 0.6277412280701754 0.0039018952062430325 0.6337719298245614 0.005574136008918618 0.6387061403508771 0.012263099219620958 0.6398026315789473 0.022296544035674472 0.637609649122807 0.027313266443701228 0.6277412280701754 0.026198439241917504 0.6239035087719298 0.022853957636566332 0.6222587719298246
0 0.017837235228539576 0.643640350877193 0.010033444816053512 0.6452850877192983 0.0033444816053511705 0.649671052631579 0.0039018952062430325 0.6578947368421053 0.011148272017837236 0.6600877192982456 0.01950947603121516 0.6578947368421053 0.022853957636566332 0.6518640350877193 0.022853957636566332 0.6474780701754386 0.0189520624303233 0.643640350877193
0 0.044407469342251954 0.6414473684210527 0.036231884057971016 0.6419956140350878 0.03177257525083612 0.6452850877192983 0.029542920847268672 0.6540570175438597 0.03121516164994426 0.6573464912280702 0.03511705685618729 0.6584429824561403 0.04793756967670011 0.6551535087719298 0.050724637681159424 0.6518640350877193 0.05128205128205128 0.6458333333333334 0.04738015607580825 0.6414473684210527
0 0.07302118171683389 0.6573464912280702 0.06243032329988852 0.6606359649122807 0.06020066889632107 0.6661184210526315 0.061872909698996656 0.6732456140350878 0.07190635451505016 0.674890350877193 0.07971014492753623 0.6699561403508771 0.08193979933110368 0.6644736842105263 0.07971014492753623 0.6600877192982456 0.07469342251950947 0.6573464912280702
0 0.12430323299888517 0.6222587719298246 0.11538461538461539 0.6244517543859649 0.11204013377926421 0.6293859649122807 0.11148272017837235 0.6332236842105263 0.11594202898550725 0.6419956140350878 0.12374581939799331 0.6414473684210527 0.13043478260869565 0.6365131578947368 0.13210702341137123 0.6293859649122807 0.12709030100334448 0.6222587719298246
0 0.11259754738015608 0.6041666666666666 0.10869565217391304 0.6058114035087719 0.10367892976588629 0.612390350877193 0.1064659977703456 0.6206140350877193 0.1109253065774805 0.6228070175438597 0.11984392419175027 0.6206140350877193 0.1254180602006689 0.6129385964912281 0.12486064659977704 0.6085526315789473 0.12207357859531773 0.6058114035087719 0.11371237458193979 0.6041666666666666
0 0.09308807134894091 0.6118421052631579 0.08361204013377926 0.6145833333333334 0.07971014492753623 0.6195175438596491 0.0802675585284281 0.6266447368421053 0.08416945373467112 0.6310307017543859 0.09587513935340022 0.6288377192982456 0.1020066889632107 0.6239035087719298 0.10144927536231885 0.6151315789473685 0.09587513935340022 0.6118421052631579
0 0.15384615384615385 0.6085526315789473 0.1443701226309922 0.6112938596491229 0.13935340022296544 0.6156798245614035 0.13879598662207357 0.6233552631578947 0.14381270903010032 0.6310307017543859 0.15663322185061315 0.6282894736842105 0.16109253065774806 0.6244517543859649 0.16276477146042365 0.6200657894736842 0.1616499442586399 0.6129385964912281 0.15551839464882944 0.6085526315789473
0 0.1354515050167224 0.5959429824561403 0.13043478260869565 0.5981359649122807 0.12764771460423635 0.6019736842105263 0.12709030100334448 0.6085526315789473 0.12987736900780378 0.612390350877193 0.13768115942028986 0.6107456140350878 0.1426978818283166 0.6058114035087719 0.1426978818283166 0.5986842105263158 0.14046822742474915 0.5959429824561403
0 0.15217391304347827 0.5904605263157895 0.14492753623188406 0.5948464912280702 0.14492753623188406 0.6014254385964912 0.14771460423634336 0.6047149122807017 0.15496098104793757 0.6052631578947368 0.15942028985507245 0.6019736842105263 0.15997770345596432 0.5948464912280702 0.15774804905239687 0.5915570175438597 0.1544035674470457 0.5904605263157895
0 0.18338907469342253 0.5964912280701754 0.17447045707915274 0.600328947368421 0.17001114827201783 0.606359649122807 0.1705685618729097 0.6167763157894737 0.1750278706800446 0.6206140350877193 0.18338907469342253 0.6200657894736842 0.189520624303233 0.6129385964912281 0.189520624303233 0.600328947368421 0.18617614269788182 0.5964912280701754
0 0.1688963210702341 0.5838815789473685 0.16220735785953178 0.5915570175438597 0.16443701226309923 0.600328947368421 0.1716833890746934 0.5981359649122807 0.17391304347826086 0.5953947368421053 0.17558528428093645 0.587171052631579 0.17224080267558528 0.5838815789473685
0 0.1850613154960981 0.5783991228070176 0.18115942028985507 0.5800438596491229 0.17837235228539577 0.5838815789473685 0.1794871794871795 0.5910087719298246 0.1850613154960981 0.59375 0.189520624303233 0.5926535087719298 0.19342251950947603 0.5882675438596491 0.19286510590858416 0.5816885964912281 0.18617614269788182 0.5783991228070176
0 0.205685618729097 0.575109649122807 0.1995540691192865 0.5773026315789473 0.19732441471571907 0.5805921052631579 0.19732441471571907 0.5882675438596491 0.1995540691192865 0.5904605263157895 0.2068004459308807 0.5904605263157895 0.21237458193979933 0.5849780701754386 0.2129319955406912 0.5778508771929824 0.2068004459308807 0.575109649122807
0 0.2229654403567447 0.5597587719298246 0.21683389074693424 0.5635964912280702 0.21460423634336678 0.5701754385964912 0.2157190635451505 0.5762061403508771 0.2201783723522854 0.5805921052631579 0.22742474916387959 0.5789473684210527 0.2318840579710145 0.5745614035087719 0.2318840579710145 0.5652412280701754 0.22742474916387959 0.5597587719298246
0 0.23355629877369008 0.5789473684210527 0.22909698996655517 0.581140350877193 0.22630992196209587 0.587171052631579 0.22686733556298774 0.5915570175438597 0.2302118171683389 0.5948464912280702 0.23801560758082496 0.59375 0.2408026755852843 0.5888157894736842 0.2391304347826087 0.5805921052631579 0.23522853957636566 0.5789473684210527
0 0.20958751393534003 0.5915570175438597 0.2028985507246377 0.5964912280701754 0.20066889632107024 0.6019736842105263 0.20178372352285395 0.606359649122807 0.20624303232998886 0.6096491228070176 0.2129319955406912 0.6085526315789473 0.21850613154960982 0.5992324561403509 0.21794871794871795 0.5942982456140351 0.2140468227424749 0.5915570175438597
0 0.09866220735785954 0.649671052631579 0.09364548494983277 0.6529605263157895 0.09085841694537347 0.6573464912280702 0.09085841694537347 0.6639254385964912 0.0947603121516165 0.6661184210526315 0.1020066889632107 0.6655701754385965 0.10813823857302118 0.6589912280701754 0.10813823857302118 0.6540570175438597 0.10256410256410256 0.649671052631579
0 0.019788182831661092 0.7225877192982456 0.015050167224080268 0.7231359649122807 0.010590858416945374 0.7269736842105263 0.010590858416945374 0.7379385964912281 0.013377926421404682 0.7423245614035088 0.017837235228539576 0.7450657894736842 0.030100334448160536 0.7456140350877193 0.03511705685618729 0.7412280701754386 0.03455964325529543 0.7297149122807017 0.03121516164994426 0.725328947368421 0.022853957636566332 0.7225877192982456
0 0.30992196209587514 0.7319078947368421 0.3032329988851728 0.7379385964912281 0.30211817168338906 0.7450657894736842 0.30379041248606464 0.7549342105263158 0.310479375696767 0.7593201754385965 0.3249721293199554 0.7560307017543859 0.32831661092530656 0.7494517543859649 0.32831661092530656 0.7439692982456141 0.3249721293199554 0.7384868421052632 0.3171683389074693 0.7324561403508771 0.31382385730211815 0.7319078947368421
0 0.28595317725752506 0.7330043859649122 0.2792642140468227 0.7406798245614035 0.27814938684503904 0.7450657894736842 0.28037904124860646 0.7478070175438597 0.28037904124860646 0.7521929824561403 0.2898550724637681 0.7571271929824561 0.2976588628762542 0.7543859649122807 0.2987736900780379 0.7478070175438597 0.29654403567447046 0.7384868421052632 0.28762541806020064 0.7330043859649122
0 0.2987736900780379 0.7604166666666666 0.2909698996655518 0.7653508771929824 0.28762541806020064 0.7719298245614035 0.28818283166109254 0.7741228070175439 0.2909698996655518 0.7790570175438597 0.2954292084726867 0.7817982456140351 0.3071348940914158 0.7828947368421053 0.3149386845039019 0.7790570175438597 0.3166109253065775 0.7757675438596491 0.3110367892976589 0.7653508771929824 0.3032329988851728 0.7604166666666666
0 0.27591973244147155 0.756578947368421 0.2709030100334448 0.7593201754385965 0.2670011148272018 0.7653508771929824 0.2653288740245262 0.7730263157894737 0.2686733556298774 0.7763157894736842 0.2798216276477146 0.7741228070175439 0.28372352285395763 0.7702850877192983 0.2870680044593088 0.7620614035087719 0.2798216276477146 0.756578947368421
0 0.2753623188405797 0.7779605263157895 0.26421404682274247 0.7828947368421053 0.2625418060200669 0.7861842105263158 0.26421404682274247 0.7911184210526315 0.2753623188405797 0.7927631578947368 0.28372352285395763 0.7883771929824561 0.28651059085841696 0.7856359649122807 0.28651059085841696 0.7823464912280702 0.2798216276477146 0.7779605263157895
0 0.2552954292084727 0.7680921052631579 0.2463768115942029 0.7730263157894737 0.241917502787068 0.7817982456140351 0.24358974358974358 0.7867324561403509 0.25752508361204013 0.7845394736842105 0.2608695652173913 0.7823464912280702 0.2625418060200669 0.7790570175438597 0.2625418060200669 0.7719298245614035 0.25863991081382387 0.7680921052631579
0 0.24860646599777034 0.7225877192982456 0.23634336677814938 0.7302631578947368 0.23411371237458195 0.7341008771929824 0.2346711259754738 0.743421052631579 0.2408026755852843 0.7483552631578947 0.2508361204013378 0.7461622807017544 0.2564102564102564 0.7406798245614035 0.25863991081382387 0.7297149122807017 0.2564102564102564 0.7247807017543859 0.25195094760312153 0.7225877192982456
0 0.23392809364548495 0.706140350877193 0.2246376811594203 0.7066885964912281 0.22129319955406912 0.7094298245614035 0.22129319955406912 0.7176535087719298 0.22630992196209587 0.7242324561403509 0.23411371237458195 0.7242324561403509 0.2480490523968785 0.7138157894736842 0.2491638795986622 0.7094298245614035 0.24749163879598662 0.7072368421052632 0.23745819397993312 0.706140350877193
0 0.20345596432552954 0.7028508771929824 0.19286510590858416 0.7044956140350878 0.189520624303233 0.7077850877192983 0.1878483835005574 0.7143640350877193 0.189520624303233 0.7198464912280702 0.19230769230769232 0.7220394736842105 0.20011148272017837 0.7231359649122807 0.21014492753623187 0.7171052631578947 0.21237458193979933 0.7072368421052632 0.20624303232998886 0.7028508771929824
0 0.15997770345596432 0.7192982456140351 0.15551839464882944 0.7220394736842105 0.15328874024526198 0.7264254385964912 0.15328874024526198 0.7346491228070176 0.1505016722408027 0.7384868421052632 0.1527313266443701 0.743421052631579 0.15774804905239687 0.7483552631578947 0.16833890746934224 0.75 0.1778149386845039 0.7445175438596491 0.18171683389074694 0.7395833333333334 0.18338907469342253 0.7341008771929824 0.18004459308807136 0.7264254385964912 0.17391304347826086 0.7242324561403509 0.16945373467112598 0.7192982456140351 0.16387959866220736 0.7192982456140351
0 0.225752508361204 0.8278508771929824 0.21906354515050167 0.8338815789473685 0.22073578595317725 0.8393640350877193 0.2329988851727982 0.84375 0.23857302118171683 0.8426535087719298 0.24358974358974358 0.8382675438596491 0.24358974358974358 0.8344298245614035 0.23801560758082496 0.8294956140350878 0.2302118171683389 0.8278508771929824
0 0.21516164994425863 0.8415570175438597 0.20958751393534003 0.8432017543859649 0.2068004459308807 0.8475877192982456 0.20903010033444816 0.8508771929824561 0.2129319955406912 0.8525219298245614 0.22129319955406912 0.8497807017543859 0.22129319955406912 0.8442982456140351 0.21906354515050167 0.8415570175438597
0 0.21739130434782608 0.8541666666666666 0.21460423634336678 0.856359649122807 0.2140468227424749 0.8596491228070176 0.2157190635451505 0.8640350877192983 0.21962095875139354 0.8662280701754386 0.22742474916387959 0.862390350877193 0.22630992196209587 0.8585526315789473 0.22129319955406912 0.8541666666666666
0 0.2547380156075808 0.8327850877192983 0.2491638795986622 0.8344298245614035 0.24749163879598662 0.8426535087719298 0.25027870680044595 0.8470394736842105 0.25808249721293197 0.8486842105263158 0.2608695652173913 0.8459429824561403 0.26031215161649945 0.8399122807017544 0.2591973244147157 0.8355263157894737 0.2552954292084727 0.8333333333333334
0 0.16109253065774806 0.8596491228070176 0.15607580824972128 0.8629385964912281 0.15496098104793757 0.8662280701754386 0.1544035674470457 0.8700657894736842 0.15719063545150502 0.8739035087719298 0.16443701226309923 0.8728070175438597 0.1688963210702341 0.8662280701754386 0.1677814938684504 0.862390350877193 0.16220735785953178 0.8596491228070176
0 0.13322185061315497 0.8662280701754386 0.12876254180602006 0.8695175438596491 0.1282051282051282 0.8733552631578947 0.1326644370122631 0.8788377192982456 0.13768115942028986 0.8793859649122807 0.14214046822742474 0.8766447368421053 0.1426978818283166 0.8717105263157895 0.1415830546265329 0.8689692982456141 0.13712374581939799 0.8662280701754386
0 0.1505016722408027 0.8711622807017544 0.14659977703455965 0.8728070175438597 0.1443701226309922 0.8766447368421053 0.14381270903010032 0.8804824561403509 0.14659977703455965 0.8832236842105263 0.15105908584169453 0.8837719298245614 0.15384615384615385 0.8804824561403509 0.15496098104793757 0.8755482456140351 0.15105908584169453 0.8711622807017544
0 0.1544035674470457 0.8459429824561403 0.15105908584169453 0.8486842105263158 0.14994425863991082 0.8541666666666666 0.14994425863991082 0.8574561403508771 0.1527313266443701 0.8591008771929824 0.15719063545150502 0.8585526315789473 0.15997770345596432 0.8530701754385965 0.1588628762541806 0.8475877192982456 0.15551839464882944 0.8459429824561403
0 0.19175027870680045 0.856359649122807 0.1850613154960981 0.8591008771929824 0.18394648829431437 0.8629385964912281 0.18561872909698995 0.8645833333333334 0.19342251950947603 0.8656798245614035 0.19843924191750278 0.862390350877193 0.19732441471571907 0.8580043859649122 0.19342251950947603 0.856359649122807
0 0.11036789297658862 0.8739035087719298 0.10758082497212931 0.875 0.1064659977703456 0.8804824561403509 0.10813823857302118 0.8843201754385965 0.11259754738015608 0.8865131578947368 0.11538461538461539 0.8859649122807017 0.11817168338907469 0.881578947368421 0.11761426978818283 0.8766447368421053 0.11315496098104794 0.8739035087719298
0 0.11984392419175027 0.8865131578947368 0.1164994425863991 0.8898026315789473 0.1164994425863991 0.8941885964912281 0.11928651059085842 0.8969298245614035 0.12374581939799331 0.8969298245614035 0.1265328874024526 0.8903508771929824 0.12486064659977704 0.887609649122807 0.120958751393534 0.8865131578947368
0 0.09866220735785954 0.8782894736842105 0.09420289855072464 0.8832236842105263 0.0947603121516165 0.8903508771929824 0.10256410256410256 0.8914473684210527 0.1064659977703456 0.8870614035087719 0.10423634336677814 0.8804824561403509 0.10089186176142698 0.8782894736842105
0 0.08472686733556299 0.8865131578947368 0.0802675585284281 0.8903508771929824 0.08472686733556299 0.8969298245614035 0.08974358974358974 0.8952850877192983 0.09253065774804906 0.8903508771929824 0.09085841694537347 0.887609649122807 0.08639910813823858 0.8865131578947368
0 0.22742474916387959 0.7955043859649122 0.221850613154961 0.799890350877193 0.21850613154960982 0.8070175438596491 0.22352285395763657 0.8130482456140351 0.23132664437012262 0.8114035087719298 0.23690078037904125 0.8042763157894737 0.23690078037904125 0.799890350877193 0.23132664437012262 0.7955043859649122
0 0.2686733556298774 0.7955043859649122 0.26477146042363436 0.7955043859649122 0.25975473801560756 0.7982456140350878 0.2569676700111483 0.8026315789473685 0.25808249721293197 0.8103070175438597 0.2630992196209587 0.8146929824561403 0.26811594202898553 0.8157894736842105 0.27424749163879597 0.8135964912280702 0.27759197324414714 0.8081140350877193 0.2770345596432553 0.7993421052631579 0.2725752508361204 0.7955043859649122
0 0.28929765886287623 0.8070175438596491 0.2798216276477146 0.8141447368421053 0.2792642140468227 0.8185307017543859 0.2831661092530658 0.8223684210526315 0.2931995540691193 0.8223684210526315 0.29654403567447046 0.8185307017543859 0.2971014492753623 0.8135964912280702 0.2954292084726867 0.8103070175438597 0.2898550724637681 0.8070175438596491
0 0.2954292084726867 0.825109649122807 0.2915273132664437 0.8262061403508771 0.28818283166109254 0.831140350877193 0.2887402452619844 0.8349780701754386 0.2931995540691193 0.8393640350877193 0.2993311036789298 0.8382675438596491 0.3032329988851728 0.8349780701754386 0.30211817168338906 0.8283991228070176 0.29654403567447046 0.825109649122807
0 0.28205128205128205 0.8377192982456141 0.2770345596432553 0.8415570175438597 0.2770345596432553 0.8470394736842105 0.2814938684503902 0.850328947368421 0.2887402452619844 0.8453947368421053 0.28818283166109254 0.8399122807017544 0.2842809364548495 0.8377192982456141
0 0.19007803790412486 0.8212719298245614 0.18338907469342253 0.8229166666666666 0.18004459308807136 0.8273026315789473 0.18115942028985507 0.8349780701754386 0.1850613154960981 0.8377192982456141 0.19007803790412486 0.837171052631579 0.1967670011148272 0.8283991228070176 0.19620958751393533 0.8240131578947368 0.19286510590858416 0.8212719298245614
0 0.015050167224080268 0.8574561403508771 0.008361204013377926 0.8591008771929824 0.007246376811594203 0.8662280701754386 0.011148272017837236 0.8722587719298246 0.01839464882943144 0.8722587719298246 0.023411371237458192 0.8695175438596491 0.024526198439241916 0.862390350877193 0.0189520624303233 0.8574561403508771
0 0.044593088071348944 0.8459429824561403 0.04069119286510591 0.8486842105263158 0.04013377926421405 0.8585526315789473 0.042363433667781496 0.8618421052631579 0.048494983277591976 0.8585526315789473 0.05016722408026756 0.8481359649122807 0.04793756967670011 0.8459429824561403
0 0.045707915273132664 0.8941885964912281 0.04069119286510591 0.8974780701754386 0.04069119286510591 0.9040570175438597 0.045707915273132664 0.9084429824561403 0.049609810479375696 0.9078947368421053 0.052954292084726864 0.9024122807017544 0.05128205128205128 0.8958333333333334 0.04793756967670011 0.8941885964912281
0 0.07413600891861762 0.8887061403508771 0.06911928651059086 0.8908991228070176 0.06744704570791528 0.8969298245614035 0.06911928651059086 0.8991228070175439 0.07469342251950947 0.9002192982456141 0.07859531772575251 0.8974780701754386 0.07859531772575251 0.8930921052631579 0.07636566332218506 0.8908991228070176
0 0.08305462653288741 0.899671052631579 0.07525083612040134 0.9018640350877193 0.07302118171683389 0.9057017543859649 0.07748049052396878 0.9095394736842105 0.08472686733556299 0.9100877192982456 0.08918617614269789 0.9046052631578947 0.08472686733556299 0.899671052631579
0 0.09866220735785954 0.9133771929824561 0.09253065774804906 0.9172149122807017 0.09085841694537347 0.9221491228070176 0.09364548494983277 0.9287280701754386 0.10089186176142698 0.930921052631579 0.10590858416945373 0.9292763157894737 0.10869565217391304 0.9254385964912281 0.10702341137123746 0.9166666666666666 0.10256410256410256 0.9133771929824561
0 0.08138238573021182 0.918859649122807 0.0758082497212932 0.9216008771929824 0.07413600891861762 0.9292763157894737 0.07803790412486064 0.9336622807017544 0.08416945373467112 0.9342105263157895 0.08974358974358974 0.9303728070175439 0.0903010033444816 0.9265350877192983 0.08639910813823858 0.9199561403508771 0.08193979933110368 0.9194078947368421
0 0.06633221850613155 0.9237938596491229 0.059085841694537344 0.9287280701754386 0.05964325529542921 0.9331140350877193 0.06243032329988852 0.9358552631578947 0.06577480490523968 0.9353070175438597 0.07079152731326645 0.930921052631579 0.07079152731326645 0.9259868421052632 0.06800445930880714 0.9237938596491229
0 0.05016722408026756 0.9265350877192983 0.046822742474916385 0.9292763157894737 0.045707915273132664 0.9331140350877193 0.04793756967670011 0.9380482456140351 0.05239687848383501 0.9407894736842105 0.05629877369007804 0.9396929824561403 0.059085841694537344 0.9358552631578947 0.059085841694537344 0.9320175438596491 0.05406911928651059 0.9265350877192983
0 0.036231884057971016 0.9314692982456141 0.03288740245261984 0.9336622807017544 0.03121516164994426 0.9385964912280702 0.033444816053511704 0.9457236842105263 0.036231884057971016 0.9473684210526315 0.04292084726867335 0.9462719298245614 0.045707915273132664 0.9396929824561403 0.04403567447045708 0.9347587719298246 0.04013377926421405 0.9314692982456141
0 0.024526198439241916 0.9375 0.020066889632107024 0.9402412280701754 0.0189520624303233 0.9468201754385965 0.021739130434782608 0.9512061403508771 0.028985507246376812 0.9517543859649122 0.033444816053511704 0.9457236842105263 0.030100334448160536 0.9396929824561403 0.026198439241917504 0.9375
0 0.021739130434782608 0.8991228070175439 0.013935340022296544 0.9057017543859649 0.01282051282051282 0.9111842105263158 0.015050167224080268 0.9133771929824561 0.020066889632107024 0.9139254385964912 0.02508361204013378 0.9111842105263158 0.026198439241917504 0.9035087719298246 0.022296544035674472 0.8991228070175439
0 0.03567447045707915 0.8865131578947368 0.026755852842809364 0.8908991228070176 0.026755852842809364 0.8980263157894737 0.03455964325529543 0.8991228070175439 0.0379041248606466 0.8974780701754386 0.039576365663322184 0.8892543859649122 0.036231884057971016 0.8865131578947368
0 0.07357859531772576 0.8771929824561403 0.06911928651059086 0.8799342105263158 0.06800445930880714 0.8832236842105263 0.07413600891861762 0.8887061403508771 0.07748049052396878 0.8881578947368421 0.07971014492753623 0.8848684210526315 0.07971014492753623 0.8799342105263158 0.07748049052396878 0.8771929824561403
0 0.008361204013377926 0.8739035087719298 0 0.8744517543859649 0 0.8881578947368421 0.010033444816053512 0.8832236842105263 0.011705685618729096 0.8766447368421053 0.00947603121516165 0.875
0 0.03511705685618729 0.8607456140350878 0.030100334448160536 0.8629385964912281 0.027313266443701228 0.8689692982456141 0.032329988851727984 0.875 0.03678929765886288 0.875 0.03901895206243032 0.8717105263157895 0.03901895206243032 0.8629385964912281 0.036231884057971016 0.8607456140350878
0 0.14214046822742474 0.9018640350877193 0.13823857302118173 0.9067982456140351 0.13823857302118173 0.9117324561403509 0.14325529542920848 0.9166666666666666 0.14715719063545152 0.9166666666666666 0.15217391304347827 0.912828947368421 0.1516164994425864 0.9073464912280702 0.14715719063545152 0.9018640350877193
0 0.11426978818283166 0.9117324561403509 0.10758082497212931 0.9183114035087719 0.11148272017837235 0.924890350877193 0.11761426978818283 0.9259868421052632 0.12263099219620958 0.9232456140350878 0.12374581939799331 0.9177631578947368 0.12040133779264214 0.9133771929824561 0.1164994425863991 0.9117324561403509
0 0.12987736900780378 0.90625 0.12430323299888517 0.9111842105263158 0.12430323299888517 0.9177631578947368 0.12876254180602006 0.9210526315789473 0.13322185061315497 0.9216008771929824 0.13823857302118173 0.9183114035087719 0.13823857302118173 0.9144736842105263 0.1354515050167224 0.9089912280701754 0.13043478260869565 0.9067982456140351
0 0.15607580824972128 0.9007675438596491 0.1516164994425864 0.9046052631578947 0.15328874024526198 0.9089912280701754 0.1588628762541806 0.9117324561403509 0.1633221850613155 0.9095394736842105 0.16443701226309923 0.9046052631578947 0.15830546265328874 0.9007675438596491
0 0.17391304347826086 0.8914473684210527 0.17001114827201783 0.8925438596491229 0.16610925306577481 0.8969298245614035 0.16555183946488294 0.9040570175438597 0.1677814938684504 0.9057017543859649 0.17725752508361203 0.9029605263157895 0.1794871794871795 0.8963815789473685 0.17558528428093645 0.8914473684210527
0 0.19509476031215162 0.8854166666666666 0.18450390189520624 0.8898026315789473 0.18394648829431437 0.8958333333333334 0.18561872909698995 0.8980263157894737 0.1956521739130435 0.899671052631579 0.20234113712374582 0.8969298245614035 0.2028985507246377 0.8925438596491229 0.20122630992196208 0.8892543859649122 0.19620958751393533 0.8854166666666666
0 0.23522853957636566 0.8793859649122807 0.23132664437012262 0.8837719298245614 0.2318840579710145 0.8903508771929824 0.24024526198439242 0.893640350877193 0.24470457079152733 0.8903508771929824 0.24470457079152733 0.8865131578947368 0.24247491638795987 0.8821271929824561 0.23801560758082496 0.8793859649122807
0 0.25195094760312153 0.8782894736842105 0.24749163879598662 0.8832236842105263 0.24749163879598662 0.887609649122807 0.2491638795986622 0.8903508771929824 0.2547380156075808 0.8919956140350878 0.2591973244147157 0.8892543859649122 0.25975473801560756 0.8859649122807017 0.2591973244147157 0.8804824561403509 0.25585284280936454 0.8782894736842105
0 0.26755852842809363 0.8733552631578947 0.2636566332218506 0.8760964912280702 0.26198439241917504 0.8826754385964912 0.2636566332218506 0.8903508771929824 0.26644370122630995 0.8919956140350878 0.2753623188405797 0.8903508771929824 0.27591973244147155 0.8881578947368421 0.27647714604236345 0.8821271929824561 0.27424749163879597 0.8760964912280702 0.27034559643255296 0.8733552631578947
0 0.28205128205128205 0.8656798245614035 0.2770345596432553 0.8689692982456141 0.2753623188405797 0.8771929824561403 0.27759197324414714 0.8826754385964912 0.2826086956521739 0.8854166666666666 0.28929765886287623 0.8832236842105263 0.29208472686733555 0.8804824561403509 0.29208472686733555 0.8728070175438597 0.28651059085841696 0.8656798245614035
0 0.2976588628762542 0.8645833333333334 0.29375696767001114 0.8673245614035088 0.29264214046822745 0.8706140350877193 0.2954292084726867 0.8771929824561403 0.2987736900780379 0.8788377192982456 0.3054626532887402 0.8744517543859649 0.3049052396878484 0.8689692982456141 0.3004459308807135 0.8645833333333334
0 0.31075808249721293 0.7982456140350878 0.3015607580824972 0.799890350877193 0.2976588628762542 0.8037280701754386 0.3004459308807135 0.8097587719298246 0.30824972129319955 0.8108552631578947 0.31438127090301005 0.8075657894736842 0.31828316610925306 0.8026315789473685 0.31828316610925306 0.799890350877193 0.31438127090301005 0.7982456140350878
0 0.3338907469342252 0.8081140350877193 0.32998885172798215 0.8103070175438597 0.32887402452619846 0.8179824561403509 0.3377926421404682 0.8212719298245614 0.3433667781493868 0.8174342105263158 0.342809364548495 0.8103070175438597 0.33890746934225197 0.8081140350877193
0 0.3210702341137124 0.8097587719298246 0.31605351170568563 0.8119517543859649 0.3115942028985507 0.8174342105263158 0.3171683389074693 0.8201754385964912 0.32274247491638797 0.8185307017543859 0.3249721293199554 0.8157894736842105 0.3249721293199554 0.8114035087719298 0.3216276477146042 0.8103070175438597
0 0.3272017837235229 0.8207236842105263 0.32274247491638797 0.8223684210526315 0.3193979933110368 0.8273026315789473 0.3238573021181717 0.8316885964912281 0.33054626532887404 0.8283991228070176 0.3311036789297659 0.8240131578947368 0.32831661092530656 0.8207236842105263
0 0.310479375696767 0.8234649122807017 0.3054626532887402 0.8278508771929824 0.30657748049052397 0.8327850877192983 0.3088071348940914 0.8338815789473685 0.3110367892976589 0.8338815789473685 0.31549609810479373 0.8300438596491229 0.31605351170568563 0.8267543859649122 0.31382385730211815 0.8234649122807017
0 0.379041248606466 0.7987938596491229 0.3745819397993311 0.8004385964912281 0.3734671125975474 0.8064692982456141 0.37681159420289856 0.8125 0.3835005574136009 0.8125 0.38851727982162765 0.8086622807017544 0.3879598662207358 0.8026315789473685 0.3818283166109253 0.7987938596491229
0 0.3600891861761427 0.7872807017543859 0.35228539576365664 0.7905701754385965 0.3511705685618729 0.7960526315789473 0.3556298773690078 0.8009868421052632 0.36231884057971014 0.8037280701754386 0.3695652173913043 0.8009868421052632 0.3717948717948718 0.7966008771929824 0.3701226309921962 0.7916666666666666 0.36510590858416947 0.7872807017543859
0 0.3520066889632107 0.7768640350877193 0.34057971014492755 0.7807017543859649 0.33890746934225197 0.7823464912280702 0.33890746934225197 0.7861842105263158 0.34448160535117056 0.7883771929824561 0.35228539576365664 0.7872807017543859 0.35674470457079155 0.7834429824561403 0.35507246376811596 0.7768640350877193
0 0.326644370122631 0.7604166666666666 0.3193979933110368 0.7637061403508771 0.31995540691192864 0.7724780701754386 0.32608695652173914 0.7768640350877193 0.33890746934225197 0.7774122807017544 0.34169453734671124 0.7680921052631579 0.33835005574136007 0.7637061403508771 0.3311036789297659 0.7604166666666666
0 0.3232998885172798 0.7807017543859649 0.31549609810479373 0.7845394736842105 0.3132664437012263 0.7894736842105263 0.3149386845039019 0.7933114035087719 0.32441471571906355 0.7944078947368421 0.3294314381270903 0.7900219298245614 0.32998885172798215 0.7834429824561403 0.3249721293199554 0.7807017543859649
0 0.3716092530657748 0.7242324561403509 0.3656633221850613 0.7242324561403509 0.3556298773690078 0.7319078947368421 0.3534002229654404 0.7379385964912281 0.35507246376811596 0.7472587719298246 0.3573021181716834 0.7521929824561403 0.36231884057971014 0.7560307017543859 0.3801560758082497 0.7587719298245614 0.3851727982162765 0.7549342105263158 0.3879598662207358 0.7384868421052632 0.38461538461538464 0.7308114035087719 0.3745819397993311 0.7242324561403509
0 0.3795986622073579 0.6946271929824561 0.3690078037904125 0.6984649122807017 0.36399108138238573 0.706140350877193 0.36510590858416947 0.7132675438596491 0.3695652173913043 0.7176535087719298 0.3745819397993311 0.7192982456140351 0.38405797101449274 0.7176535087719298 0.39241917502787066 0.7099780701754386 0.39241917502787066 0.7023026315789473 0.3907469342251951 0.6995614035087719 0.3874024526198439 0.6962719298245614 0.3818283166109253 0.6946271929824561
0 0.3534002229654404 0.6787280701754386 0.3455964325529543 0.6820175438596491 0.3439241917502787 0.6853070175438597 0.3455964325529543 0.6913377192982456 0.35228539576365664 0.6962719298245614 0.3595317725752508 0.6957236842105263 0.36677814938684505 0.6885964912280702 0.3656633221850613 0.6831140350877193 0.35785953177257523 0.6787280701754386
0 0.34782608695652173 0.7050438596491229 0.34169453734671124 0.7055921052631579 0.3377926421404682 0.7083333333333334 0.33444816053511706 0.7171052631578947 0.3377926421404682 0.7247807017543859 0.34782608695652173 0.7291666666666666 0.3528428093645485 0.7291666666666666 0.36064659977703456 0.7236842105263158 0.36231884057971014 0.7171052631578947 0.35618729096989965 0.7083333333333334 0.34894091415830547 0.7050438596491229
0 0.39018952062430323 0.7900219298245614 0.3862876254180602 0.7933114035087719 0.38851727982162765 0.8004385964912281 0.39297658862876256 0.8042763157894737 0.3974358974358974 0.8037280701754386 0.4007803790412486 0.8009868421052632 0.4013377926421405 0.7960526315789473 0.39855072463768115 0.7922149122807017 0.3907469342251951 0.7900219298245614
0 0.3974358974358974 0.8300438596491229 0.39241917502787066 0.8327850877192983 0.39018952062430323 0.8377192982456141 0.391304347826087 0.8453947368421053 0.3963210702341137 0.8492324561403509 0.4080267558528428 0.8514254385964912 0.41304347826086957 0.8470394736842105 0.4124860646599777 0.8399122807017544 0.40858416945373466 0.8333333333333334 0.4013377926421405 0.8300438596491229
0 0.3656633221850613 0.8432017543859649 0.3617614269788183 0.8448464912280702 0.3595317725752508 0.8492324561403509 0.3612040133779264 0.856359649122807 0.36622073578595316 0.8591008771929824 0.3729096989966555 0.856359649122807 0.375139353400223 0.8525219298245614 0.375139353400223 0.8486842105263158 0.37068004459308806 0.8432017543859649
0 0.3511705685618729 0.8497807017543859 0.34615384615384615 0.8525219298245614 0.3455964325529543 0.8569078947368421 0.34782608695652173 0.8612938596491229 0.35228539576365664 0.8629385964912281 0.35785953177257523 0.8574561403508771 0.3556298773690078 0.8497807017543859
0 0.33612040133779264 0.8536184210526315 0.3272017837235229 0.8591008771929824 0.32831661092530656 0.8645833333333334 0.33444816053511706 0.8689692982456141 0.34169453734671124 0.8673245614035088 0.34448160535117056 0.8629385964912281 0.3439241917502787 0.8580043859649122 0.3411371237458194 0.8536184210526315
0 0.30992196209587514 0.8552631578947368 0.3076923076923077 0.8591008771929824 0.30824972129319955 0.8667763157894737 0.31438127090301005 0.8695175438596491 0.3216276477146042 0.8662280701754386 0.3238573021181717 0.862390350877193 0.3188405797101449 0.856359649122807 0.31215161649944256 0.8552631578947368
0 0.24358974358974358 0.84375 0.23690078037904125 0.8486842105263158 0.2408026755852843 0.8541666666666666 0.2480490523968785 0.8558114035087719 0.25139353400222963 0.8514254385964912 0.24526198439241917 0.84375
0 0.20234113712374582 0.8519736842105263 0.20011148272017837 0.8547149122807017 0.20066889632107024 0.8580043859649122 0.20624303232998886 0.8618421052631579 0.20958751393534003 0.8618421052631579 0.21237458193979933 0.8558114035087719 0.20624303232998886 0.8519736842105263
0 0.20624303232998886 0.8004385964912281 0.19509476031215162 0.8026315789473685 0.19119286510590858 0.805921052631579 0.19230769230769232 0.8152412280701754 0.1995540691192865 0.8152412280701754 0.21125975473801561 0.8070175438596491 0.21070234113712374 0.8020833333333334 0.2068004459308807 0.8004385964912281
0 0.18088071348940915 0.7598684210526315 0.17447045707915274 0.7609649122807017 0.1705685618729097 0.7675438596491229 0.17224080267558528 0.7735745614035088 0.1767001114827202 0.7763157894736842 0.18561872909698995 0.7757675438596491 0.18840579710144928 0.7713815789473685 0.189520624303233 0.7648026315789473 0.18450390189520624 0.7598684210526315
0 0.042363433667781496 0.7006578947368421 0.03678929765886288 0.7050438596491229 0.03678929765886288 0.7099780701754386 0.04292084726867335 0.7176535087719298 0.05016722408026756 0.7192982456140351 0.05406911928651059 0.7160087719298246 0.055741360089186176 0.7066885964912281 0.05351170568561873 0.7033991228070176 0.0451505016722408 0.7006578947368421
0 0.04422129319955407 0.6644736842105263 0.033444816053511704 0.6661184210526315 0.030100334448160536 0.6705043859649122 0.030100334448160536 0.674890350877193 0.036231884057971016 0.6781798245614035 0.04793756967670011 0.6754385964912281 0.05128205128205128 0.6705043859649122 0.05016722408026756 0.6661184210526315 0.04738015607580825 0.6644736842105263
0 0.25863991081382387 0.5625 0.25195094760312153 0.5663377192982456 0.2480490523968785 0.5718201754385965 0.2480490523968785 0.5778508771929824 0.25139353400222963 0.5805921052631579 0.2653288740245262 0.5773026315789473 0.2692307692307692 0.5745614035087719 0.26755852842809363 0.5652412280701754 0.25975473801560756 0.5625
0 0.24247491638795987 0.5531798245614035 0.23634336677814938 0.5548245614035088 0.23355629877369008 0.5597587719298246 0.2346711259754738 0.5635964912280702 0.2408026755852843 0.5696271929824561 0.24414715719063546 0.5685307017543859 0.24749163879598662 0.5630482456140351 0.24749163879598662 0.555921052631579 0.24526198439241917 0.5531798245614035
0 0.2608695652173913 0.5455043859649122 0.2508361204013378 0.5504385964912281 0.24972129319955408 0.5537280701754386 0.2525083612040134 0.5575657894736842 0.25808249721293197 0.5586622807017544 0.26477146042363436 0.555921052631579 0.2670011148272018 0.549890350877193 0.26198439241917504 0.5455043859649122
0 0.2809364548494983 0.5334429824561403 0.2736900780379041 0.5361842105263158 0.2697881828316611 0.5422149122807017 0.2709030100334448 0.5509868421052632 0.27591973244147155 0.5537280701754386 0.28372352285395763 0.5520833333333334 0.2898550724637681 0.5449561403508771 0.28929765886287623 0.5372807017543859 0.2831661092530658 0.5334429824561403
0 0.3093645484949833 0.5416666666666666 0.3015607580824972 0.5460526315789473 0.29821627647714605 0.5504385964912281 0.29821627647714605 0.5575657894736842 0.29988851727982163 0.5608552631578947 0.30657748049052397 0.5635964912280702 0.3149386845039019 0.5608552631578947 0.32051282051282054 0.5542763157894737 0.31828316610925306 0.5455043859649122 0.31382385730211815 0.5416666666666666
0 0.33277591973244147 0.53125 0.32831661092530656 0.5334429824561403 0.3238573021181717 0.5400219298245614 0.32441471571906355 0.5476973684210527 0.3277591973244147 0.5515350877192983 0.3377926421404682 0.5487938596491229 0.34002229654403565 0.5455043859649122 0.34225195094760313 0.5361842105263158 0.33890746934225197 0.5323464912280702 0.3355629877369008 0.53125
0 0.32441471571906355 0.5169956140350878 0.31828316610925306 0.5219298245614035 0.3166109253065775 0.5257675438596491 0.3166109253065775 0.5301535087719298 0.3210702341137124 0.5328947368421053 0.3311036789297659 0.5263157894736842 0.33166109253065773 0.5191885964912281 0.32887402452619846 0.5169956140350878
0 0.36845039018952064 0.5317982456140351 0.3612040133779264 0.5356359649122807 0.35785953177257523 0.5405701754385965 0.358974358974359 0.5515350877192983 0.3656633221850613 0.5542763157894737 0.3795986622073579 0.5493421052631579 0.38071348940914157 0.5466008771929824 0.38071348940914157 0.5361842105263158 0.3729096989966555 0.5317982456140351
0 0.38294314381270905 0.5520833333333334 0.37235228539576365 0.5586622807017544 0.36845039018952064 0.5646929824561403 0.36845039018952064 0.5745614035087719 0.3717948717948718 0.5789473684210527 0.3795986622073579 0.5805921052631579 0.3890746934225195 0.5756578947368421 0.39409141583054624 0.5685307017543859 0.39297658862876256 0.5570175438596491 0.38461538461538464 0.5520833333333334
0 0.3455964325529543 0.5487938596491229 0.3377926421404682 0.5515350877192983 0.3338907469342252 0.5564692982456141 0.3355629877369008 0.5712719298245614 0.3377926421404682 0.5729166666666666 0.3455964325529543 0.5718201754385965 0.35674470457079155 0.5614035087719298 0.35451505016722407 0.5537280701754386 0.35228539576365664 0.5504385964912281 0.34838350055741363 0.5487938596491229
0 0.41081382385730214 0.5290570175438597 0.40635451505016723 0.53125 0.40022296544035674 0.537828947368421 0.39855072463768115 0.549890350877193 0.40022296544035674 0.5553728070175439 0.4041248606465998 0.5597587719298246 0.415273132664437 0.5619517543859649 0.42196209587513933 0.5586622807017544 0.42642140468227424 0.5476973684210527 0.42642140468227424 0.5416666666666666 0.4236343366778149 0.5367324561403509 0.41471571906354515 0.5290570175438597
0 0.4018952062430323 0.5054824561403509 0.3896321070234114 0.5082236842105263 0.38238573021181715 0.5169956140350878 0.38071348940914157 0.5268640350877193 0.38127090301003347 0.5296052631578947 0.3857302118171683 0.5334429824561403 0.39687848383500557 0.5328947368421053 0.4007803790412486 0.5252192982456141 0.4041248606465998 0.5257675438596491 0.4119286510590858 0.518640350877193 0.411371237458194 0.5115131578947368 0.40468227424749165 0.5054824561403509
0 0.43812709030100333 0.4956140350877193 0.427536231884058 0.5005482456140351 0.4230769230769231 0.5071271929824561 0.42251950947603123 0.5202850877192983 0.4269788182831661 0.5257675438596491 0.431438127090301 0.5279605263157895 0.43645484949832775 0.5274122807017544 0.44481605351170567 0.518640350877193 0.4503901895206243 0.5093201754385965 0.4503901895206243 0.5005482456140351 0.4420289855072464 0.4956140350877193
0 0.46321070234113715 0.518640350877193 0.45484949832775917 0.5208333333333334 0.4492753623188406 0.5296052631578947 0.4492753623188406 0.5367324561403509 0.4520624303232999 0.5449561403508771 0.4593088071348941 0.5515350877192983 0.467670011148272 0.5509868421052632 0.47491638795986624 0.5476973684210527 0.4782608695652174 0.5394736842105263 0.4777034559643255 0.5296052631578947 0.4754738015607581 0.5241228070175439 0.4665551839464883 0.518640350877193
0 0.45094760312151616 0.5646929824561403 0.44258639910813824 0.569078947368421 0.4397993311036789 0.5740131578947368 0.4403567447045708 0.5805921052631579 0.4459308807134894 0.587171052631579 0.45652173913043476 0.5860745614035088 0.4604236343366778 0.5816885964912281 0.4604236343366778 0.5707236842105263 0.45540691192865107 0.5646929824561403
0 0.42084726867335565 0.5635964912280702 0.41471571906354515 0.5652412280701754 0.4096989966555184 0.5718201754385965 0.41081382385730214 0.5805921052631579 0.41471571906354515 0.5855263157894737 0.4214046822742475 0.5855263157894737 0.4269788182831661 0.5833333333333334 0.4319955406911929 0.5773026315789473 0.43255295429208473 0.5734649122807017 0.43032329988851725 0.5679824561403509 0.4230769230769231 0.5635964912280702
0 0.3974358974358974 0.5773026315789473 0.3918617614269788 0.5794956140350878 0.3857302118171683 0.5882675438596491 0.38684503901895206 0.5948464912280702 0.39241917502787066 0.5975877192982456 0.4041248606465998 0.5948464912280702 0.4069119286510591 0.5899122807017544 0.40746934225195097 0.5849780701754386 0.4052396878483835 0.581140350877193 0.3979933110367893 0.5778508771929824
0 0.4311594202898551 0.5866228070175439 0.4253065774804905 0.5877192982456141 0.4197324414715719 0.5942982456140351 0.4197324414715719 0.5981359649122807 0.4241917502787068 0.6030701754385965 0.42920847268673357 0.6036184210526315 0.43701226309921964 0.5970394736842105 0.43812709030100333 0.5910087719298246 0.4342251950947603 0.5866228070175439
0 0.37834448160535117 0.6112938596491229 0.3673355629877369 0.6118421052631579 0.36231884057971014 0.6156798245614035 0.36064659977703456 0.6228070175438597 0.3634336677814939 0.6293859649122807 0.37402452619843923 0.631578947368421 0.3835005574136009 0.6266447368421053 0.3879598662207358 0.6195175438596491 0.3879598662207358 0.6156798245614035 0.3862876254180602 0.6129385964912281 0.38127090301003347 0.6112938596491229
0 0.45094760312151616 0.5948464912280702 0.44091415830546266 0.6014254385964912 0.43812709030100333 0.6080043859649122 0.43812709030100333 0.6162280701754386 0.44481605351170567 0.6211622807017544 0.4559643255295429 0.6195175438596491 0.46321070234113715 0.612390350877193 0.46321070234113715 0.600328947368421 0.459866220735786 0.5964912280701754 0.45484949832775917 0.5948464912280702
0 0.4253065774804905 0.6167763157894737 0.4175027870680045 0.6195175438596491 0.41304347826086957 0.6266447368421053 0.41471571906354515 0.6337719298245614 0.4180602006688963 0.6359649122807017 0.4297658862876254 0.6343201754385965 0.43534002229654406 0.6293859649122807 0.43478260869565216 0.6228070175438597 0.43032329988851725 0.6178728070175439 0.4258639910813824 0.6167763157894737
0 0.4069119286510591 0.5981359649122807 0.399108138238573 0.6019736842105263 0.3974358974358974 0.606359649122807 0.39409141583054624 0.6058114035087719 0.3918617614269788 0.6162280701754386 0.3963210702341137 0.6233552631578947 0.4080267558528428 0.6217105263157895 0.4124860646599777 0.618421052631579 0.4180602006688963 0.6096491228070176 0.41471571906354515 0.6008771929824561 0.41025641025641024 0.5981359649122807
0 0.3171683389074693 0.5860745614035088 0.3076923076923077 0.5877192982456141 0.3015607580824972 0.5953947368421053 0.3032329988851728 0.6069078947368421 0.3071348940914158 0.6151315789473685 0.3177257525083612 0.6140350877192983 0.3238573021181717 0.6107456140350878 0.33277591973244147 0.5997807017543859 0.3338907469342252 0.5948464912280702 0.33166109253065773 0.5904605263157895 0.32831661092530656 0.5877192982456141 0.3210702341137124 0.5860745614035088
0 0.28846153846153844 0.5548245614035088 0.2831661092530658 0.5553728070175439 0.2770345596432553 0.5603070175438597 0.27647714604236345 0.5652412280701754 0.27814938684503904 0.5668859649122807 0.2831661092530658 0.5679824561403509 0.29264214046822745 0.5646929824561403 0.2948717948717949 0.5603070175438597 0.29208472686733555 0.5548245614035088
0 0.3539576365663322 0.5718201754385965 0.342809364548495 0.5773026315789473 0.34057971014492755 0.5844298245614035 0.34169453734671124 0.587171052631579 0.34894091415830547 0.587171052631579 0.3595317725752508 0.581140350877193 0.3612040133779264 0.5789473684210527 0.3612040133779264 0.5740131578947368 0.358974358974359 0.5718201754385965
0 0.39409141583054624 0.6672149122807017 0.3801560758082497 0.6694078947368421 0.375139353400223 0.674890350877193 0.3773690078037904 0.6825657894736842 0.3862876254180602 0.6885964912280702 0.3979933110367893 0.6864035087719298 0.40858416945373466 0.6787280701754386 0.41025641025641024 0.6716008771929824 0.40635451505016723 0.668859649122807 0.39855072463768115 0.6672149122807017
0 0.4297658862876254 0.637609649122807 0.41861761426978816 0.6403508771929824 0.41025641025641024 0.6474780701754386 0.40746934225195097 0.6529605263157895 0.40746934225195097 0.6595394736842105 0.41025641025641024 0.6633771929824561 0.4214046822742475 0.6655701754385965 0.42865105908584167 0.6600877192982456 0.43534002229654406 0.6606359649122807 0.44258639910813824 0.6557017543859649 0.4459308807134894 0.643640350877193 0.4403567447045708 0.6392543859649122 0.4331103678929766 0.637609649122807
0 0.4445373467112598 0.6650219298245614 0.43534002229654406 0.6666666666666666 0.4297658862876254 0.6705043859649122 0.4258639910813824 0.6770833333333334 0.4269788182831661 0.6831140350877193 0.431438127090301 0.6853070175438597 0.43868450390189523 0.6858552631578947 0.4492753623188406 0.6814692982456141 0.4537346711259755 0.6770833333333334 0.4559643255295429 0.6716008771929824 0.4531772575250836 0.6672149122807017 0.447603121516165 0.6650219298245614
0 0.41471571906354515 0.6853070175438597 0.4069119286510591 0.6885964912280702 0.3996655518394649 0.6957236842105263 0.4007803790412486 0.7039473684210527 0.40746934225195097 0.7088815789473685 0.41471571906354515 0.7094298245614035 0.42028985507246375 0.7072368421052632 0.42642140468227424 0.700109649122807 0.4269788182831661 0.6929824561403509 0.4253065774804905 0.6896929824561403 0.41917502787068006 0.6853070175438597
0 0.399108138238573 0.7149122807017544 0.39464882943143814 0.7160087719298246 0.391304347826087 0.7203947368421053 0.39018952062430323 0.731359649122807 0.3935340022296544 0.7368421052631579 0.4069119286510591 0.7362938596491229 0.41304347826086957 0.7308114035087719 0.4141583054626533 0.7231359649122807 0.4124860646599777 0.71875 0.4018952062430323 0.7149122807017544
0 0.42474916387959866 0.7286184210526315 0.4180602006688963 0.731359649122807 0.41471571906354515 0.737390350877193 0.4169453734671126 0.7467105263157895 0.42196209587513933 0.7505482456140351 0.4336677814938685 0.7467105263157895 0.43812709030100333 0.737390350877193 0.43478260869565216 0.7319078947368421 0.4258639910813824 0.7286184210526315
0 0.4007803790412486 0.7401315789473685 0.39241917502787066 0.7456140350877193 0.3907469342251951 0.7516447368421053 0.3957636566332218 0.7554824561403509 0.40746934225195097 0.7560307017543859 0.4119286510590858 0.7516447368421053 0.4119286510590858 0.7467105263157895 0.40858416945373466 0.7417763157894737 0.4013377926421405 0.7401315789473685
0 0.47491638795986624 0.6946271929824561 0.467670011148272 0.7006578947368421 0.46488294314381273 0.706140350877193 0.46711259754738016 0.7116228070175439 0.47268673355629875 0.7132675438596491 0.479933110367893 0.7116228070175439 0.48494983277591974 0.7050438596491229 0.48327759197324416 0.6979166666666666 0.47881828316610925 0.6946271929824561
0 0.47798216276477146 0.6666666666666666 0.4659977703455964 0.6699561403508771 0.4593088071348941 0.6765350877192983 0.4576365663322185 0.6853070175438597 0.4593088071348941 0.6902412280701754 0.46265328874024525 0.6929824561403509 0.4693422519509476 0.6929824561403509 0.48494983277591974 0.6842105263157895 0.48885172798216275 0.6770833333333334 0.48885172798216275 0.6716008771929824 0.4810479375696767 0.6666666666666666
0 0.4690635451505017 0.6398026315789473 0.459866220735786 0.6419956140350878 0.45429208472686733 0.6474780701754386 0.4531772575250836 0.6573464912280702 0.4604236343366778 0.6644736842105263 0.4738015607580825 0.6639254385964912 0.4810479375696767 0.6584429824561403 0.4816053511705686 0.6463815789473685 0.4765886287625418 0.6408991228070176 0.47268673355629875 0.6398026315789473
0 0.5022296544035675 0.6222587719298246 0.4944258639910814 0.6239035087719298 0.48940914158305465 0.6293859649122807 0.48885172798216275 0.6403508771929824 0.4944258639910814 0.6441885964912281 0.5022296544035675 0.6447368421052632 0.5089186176142698 0.6430921052631579 0.5150501672240803 0.6365131578947368 0.5139353400222966 0.6299342105263158 0.5050167224080268 0.6222587719298246
0 0.5013935340022296 0.5910087719298246 0.4977703455964326 0.5910087719298246 0.49108138238573024 0.5942982456140351 0.48717948717948717 0.5992324561403509 0.4855072463768116 0.6047149122807017 0.4866220735785953 0.6129385964912281 0.4899665551839465 0.6162280701754386 0.4983277591973244 0.6195175438596491 0.5117056856187291 0.618421052631579 0.5167224080267558 0.6085526315789473 0.5167224080267558 0.6014254385964912 0.5133779264214047 0.5942982456140351 0.5050167224080268 0.5910087719298246
0 0.47714604236343366 0.6112938596491229 0.4698996655518395 0.6140350877192983 0.467670011148272 0.6189692982456141 0.467670011148272 0.6282894736842105 0.4738015607580825 0.6326754385964912 0.48327759197324416 0.6304824561403509 0.48717948717948717 0.6239035087719298 0.4855072463768116 0.6156798245614035 0.48049052396878483 0.6118421052631579 0.4777034559643255 0.6118421052631579
0 0.45261984392419174 0.6239035087719298 0.447603121516165 0.6271929824561403 0.44481605351170567 0.6326754385964912 0.4492753623188406 0.6403508771929824 0.4559643255295429 0.6398026315789473 0.4620958751393534 0.6354166666666666 0.46265328874024525 0.6266447368421053 0.4576365663322185 0.6239035087719298
0 0.3001672240802676 0.7099780701754386 0.28929765886287623 0.712171052631579 0.28762541806020064 0.7209429824561403 0.29264214046822745 0.7280701754385965 0.3004459308807135 0.7297149122807017 0.3060200668896321 0.7286184210526315 0.30992196209587514 0.7242324561403509 0.30824972129319955 0.7154605263157895 0.30379041248606464 0.7099780701754386
0 0.2736900780379041 0.7192982456140351 0.2692307692307692 0.7198464912280702 0.26421404682274247 0.7236842105263158 0.26421404682274247 0.7308114035087719 0.2686733556298774 0.7335526315789473 0.27591973244147155 0.7324561403508771 0.28037904124860646 0.7280701754385965 0.2814938684503902 0.7236842105263158 0.27647714604236345 0.7192982456140351
0 0.33918617614269786 0.7280701754385965 0.33444816053511706 0.7286184210526315 0.33221850613154963 0.7308114035087719 0.33277591973244147 0.7412280701754386 0.33444816053511706 0.7439692982456141 0.3455964325529543 0.7450657894736842 0.3494983277591973 0.7417763157894737 0.3494983277591973 0.7351973684210527 0.34225195094760313 0.7280701754385965
0 0.33835005574136007 0.7286184210526315 0.3333333333333333 0.7319078947368421 0.3338907469342252 0.7423245614035088 0.3433667781493868 0.7445175438596491 0.3350055741360089 0.7467105263157895 0.3311036789297659 0.7510964912280702 0.3311036789297659 0.7549342105263158 0.33444816053511706 0.7593201754385965 0.3450390189520624 0.7609649122807017 0.35061315496098105 0.7582236842105263 0.35228539576365664 0.7516447368421053 0.346711259754738 0.7445175438596491 0.34838350055741363 0.7341008771929824 0.3455964325529543 0.7302631578947368 0.34169453734671124 0.7286184210526315
0 0.358974358974359 0.7598684210526315 0.3494983277591973 0.7642543859649122 0.34782608695652173 0.7697368421052632 0.3511705685618729 0.7713815789473685 0.3556298773690078 0.7708333333333334 0.36677814938684505 0.7653508771929824 0.36510590858416947 0.7609649122807017 0.36064659977703456 0.7598684210526315
0 0.21460423634336678 0.7264254385964912 0.21014492753623187 0.7269736842105263 0.19620958751393533 0.7341008771929824 0.19509476031215162 0.7428728070175439 0.19899665551839466 0.7510964912280702 0.20958751393534003 0.7538377192982456 0.21460423634336678 0.7516447368421053 0.225752508361204 0.7423245614035088 0.225752508361204 0.7335526315789473 0.21794871794871795 0.7264254385964912
0 0.42028985507246375 0.8305921052631579 0.4158305462653289 0.8333333333333334 0.41471571906354515 0.8415570175438597 0.4175027870680045 0.8453947368421053 0.4214046822742475 0.8470394736842105 0.4297658862876254 0.8426535087719298 0.42865105908584167 0.8355263157894737 0.4230769230769231 0.8305921052631579
0 0.43255295429208473 0.8179824561403509 0.42865105908584167 0.8207236842105263 0.4280936454849498 0.8289473684210527 0.4319955406911929 0.8377192982456141 0.4342251950947603 0.8382675438596491 0.4420289855072464 0.8360745614035088 0.4459308807134894 0.8289473684210527 0.4459308807134894 0.8245614035087719 0.4375696767001115 0.8179824561403509
0 0.4593088071348941 0.8108552631578947 0.45261984392419174 0.8130482456140351 0.44871794871794873 0.8168859649122807 0.44871794871794873 0.8218201754385965 0.45652173913043476 0.8289473684210527 0.46153846153846156 0.8283991228070176 0.46878483835005574 0.8218201754385965 0.46878483835005574 0.8174342105263158 0.4665551839464883 0.8135964912280702 0.4604236343366778 0.8108552631578947
0 0.36231884057971014 0.8196271929824561 0.3573021181716834 0.8234649122807017 0.35785953177257523 0.8283991228070176 0.3612040133779264 0.831140350877193 0.3656633221850613 0.8316885964912281 0.3701226309921962 0.8289473684210527 0.3712374581939799 0.8234649122807017 0.3634336677814939 0.8196271929824561
0 0.3534002229654404 0.805921052631579 0.34894091415830547 0.8064692982456141 0.346711259754738 0.8103070175438597 0.34782608695652173 0.8163377192982456 0.3517279821627648 0.8185307017543859 0.358974358974359 0.8157894736842105 0.3595317725752508 0.8092105263157895 0.35618729096989965 0.805921052631579
0 0.3350055741360089 0.8322368421052632 0.326644370122631 0.8355263157894737 0.3249721293199554 0.8382675438596491 0.326644370122631 0.8415570175438597 0.33221850613154963 0.8421052631578947 0.33835005574136007 0.8349780701754386 0.3355629877369008 0.8327850877192983
0 0.3394648829431438 0.8404605263157895 0.33444816053511706 0.8448464912280702 0.33835005574136007 0.8497807017543859 0.3439241917502787 0.8475877192982456 0.34448160535117056 0.8448464912280702 0.34169453734671124 0.8404605263157895
0 0.3472686733556299 0.8196271929824561 0.34169453734671124 0.8240131578947368 0.3450390189520624 0.8294956140350878 0.3534002229654404 0.8278508771929824 0.35451505016722407 0.8229166666666666 0.3511705685618729 0.8196271929824561
0 0.4158305462653289 0.793859649122807 0.4124860646599777 0.7966008771929824 0.4141583054626533 0.8020833333333334 0.41638795986622074 0.8042763157894737 0.4230769230769231 0.805921052631579 0.4258639910813824 0.8031798245614035 0.4258639910813824 0.7993421052631579 0.4241917502787068 0.7960526315789473 0.41917502787068006 0.793859649122807
0 0.43868450390189523 0.7774122807017544 0.4342251950947603 0.7796052631578947 0.43088071348940915 0.7845394736842105 0.43088071348940915 0.787828947368421 0.4342251950947603 0.7916666666666666 0.4431438127090301 0.7916666666666666 0.447603121516165 0.7867324561403509 0.44704570791527315 0.7817982456140351 0.4403567447045708 0.7774122807017544
0 0.44816053511705684 0.7620614035087719 0.4397993311036789 0.7653508771929824 0.4403567447045708 0.7752192982456141 0.4459308807134894 0.774671052631579 0.45429208472686733 0.768640350877193 0.45484949832775917 0.7642543859649122 0.4503901895206243 0.7620614035087719
0 0.4693422519509476 0.7587719298245614 0.46321070234113715 0.7609649122807017 0.45875139353400224 0.7653508771929824 0.4604236343366778 0.7719298245614035 0.46711259754738016 0.7724780701754386 0.47157190635451507 0.768640350877193 0.47324414715719065 0.7620614035087719 0.47045707915273133 0.7587719298245614
0 0.4319955406911929 0.7653508771929824 0.4241917502787068 0.7675438596491229 0.4230769230769231 0.7763157894736842 0.4253065774804905 0.7774122807017544 0.4342251950947603 0.7757675438596491 0.4358974358974359 0.7724780701754386 0.43534002229654406 0.7653508771929824
0 0.44091415830546266 0.7489035087719298 0.4342251950947603 0.7510964912280702 0.43032329988851725 0.7543859649122807 0.42865105908584167 0.7593201754385965 0.43088071348940915 0.7631578947368421 0.4358974358974359 0.7631578947368421 0.443701226309922 0.7576754385964912 0.44537346711259757 0.7516447368421053 0.44258639910813824 0.7489035087719298
0 0.4559643255295429 0.7735745614035088 0.45261984392419174 0.774671052631579 0.44871794871794873 0.7790570175438597 0.4492753623188406 0.7828947368421053 0.451505016722408 0.7845394736842105 0.4559643255295429 0.7845394736842105 0.459866220735786 0.7796052631578947 0.46321070234113715 0.7790570175438597 0.46153846153846156 0.774671052631579 0.4576365663322185 0.7735745614035088
0 0.4035674470457079 0.7807017543859649 0.3996655518394649 0.7850877192982456 0.3996655518394649 0.7894736842105263 0.40301003344481606 0.7922149122807017 0.40858416945373466 0.7922149122807017 0.4124860646599777 0.7900219298245614 0.4124860646599777 0.7856359649122807 0.4080267558528428 0.7807017543859649
0 0.3862876254180602 0.7713815789473685 0.3795986622073579 0.7757675438596491 0.3795986622073579 0.7796052631578947 0.3862876254180602 0.7861842105263158 0.3907469342251951 0.7872807017543859 0.39687848383500557 0.7828947368421053 0.3979933110367893 0.7790570175438597 0.39018952062430323 0.7713815789473685
0 0.3756967670011148 0.7828947368421053 0.3717948717948718 0.7861842105263158 0.3734671125975474 0.7927631578947368 0.3762541806020067 0.7949561403508771 0.38238573021181715 0.7944078947368421 0.3835005574136009 0.7894736842105263 0.37681159420289856 0.7828947368421053
0 0.4593088071348941 0.7143640350877193 0.4559643255295429 0.7165570175438597 0.4520624303232999 0.7242324561403509 0.4559643255295429 0.731359649122807 0.46321070234113715 0.7335526315789473 0.4682274247491639 0.7302631578947368 0.4698996655518395 0.7225877192982456 0.4682274247491639 0.71875 0.4620958751393534 0.7143640350877193
0 0.4503901895206243 0.7335526315789473 0.443701226309922 0.737390350877193 0.4431438127090301 0.743421052631579 0.44537346711259757 0.7467105263157895 0.4492753623188406 0.7467105263157895 0.45707915273132665 0.7412280701754386 0.45819397993311034 0.7357456140350878 0.45429208472686733 0.7335526315789473
0 0.44481605351170567 0.7203947368421053 0.43924191750278707 0.7203947368421053 0.43701226309921964 0.7220394736842105 0.43645484949832775 0.7269736842105263 0.43924191750278707 0.7302631578947368 0.44481605351170567 0.7297149122807017 0.44816053511705684 0.7269736842105263 0.4498327759197324 0.7231359649122807 0.447603121516165 0.7203947368421053
0 0.4241917502787068 0.7116228070175439 0.4214046822742475 0.7127192982456141 0.4180602006688963 0.7176535087719298 0.41861761426978816 0.7242324561403509 0.4241917502787068 0.7242324561403509 0.43032329988851725 0.7192982456140351 0.43032329988851725 0.7132675438596491 0.4269788182831661 0.7116228070175439
0 0.483835005574136 0.7176535087719298 0.4793756967670011 0.71875 0.4777034559643255 0.7214912280701754 0.4760312151616499 0.7286184210526315 0.4782608695652174 0.731359649122807 0.4816053511705686 0.7319078947368421 0.48606465997770343 0.7297149122807017 0.4882943143812709 0.7236842105263158 0.48717948717948717 0.7209429824561403
0 0.5156075808249722 0.7094298245614035 0.5072463768115942 0.712171052631579 0.5039018952062431 0.7192982456140351 0.5050167224080268 0.7242324561403509 0.5094760312151616 0.725328947368421 0.5156075808249722 0.7225877192982456 0.5234113712374582 0.7149122807017544 0.5234113712374582 0.7116228070175439 0.5189520624303233 0.7094298245614035
0 0.5150501672240803 0.7390350877192983 0.5111482720178372 0.7417763157894737 0.5089186176142698 0.7461622807017544 0.5094760312151616 0.7538377192982456 0.5139353400222966 0.756578947368421 0.5195094760312151 0.7554824561403509 0.5234113712374582 0.7489035087719298 0.5222965440356745 0.7423245614035088 0.5161649944258639 0.7390350877192983
0 0.5222965440356745 0.7214912280701754 0.5172798216276477 0.725328947368421 0.5144927536231884 0.7308114035087719 0.5150501672240803 0.7346491228070176 0.5189520624303233 0.737390350877193 0.5250836120401338 0.7335526315789473 0.5267558528428093 0.7236842105263158 0.5228539576365663 0.7214912280701754
0 0.48327759197324416 0.7516447368421053 0.479933110367893 0.7538377192982456 0.4760312151616499 0.7620614035087719 0.4760312151616499 0.7664473684210527 0.479933110367893 0.7697368421052632 0.48773690078037907 0.7691885964912281 0.49052396878483834 0.7653508771929824 0.4899665551839465 0.7560307017543859 0.48439241917502784 0.7516447368421053
0 0.48606465997770343 0.7351973684210527 0.48049052396878483 0.7368421052631579 0.4777034559643255 0.7412280701754386 0.4793756967670011 0.7456140350877193 0.483835005574136 0.7483552631578947 0.48940914158305465 0.7467105263157895 0.4927536231884058 0.7423245614035088 0.4921962095875139 0.737390350877193 0.48773690078037907 0.7351973684210527
0 0.5072463768115942 0.7593201754385965 0.5050167224080268 0.7604166666666666 0.5027870680044593 0.7653508771929824 0.5039018952062431 0.7691885964912281 0.5066889632107023 0.7702850877192983 0.5144927536231884 0.7680921052631579 0.5150501672240803 0.7620614035087719 0.5105908584169454 0.7593201754385965
0 0.4698996655518395 0.7450657894736842 0.4665551839464883 0.7505482456140351 0.46711259754738016 0.7554824561403509 0.4738015607580825 0.7554824561403509 0.47714604236343366 0.7516447368421053 0.4754738015607581 0.7472587719298246 0.47157190635451507 0.7450657894736842
0 0.5284280936454849 0.7713815789473685 0.5228539576365663 0.7763157894736842 0.5211817168338907 0.7834429824561403 0.5256410256410257 0.7900219298245614 0.5328874024526199 0.7911184210526315 0.5390189520624303 0.7861842105263158 0.5395763656633222 0.7790570175438597 0.5373467112597548 0.774671052631579 0.532329988851728 0.7713815789473685
0 0.4754738015607581 0.8064692982456141 0.4721293199554069 0.8081140350877193 0.4698996655518395 0.8130482456140351 0.47268673355629875 0.8185307017543859 0.47714604236343366 0.8179824561403509 0.4810479375696767 0.8135964912280702 0.4816053511705686 0.8075657894736842 0.47881828316610925 0.8064692982456141
0 0.4977703455964326 0.7883771929824561 0.4944258639910814 0.7905701754385965 0.49331103678929766 0.7966008771929824 0.4977703455964326 0.8020833333333334 0.5033444816053512 0.8031798245614035 0.5072463768115942 0.8004385964912281 0.5089186176142698 0.7966008771929824 0.5022296544035675 0.7883771929824561
0 0.5557413600891862 0.7489035087719298 0.552396878483835 0.7505482456140351 0.5501672240802675 0.7560307017543859 0.5529542920847269 0.7631578947368421 0.5562987736900781 0.7648026315789473 0.560200668896321 0.7637061403508771 0.564659977703456 0.7582236842105263 0.564659977703456 0.7549342105263158 0.5618729096989966 0.7510964912280702 0.5574136008918618 0.7489035087719298
0 0.5702341137123745 0.7412280701754386 0.5657748049052397 0.7439692982456141 0.5641025641025641 0.7478070175438597 0.5652173913043478 0.7532894736842105 0.5691192865105908 0.756578947368421 0.5746934225195095 0.7560307017543859 0.5797101449275363 0.7516447368421053 0.5791527313266444 0.7467105263157895 0.572463768115942 0.7412280701754386
0 0.5830546265328874 0.7269736842105263 0.5785953177257525 0.7286184210526315 0.5746934225195095 0.7335526315789473 0.5746934225195095 0.737390350877193 0.5813823857302118 0.743421052631579 0.5886287625418061 0.7423245614035088 0.592530657748049 0.7368421052631579 0.5919732441471572 0.7308114035087719 0.5863991081382386 0.7269736842105263
0 0.5496098104793757 0.7231359649122807 0.5457079152731327 0.7269736842105263 0.5457079152731327 0.7308114035087719 0.5501672240802675 0.7351973684210527 0.5546265328874025 0.7362938596491229 0.5574136008918618 0.7341008771929824 0.5574136008918618 0.7297149122807017 0.5529542920847269 0.7231359649122807
0 0.5356744704570792 0.7209429824561403 0.532329988851728 0.7220394736842105 0.5306577480490524 0.725328947368421 0.5301003344481605 0.731359649122807 0.532329988851728 0.7346491228070176 0.5390189520624303 0.7341008771929824 0.5412486064659978 0.7308114035087719 0.5406911928651059 0.7242324561403509 0.5362318840579711 0.7209429824561403
0 0.5284280936454849 0.7357456140350878 0.5239687848383501 0.7406798245614035 0.5256410256410257 0.7472587719298246 0.532329988851728 0.7461622807017544 0.5345596432552955 0.7417763157894737 0.5328874024526199 0.7379385964912281 0.5295429208472687 0.7357456140350878
0 0.4420289855072464 0.793859649122807 0.43701226309921964 0.7966008771929824 0.43701226309921964 0.8026315789473685 0.4414715719063545 0.8070175438596491 0.44704570791527315 0.8042763157894737 0.4492753623188406 0.799890350877193 0.44648829431438125 0.793859649122807
0 0.39938684503901895 0.7609649122807017 0.39464882943143814 0.762609649122807 0.3935340022296544 0.768640350877193 0.40022296544035674 0.7757675438596491 0.4080267558528428 0.7768640350877193 0.41638795986622074 0.7724780701754386 0.415273132664437 0.7669956140350878 0.40245261984392416 0.7609649122807017
0 0.38684503901895206 0.7587719298245614 0.37402452619843923 0.762609649122807 0.3712374581939799 0.7653508771929824 0.37681159420289856 0.7691885964912281 0.38851727982162765 0.7669956140350878 0.39241917502787066 0.7620614035087719 0.3907469342251951 0.7587719298245614
0 0.4214046822742475 0.7532894736842105 0.415273132664437 0.7582236842105263 0.415273132664437 0.7620614035087719 0.4175027870680045 0.7648026315789473 0.42251950947603123 0.7648026315789473 0.42474916387959866 0.762609649122807 0.42642140468227424 0.7560307017543859 0.42474916387959866 0.7532894736842105
0 0.4972129319955407 0.6831140350877193 0.4866220735785953 0.6869517543859649 0.48494983277591974 0.6962719298245614 0.48717948717948717 0.700109649122807 0.49498327759197325 0.6984649122807017 0.5 0.6935307017543859 0.5022296544035675 0.6885964912280702 0.5016722408026756 0.6847587719298246 0.49888517279821626 0.6831140350877193
0 0.508082497212932 0.694078947368421 0.5027870680044593 0.6957236842105263 0.5011148272017837 0.7017543859649122 0.5027870680044593 0.706140350877193 0.5072463768115942 0.7083333333333334 0.5105908584169454 0.7072368421052632 0.5133779264214047 0.7033991228070176 0.5139353400222966 0.6979166666666666 0.5111482720178372 0.694078947368421
0 0.5144927536231884 0.6737938596491229 0.5066889632107023 0.6803728070175439 0.5061315496098104 0.6891447368421053 0.5083612040133779 0.6907894736842105 0.5156075808249722 0.6907894736842105 0.5189520624303233 0.6875 0.5217391304347826 0.6792763157894737 0.5195094760312151 0.6737938596491229
0 0.5423634336677815 0.6875 0.5356744704570792 0.6907894736842105 0.5328874024526199 0.6957236842105263 0.5328874024526199 0.700109649122807 0.5362318840579711 0.7044956140350878 0.540133779264214 0.7039473684210527 0.5468227424749164 0.6968201754385965 0.5473801560758083 0.6902412280701754 0.5440356744704571 0.6875
0 0.5256410256410257 0.6891447368421053 0.5211817168338907 0.6924342105263158 0.5178372352285395 0.6990131578947368 0.5178372352285395 0.7033991228070176 0.5222965440356745 0.7077850877192983 0.5278706800445931 0.7044956140350878 0.5295429208472687 0.700109649122807 0.5301003344481605 0.6924342105263158 0.5267558528428093 0.6891447368421053
0 0.5429208472686734 0.7083333333333334 0.5390189520624303 0.7132675438596491 0.540133779264214 0.7198464912280702 0.5429208472686734 0.7220394736842105 0.5468227424749164 0.7214912280701754 0.5496098104793757 0.7171052631578947 0.5501672240802675 0.7127192982456141 0.5473801560758083 0.7083333333333334
0 0.5590858416945373 0.7088815789473685 0.5551839464882943 0.7105263157894737 0.5529542920847269 0.7154605263157895 0.5535117056856187 0.7198464912280702 0.5574136008918618 0.7225877192982456 0.5607580824972129 0.7225877192982456 0.564659977703456 0.7182017543859649 0.564659977703456 0.7132675438596491 0.5607580824972129 0.7088815789473685
0 0.5535117056856187 0.6962719298245614 0.5479375696767002 0.7028508771929824 0.5479375696767002 0.706140350877193 0.552396878483835 0.7088815789473685 0.5557413600891862 0.7072368421052632 0.5574136008918618 0.6995614035087719 0.5540691192865106 0.6968201754385965
0 0.5869565217391305 0.706140350877193 0.5841694537346711 0.7088815789473685 0.584726867335563 0.7138157894736842 0.5930880713489409 0.7154605263157895 0.5958751393534002 0.7099780701754386 0.5919732441471572 0.706140350877193
0 0.6114827201783724 0.6853070175438597 0.6064659977703456 0.6885964912280702 0.6053511705685619 0.6951754385964912 0.6070234113712375 0.6990131578947368 0.6120401337792643 0.7006578947368421 0.6187290969899666 0.6962719298245614 0.6198439241917503 0.6924342105263158 0.6131549609810479 0.6853070175438597
0 0.6279264214046822 0.6776315789473685 0.6231884057971014 0.6781798245614035 0.6181716833890747 0.6820175438596491 0.6181716833890747 0.6858552631578947 0.6226309921962095 0.6913377192982456 0.6298773690078038 0.6907894736842105 0.6348940914158305 0.6875 0.6348940914158305 0.680921052631579 0.6309921962095875 0.6776315789473685
0 0.6460423634336678 0.6666666666666666 0.6421404682274248 0.6683114035087719 0.6376811594202898 0.6732456140350878 0.6382385730211817 0.6803728070175439 0.6404682274247492 0.6831140350877193 0.6505016722408027 0.6820175438596491 0.6544035674470458 0.6781798245614035 0.6538461538461539 0.6716008771929824 0.6488294314381271 0.6666666666666666
0 0.6622073578595318 0.6567982456140351 0.6577480490523969 0.6573464912280702 0.653288740245262 0.662828947368421 0.653288740245262 0.6677631578947368 0.6599777034559643 0.6737938596491229 0.6677814938684504 0.6732456140350878 0.673355629877369 0.6672149122807017 0.6727982162764772 0.6633771929824561 0.664994425863991 0.6567982456140351
0 0.5192307692307693 0.6441885964912281 0.5105908584169454 0.6463815789473685 0.507803790412486 0.6507675438596491 0.5089186176142698 0.6557017543859649 0.5139353400222966 0.6606359649122807 0.5228539576365663 0.6600877192982456 0.5256410256410257 0.6584429824561403 0.5278706800445931 0.6491228070175439 0.5261984392419174 0.6458333333333334 0.5222965440356745 0.6441885964912281
0 0.5011148272017837 0.6611842105263158 0.4955406911928651 0.6644736842105263 0.4938684503901895 0.6683114035087719 0.49498327759197325 0.6754385964912281 0.4972129319955407 0.6770833333333334 0.5044593088071349 0.6759868421052632 0.5089186176142698 0.6705043859649122 0.5089186176142698 0.6644736842105263 0.5027870680044593 0.6611842105263158
0 0.49498327759197325 0.6480263157894737 0.48940914158305465 0.6502192982456141 0.4899665551839465 0.6557017543859649 0.4938684503901895 0.6584429824561403 0.4983277591973244 0.6584429824561403 0.5055741360089187 0.6551535087719298 0.5039018952062431 0.6507675438596491 0.4983277591973244 0.6480263157894737
0 0.5707915273132664 0.5515350877192983 0.560200668896321 0.5586622807017544 0.5546265328874025 0.5696271929824561 0.5568561872909699 0.5860745614035088 0.5618729096989966 0.5888157894736842 0.5707915273132664 0.587171052631579 0.5824972129319955 0.5773026315789473 0.5858416945373467 0.5674342105263158 0.5852842809364549 0.5603070175438597 0.580267558528428 0.5531798245614035 0.5758082497212932 0.5515350877192983
0 0.5484949832775919 0.5833333333333334 0.540133779264214 0.5849780701754386 0.5345596432552955 0.5942982456140351 0.5328874024526199 0.6030701754385965 0.5395763656633222 0.6091008771929824 0.5473801560758083 0.6085526315789473 0.5546265328874025 0.6008771929824561 0.5557413600891862 0.5899122807017544 0.5535117056856187 0.5849780701754386 0.5501672240802675 0.5833333333333334
0 0.5713489409141583 0.5899122807017544 0.5652173913043478 0.5910087719298246 0.5590858416945373 0.5959429824561403 0.5574136008918618 0.606359649122807 0.5585284280936454 0.612390350877193 0.5607580824972129 0.6145833333333334 0.568561872909699 0.6145833333333334 0.5758082497212932 0.6091008771929824 0.5797101449275363 0.5975877192982456 0.5780379041248607 0.5926535087719298 0.5741360089186176 0.5899122807017544
0 0.5256410256410257 0.5685307017543859 0.5189520624303233 0.5740131578947368 0.5156075808249722 0.5794956140350878 0.5156075808249722 0.5855263157894737 0.5217391304347826 0.5888157894736842 0.5284280936454849 0.587171052631579 0.5334448160535117 0.581140350877193 0.5328874024526199 0.5707236842105263 0.5267558528428093 0.5685307017543859
0 0.5061315496098104 0.5493421052631579 0.5011148272017837 0.5509868421052632 0.49498327759197325 0.5603070175438597 0.4977703455964326 0.5712719298245614 0.5011148272017837 0.5767543859649122 0.5044593088071349 0.5778508771929824 0.5150501672240803 0.5745614035087719 0.5144927536231884 0.5707236842105263 0.5172798216276477 0.5603070175438597 0.5139353400222966 0.5537280701754386 0.5083612040133779 0.5493421052631579
0 0.48327759197324416 0.5712719298245614 0.47435897435897434 0.5767543859649122 0.47101449275362317 0.5822368421052632 0.4693422519509476 0.5926535087719298 0.47324414715719065 0.5959429824561403 0.4777034559643255 0.5959429824561403 0.483835005574136 0.5926535087719298 0.4916387959866221 0.5855263157894737 0.4927536231884058 0.5773026315789473 0.4916387959866221 0.5740131578947368 0.48773690078037907 0.5712719298245614
0 0.5451505016722408 0.543859649122807 0.5395763656633222 0.5444078947368421 0.5340022296544036 0.5515350877192983 0.5328874024526199 0.5646929824561403 0.5362318840579711 0.5679824561403509 0.5473801560758083 0.5685307017543859 0.5540691192865106 0.5614035087719298 0.5557413600891862 0.5504385964912281 0.5535117056856187 0.5466008771929824 0.5490523968784838 0.543859649122807
0 0.568561872909699 0.5158991228070176 0.5596432552954292 0.5180921052631579 0.5551839464882943 0.5224780701754386 0.5529542920847269 0.5279605263157895 0.5529542920847269 0.5350877192982456 0.5557413600891862 0.5422149122807017 0.5590858416945373 0.5471491228070176 0.5629877369007804 0.5487938596491229 0.5707915273132664 0.5471491228070176 0.5780379041248607 0.5339912280701754 0.5780379041248607 0.5230263157894737 0.5713489409141583 0.5158991228070176
0 0.5975473801560758 0.5252192982456141 0.5880713489409142 0.5279605263157895 0.5836120401337793 0.5323464912280702 0.5808249721293199 0.5416666666666666 0.5841694537346711 0.5520833333333334 0.5886287625418061 0.5564692982456141 0.5936454849498328 0.5581140350877193 0.6031215161649944 0.5526315789473685 0.6075808249721293 0.5422149122807017 0.6070234113712375 0.5317982456140351 0.6031215161649944 0.5268640350877193 0.5992196209587514 0.5252192982456141
0 0.5395763656633222 0.5054824561403509 0.5345596432552955 0.5082236842105263 0.5312151616499443 0.5158991228070176 0.532329988851728 0.5235745614035088 0.5384615384615384 0.5301535087719298 0.5473801560758083 0.5290570175438597 0.5529542920847269 0.5191885964912281 0.5507246376811594 0.5104166666666666 0.5473801560758083 0.506578947368421 0.5440356744704571 0.5054824561403509
0 0.5596432552954292 0.4830043859649123 0.5529542920847269 0.4862938596491228 0.5496098104793757 0.4901315789473684 0.5479375696767002 0.5016447368421053 0.5535117056856187 0.5104166666666666 0.5641025641025641 0.512609649122807 0.5713489409141583 0.5104166666666666 0.5746934225195095 0.5071271929824561 0.5763656633221851 0.4923245614035088 0.5719063545150501 0.4862938596491228 0.5618729096989966 0.4830043859649123
0 0.5914158305462653 0.4923245614035088 0.5841694537346711 0.49396929824561403 0.5785953177257525 0.5054824561403509 0.5797101449275363 0.5169956140350878 0.5875139353400223 0.5230263157894737 0.5958751393534002 0.5224780701754386 0.6036789297658863 0.5175438596491229 0.6031215161649944 0.5010964912280702 0.5964325529542921 0.4934210526315789 0.5919732441471572 0.4923245614035088
0 0.5189520624303233 0.4857456140350877 0.5117056856187291 0.49451754385964913 0.512263099219621 0.506578947368421 0.5178372352285395 0.512609649122807 0.5250836120401338 0.512609649122807 0.5306577480490524 0.506578947368421 0.532329988851728 0.49451754385964913 0.5217391304347826 0.4857456140350877
0 0.5011148272017837 0.5087719298245614 0.4972129319955407 0.5115131578947368 0.4938684503901895 0.518640350877193 0.4916387959866221 0.5307017543859649 0.4938684503901895 0.5339912280701754 0.5016722408026756 0.5383771929824561 0.5089186176142698 0.5356359649122807 0.5139353400222966 0.5263157894736842 0.5133779264214047 0.5142543859649122 0.5094760312151616 0.5098684210526315 0.5061315496098104 0.5087719298245614
0 0.5211817168338907 0.5274122807017544 0.5178372352285395 0.53125 0.5161649944258639 0.5444078947368421 0.5172798216276477 0.549890350877193 0.5222965440356745 0.5553728070175439 0.5289855072463768 0.5537280701754386 0.5328874024526199 0.549890350877193 0.5345596432552955 0.5444078947368421 0.532329988851728 0.5323464912280702 0.5245261984392419 0.5274122807017544
0 0.48773690078037907 0.53125 0.48439241917502784 0.5361842105263158 0.4810479375696767 0.5471491228070176 0.48439241917502784 0.5553728070175439 0.49108138238573024 0.5564692982456141 0.49944258639910816 0.5460526315789473 0.49944258639910816 0.5422149122807017 0.4938684503901895 0.5350877192982456 0.4882943143812709 0.53125
0 0.47324414715719065 0.5520833333333334 0.4659977703455964 0.5542763157894737 0.46265328874024525 0.5597587719298246 0.463768115942029 0.5685307017543859 0.46878483835005574 0.5718201754385965 0.47714604236343366 0.5679824561403509 0.4810479375696767 0.5614035087719298 0.47714604236343366 0.5520833333333334
0 0.5033444816053512 0.4621710526315789 0.49498327759197325 0.4649122807017544 0.4899665551839465 0.47039473684210525 0.48885172798216275 0.47478070175438597 0.49052396878483834 0.48739035087719296 0.4977703455964326 0.49396929824561403 0.5089186176142698 0.4923245614035088 0.5156075808249722 0.4819078947368421 0.5144927536231884 0.46984649122807015 0.5066889632107023 0.4621710526315789
0 0.451505016722408 0.4473684210526316 0.4414715719063545 0.4517543859649123 0.4358974358974359 0.4583333333333333 0.43645484949832775 0.46875 0.43868450390189523 0.4731359649122807 0.4420289855072464 0.4753289473684211 0.4492753623188406 0.47368421052631576 0.459866220735786 0.46271929824561403 0.46098104793756967 0.4550438596491228 0.45819397993311034 0.44901315789473684 0.45540691192865107 0.4473684210526316
0 0.40635451505016723 0.45285087719298245 0.3996655518394649 0.45723684210526316 0.399108138238573 0.46381578947368424 0.40022296544035674 0.46710526315789475 0.40746934225195097 0.4725877192982456 0.41304347826086957 0.47039473684210525 0.4180602006688963 0.4643640350877193 0.4169453734671126 0.45668859649122806 0.411371237458194 0.45285087719298245
0 0.3896321070234114 0.4862938596491228 0.3851727982162765 0.48903508771929827 0.38238573021181715 0.49396929824561403 0.38684503901895206 0.5016447368421053 0.3957636566332218 0.4994517543859649 0.399108138238573 0.4961622807017544 0.3974358974358974 0.4895833333333333 0.391304347826087 0.4862938596491228
0 0.3695652173913043 0.49451754385964913 0.36510590858416947 0.49725877192982454 0.362876254180602 0.5016447368421053 0.36454849498327757 0.5098684210526315 0.36622073578595316 0.512609649122807 0.3695652173913043 0.5137061403508771 0.3779264214046823 0.5104166666666666 0.38238573021181715 0.5049342105263158 0.38127090301003347 0.49835526315789475 0.3745819397993311 0.49451754385964913
0 0.39018952062430323 0.4692982456140351 0.3862876254180602 0.4720394736842105 0.3862876254180602 0.4758771929824561 0.3890746934225195 0.48081140350877194 0.39297658862876256 0.4830043859649123 0.3979933110367893 0.48026315789473684 0.3996655518394649 0.47478070175438597 0.399108138238573 0.4725877192982456 0.39409141583054624 0.4692982456140351
0 0.36454849498327757 0.4692982456140351 0.3573021181716834 0.4758771929824561 0.35785953177257523 0.48135964912280704 0.36231884057971014 0.48464912280701755 0.36622073578595316 0.48464912280701755 0.3712374581939799 0.4791666666666667 0.3717948717948718 0.4725877192982456 0.3690078037904125 0.4692982456140351
0 0.12931995540691194 0.6430921052631579 0.12318840579710146 0.6452850877192983 0.11872909698996656 0.6502192982456141 0.12151616499442586 0.6557017543859649 0.1265328874024526 0.6595394736842105 0.13377926421404682 0.6578947368421053 0.13823857302118173 0.6535087719298246 0.13712374581939799 0.6469298245614035 0.13043478260869565 0.6430921052631579
0 0.3350055741360089 0.7883771929824561 0.3338907469342252 0.7889254385964912 0.33054626532887404 0.7922149122807017 0.32998885172798215 0.7944078947368421 0.32831661092530656 0.7966008771929824 0.3294314381270903 0.8009868421052632 0.3372352285395764 0.8048245614035088 0.34169453734671124 0.8048245614035088 0.34225195094760313 0.8053728070175439 0.3450390189520624 0.8053728070175439 0.3472686733556299 0.8026315789473685 0.3472686733556299 0.7982456140350878 0.34782608695652173 0.7976973684210527 0.34782608695652173 0.7960526315789473 0.3472686733556299 0.7955043859649122 0.3472686733556299 0.7927631578947368 0.34448160535117056 0.7905701754385965 0.34002229654403565 0.7900219298245614 0.33835005574136007 0.7889254385964912 0.3366778149386845 0.7889254385964912 0.33612040133779264 0.7883771929824561
0 0.4938684503901895 0.7044956140350878 0.4916387959866221 0.7055921052631579 0.48940914158305465 0.7077850877192983 0.48885172798216275 0.7099780701754386 0.4882943143812709 0.7105263157894737 0.4882943143812709 0.7138157894736842 0.48773690078037907 0.7143640350877193 0.48773690078037907 0.7165570175438597 0.48885172798216275 0.7171052631578947 0.49108138238573024 0.7192982456140351 0.4921962095875139 0.7192982456140351 0.4927536231884058 0.71875 0.4955406911928651 0.71875 0.49665551839464883 0.7182017543859649 0.49888517279821626 0.7160087719298246 0.49944258639910816 0.7143640350877193 0.5005574136008919 0.7132675438596491 0.5005574136008919 0.7083333333333334 0.5 0.7072368421052632 0.4977703455964326 0.7050438596491229 0.49665551839464883 0.7050438596491229 0.496098104793757 0.7044956140350878
0 0.4520624303232999 0.6858552631578947 0.451505016722408 0.6864035087719298 0.44648829431438125 0.6869517543859649 0.44537346711259757 0.6885964912280702 0.44258639910813824 0.6891447368421053 0.4414715719063545 0.6907894736842105 0.43868450390189523 0.6913377192982456 0.43534002229654406 0.694078947368421 0.4336677814938685 0.694078947368421 0.43255295429208473 0.6951754385964912 0.43088071348940915 0.700109649122807 0.43088071348940915 0.7033991228070176 0.4319955406911929 0.7055921052631579 0.431438127090301 0.7099780701754386 0.43478260869565216 0.7132675438596491 0.4397993311036789 0.7143640350877193 0.44258639910813824 0.712171052631579 0.44537346711259757 0.7138157894736842 0.44704570791527315 0.7138157894736842 0.4520624303232999 0.7116228070175439 0.45429208472686733 0.7099780701754386 0.45652173913043476 0.7094298245614035 0.45819397993311034 0.706140350877193 0.45819397993311034 0.7028508771929824 0.4593088071348941 0.7006578947368421 0.4593088071348941 0.6984649122807017 0.4576365663322185 0.6946271929824561 0.45540691192865107 0.6924342105263158 0.45540691192865107 0.6907894736842105 0.4531772575250836 0.6885964912280702 0.45261984392419174 0.6858552631578947
0 0.5674470457079153 0.7291666666666666 0.5668896321070234 0.7297149122807017 0.5641025641025641 0.7297149122807017 0.560200668896321 0.7335526315789473 0.560200668896321 0.7362938596491229 0.5596432552954292 0.737390350877193 0.560200668896321 0.7384868421052632 0.5618729096989966 0.7390350877192983 0.5641025641025641 0.7412280701754386 0.5657748049052397 0.7395833333333334 0.5668896321070234 0.7390350877192983 0.5691192865105908 0.7390350877192983 0.5707915273132664 0.737390350877193 0.5707915273132664 0.7330043859649122 0.5702341137123745 0.7324561403508771 0.5702341137123745 0.731359649122807 0.568561872909699 0.7297149122807017 0.5680044593088072 0.7297149122807017
0 0.5596432552954292 0.6622807017543859 0.5579710144927537 0.6639254385964912 0.5557413600891862 0.6683114035087719 0.5557413600891862 0.6759868421052632 0.5568561872909699 0.6781798245614035 0.5579710144927537 0.6787280701754386 0.5596432552954292 0.6787280701754386 0.560200668896321 0.6792763157894737 0.5629877369007804 0.6770833333333334 0.5635451505016722 0.6770833333333334 0.5652173913043478 0.6754385964912281 0.5657748049052397 0.6732456140350878 0.5663322185061316 0.6726973684210527 0.5663322185061316 0.6716008771929824 0.5668896321070234 0.6710526315789473 0.5668896321070234 0.6694078947368421 0.5674470457079153 0.668859649122807 0.5674470457079153 0.6677631578947368 0.5657748049052397 0.6644736842105263 0.564659977703456 0.6633771929824561 0.5624303232998885 0.662828947368421 0.5618729096989966 0.6622807017543859
0 0.5875139353400223 0.6370614035087719 0.5869565217391305 0.637609649122807 0.584726867335563 0.637609649122807 0.5819397993311036 0.6392543859649122 0.5797101449275363 0.6398026315789473 0.5763656633221851 0.6430921052631579 0.5763656633221851 0.6485745614035088 0.5780379041248607 0.6513157894736842 0.5797101449275363 0.6513157894736842 0.5830546265328874 0.6529605263157895 0.5858416945373467 0.6529605263157895 0.5863991081382386 0.6524122807017544 0.5880713489409142 0.6524122807017544 0.5903010033444817 0.6502192982456141 0.5903010033444817 0.649671052631579 0.5930880713489409 0.6474780701754386 0.5942028985507246 0.6447368421052632 0.5953177257525084 0.643640350877193 0.5953177257525084 0.6398026315789473 0.5930880713489409 0.637609649122807 0.5919732441471572 0.6370614035087719
0 0.633221850613155 0.6310307017543859 0.6309921962095875 0.6326754385964912 0.6304347826086957 0.6326754385964912 0.6282051282051282 0.6348684210526315 0.6265328874024526 0.6381578947368421 0.6265328874024526 0.6419956140350878 0.6270903010033445 0.6425438596491229 0.6270903010033445 0.6441885964912281 0.6293199554069119 0.6463815789473685 0.633221850613155 0.6463815789473685 0.6337792642140468 0.6458333333333334 0.6360089186176142 0.6452850877192983 0.6376811594202898 0.643640350877193 0.6387959866220736 0.6414473684210527 0.6387959866220736 0.6381578947368421 0.6393534002229655 0.637609649122807 0.6393534002229655 0.6365131578947368 0.6387959866220736 0.6359649122807017 0.6387959866220736 0.6337719298245614 0.6365663322185061 0.631578947368421 0.6354515050167224 0.631578947368421 0.6348940914158305 0.6310307017543859
0 0.6471571906354515 0.631578947368421 0.6465997770345596 0.6321271929824561 0.6438127090301003 0.6326754385964912 0.6415830546265329 0.6354166666666666 0.6415830546265329 0.6392543859649122 0.6421404682274248 0.6398026315789473 0.6421404682274248 0.6408991228070176 0.6438127090301003 0.6425438596491229 0.6460423634336678 0.6425438596491229 0.6465997770345596 0.6430921052631579 0.6477146042363434 0.6430921052631579 0.6488294314381271 0.6419956140350878 0.6510590858416946 0.6414473684210527 0.6521739130434783 0.6403508771929824 0.6527313266443702 0.6381578947368421 0.653288740245262 0.637609649122807 0.653288740245262 0.6370614035087719 0.6510590858416946 0.6348684210526315 0.6510590858416946 0.6337719298245614 0.6499442586399108 0.6326754385964912 0.6477146042363434 0.631578947368421
0 0.6438127090301003 0.6447368421052632 0.6432552954292085 0.6452850877192983 0.6404682274247492 0.6452850877192983 0.6382385730211817 0.6463815789473685 0.637123745819398 0.6474780701754386 0.637123745819398 0.6485745614035088 0.6360089186176142 0.6502192982456141 0.6360089186176142 0.6518640350877193 0.6354515050167224 0.6524122807017544 0.6354515050167224 0.6540570175438597 0.6365663322185061 0.6551535087719298 0.6376811594202898 0.6551535087719298 0.6382385730211817 0.6557017543859649 0.6438127090301003 0.6557017543859649 0.644927536231884 0.6551535087719298 0.6471571906354515 0.6529605263157895 0.6482720178372352 0.6507675438596491 0.6477146042363434 0.649671052631579 0.6477146042363434 0.6474780701754386 0.6465997770345596 0.6458333333333334 0.6443701226309922 0.6452850877192983
0 0.6716833890746934 0.6425438596491229 0.6705685618729097 0.6430921052631579 0.6666666666666666 0.6469298245614035 0.6666666666666666 0.6513157894736842 0.6661092530657748 0.6518640350877193 0.6661092530657748 0.6546052631578947 0.6688963210702341 0.6578947368421053 0.669453734671126 0.6578947368421053 0.6722408026755853 0.6600877192982456 0.6750278706800446 0.6606359649122807 0.6783723522853957 0.6622807017543859 0.6839464882943144 0.6578947368421053 0.68561872909699 0.6546052631578947 0.68561872909699 0.6535087719298246 0.6850613154960981 0.6529605263157895 0.6845039018952063 0.6502192982456141 0.6828316610925307 0.6469298245614035 0.6794871794871795 0.6441885964912281 0.677257525083612 0.6430921052631579 0.6761426978818283 0.6430921052631579 0.6755852842809364 0.6425438596491229
0 0.6989966555183946 0.6260964912280702 0.6956521739130435 0.6277412280701754 0.6939799331103679 0.6293859649122807 0.6939799331103679 0.6304824561403509 0.693422519509476 0.6310307017543859 0.693422519509476 0.6337719298245614 0.6945373467112598 0.6359649122807017 0.6984392419175028 0.6398026315789473 0.6995540691192865 0.6403508771929824 0.701783723522854 0.6398026315789473 0.7023411371237458 0.6392543859649122 0.7062430323299889 0.6392543859649122 0.7101449275362319 0.6365131578947368 0.7101449275362319 0.6299342105263158 0.70958751393534 0.6293859649122807 0.7068004459308808 0.6288377192982456 0.7028985507246377 0.6266447368421053 0.7006688963210702 0.6266447368421053 0.7001114827201784 0.6260964912280702
0 0.7123745819397993 0.6156798245614035 0.7118171683389075 0.6162280701754386 0.7090301003344481 0.6162280701754386 0.7079152731326644 0.6173245614035088 0.7073578595317725 0.6173245614035088 0.705685618729097 0.6195175438596491 0.705685618729097 0.6222587719298246 0.7051282051282052 0.6228070175438597 0.7051282051282052 0.6266447368421053 0.7062430323299889 0.6277412280701754 0.7073578595317725 0.6277412280701754 0.7101449275362319 0.6293859649122807 0.7157190635451505 0.6293859649122807 0.7168338907469343 0.6288377192982456 0.7190635451505016 0.6266447368421053 0.7196209587513935 0.6266447368421053 0.7201783723522854 0.6255482456140351 0.7201783723522854 0.6239035087719298 0.7207357859531772 0.6233552631578947 0.7201783723522854 0.6200657894736842 0.717948717948718 0.6178728070175439 0.7134894091415831 0.6156798245614035
0 0.6544035674470458 0.6206140350877193 0.6521739130434783 0.6217105263157895 0.6521739130434783 0.6222587719298246 0.6510590858416946 0.6233552631578947 0.6499442586399108 0.6255482456140351 0.6499442586399108 0.6288377192982456 0.6510590858416946 0.6310307017543859 0.6538461538461539 0.6337719298245614 0.6555183946488294 0.6337719298245614 0.6560758082497213 0.6343201754385965 0.6583054626532887 0.6343201754385965 0.6588628762541806 0.6337719298245614 0.6616499442586399 0.6332236842105263 0.6638795986622074 0.6304824561403509 0.6638795986622074 0.6255482456140351 0.6627647714604237 0.6233552631578947 0.6610925306577481 0.6217105263157895 0.6599777034559643 0.6217105263157895 0.6583054626532887 0.6206140350877193
0 0.6404682274247492 0.618421052631579 0.6382385730211817 0.6195175438596491 0.6382385730211817 0.6200657894736842 0.6360089186176142 0.6217105263157895 0.633221850613155 0.6228070175438597 0.632664437012263 0.6239035087719298 0.632664437012263 0.6255482456140351 0.6321070234113713 0.6260964912280702 0.6321070234113713 0.6277412280701754 0.632664437012263 0.6282894736842105 0.632664437012263 0.6304824561403509 0.6337792642140468 0.631578947368421 0.6404682274247492 0.6326754385964912 0.6410256410256411 0.6321271929824561 0.6432552954292085 0.631578947368421 0.6454849498327759 0.6299342105263158 0.6465997770345596 0.6277412280701754 0.6465997770345596 0.6255482456140351 0.6471571906354515 0.625 0.6477146042363434 0.6228070175438597 0.6438127090301003 0.618421052631579
0 0.5914158305462653 0.618421052631579 0.5886287625418061 0.6206140350877193 0.5869565217391305 0.6211622807017544 0.5858416945373467 0.6222587719298246 0.5858416945373467 0.6228070175438597 0.5813823857302118 0.6266447368421053 0.5808249721293199 0.6277412280701754 0.5808249721293199 0.6293859649122807 0.580267558528428 0.6299342105263158 0.5813823857302118 0.6321271929824561 0.5824972129319955 0.6326754385964912 0.584726867335563 0.6326754385964912 0.5852842809364549 0.6321271929824561 0.5863991081382386 0.6321271929824561 0.5886287625418061 0.6310307017543859 0.5930880713489409 0.6260964912280702 0.5930880713489409 0.6255482456140351 0.5953177257525084 0.6228070175438597 0.5947603121516165 0.6222587719298246 0.5947603121516165 0.6206140350877193 0.5942028985507246 0.6195175438596491 0.592530657748049 0.618421052631579
0 0.6616499442586399 0.5427631578947368 0.6610925306577481 0.5433114035087719 0.6594202898550725 0.5433114035087719 0.6588628762541806 0.543859649122807 0.657190635451505 0.543859649122807 0.6555183946488294 0.5449561403508771 0.6544035674470458 0.5449561403508771 0.6521739130434783 0.5471491228070176 0.6516164994425864 0.5487938596491229 0.6505016722408027 0.549890350877193 0.6505016722408027 0.5509868421052632 0.649386845039019 0.5531798245614035 0.649386845039019 0.5597587719298246 0.6510590858416946 0.5630482456140351 0.6521739130434783 0.5641447368421053 0.653288740245262 0.5641447368421053 0.6538461538461539 0.5646929824561403 0.6549609810479375 0.5646929824561403 0.6555183946488294 0.5641447368421053 0.6577480490523969 0.5641447368421053 0.6627647714604237 0.5581140350877193 0.6661092530657748 0.5509868421052632 0.6677814938684504 0.5493421052631579 0.669453734671126 0.5466008771929824 0.6688963210702341 0.5460526315789473 0.6688963210702341 0.5449561403508771 0.6672240802675585 0.5433114035087719 0.6661092530657748 0.5433114035087719 0.6655518394648829 0.5427631578947368
0 0.6923076923076923 0.5509868421052632 0.6889632107023411 0.5537280701754386 0.6889632107023411 0.5553728070175439 0.6884057971014492 0.555921052631579 0.6884057971014492 0.5603070175438597 0.6889632107023411 0.5614035087719298 0.6900780379041248 0.5614035087719298 0.6945373467112598 0.5641447368421053 0.6962095875139354 0.5641447368421053 0.697324414715719 0.5630482456140351 0.7001114827201784 0.5619517543859649 0.7012263099219621 0.5608552631578947 0.7028985507246377 0.5575657894736842 0.7028985507246377 0.5548245614035088 0.7023411371237458 0.5537280701754386 0.6989966555183946 0.5509868421052632 0.6984392419175028 0.5515350877192983 0.693422519509476 0.5515350877192983 0.6928651059085842 0.5509868421052632
0 0.6817168338907469 0.5542763157894737 0.6794871794871795 0.5553728070175439 0.6783723522853957 0.5564692982456141 0.6783723522853957 0.5575657894736842 0.6778149386845039 0.5581140350877193 0.6778149386845039 0.5603070175438597 0.677257525083612 0.5608552631578947 0.677257525083612 0.5625 0.6767001114827201 0.5630482456140351 0.6767001114827201 0.5668859649122807 0.6761426978818283 0.5674342105263158 0.6767001114827201 0.5679824561403509 0.677257525083612 0.5707236842105263 0.6783723522853957 0.5718201754385965 0.6817168338907469 0.5718201754385965 0.6839464882943144 0.5696271929824561 0.68561872909699 0.569078947368421 0.68561872909699 0.5685307017543859 0.6867335562987736 0.5674342105263158 0.6867335562987736 0.5597587719298246 0.6861761426978819 0.5592105263157895 0.6861761426978819 0.5581140350877193 0.6850613154960981 0.555921052631579 0.6822742474916388 0.5542763157894737
0 0.6956521739130435 0.5668859649122807 0.693422519509476 0.5679824561403509 0.689520624303233 0.5679824561403509 0.6884057971014492 0.569078947368421 0.6878483835005574 0.5712719298245614 0.6872909698996655 0.5718201754385965 0.6872909698996655 0.5729166666666666 0.6867335562987736 0.5734649122807017 0.6867335562987736 0.575109649122807 0.6872909698996655 0.5756578947368421 0.6872909698996655 0.5773026315789473 0.6889632107023411 0.5794956140350878 0.6900780379041248 0.5794956140350878 0.6906354515050167 0.5800438596491229 0.6928651059085842 0.5805921052631579 0.6962095875139354 0.5789473684210527 0.6984392419175028 0.5767543859649122 0.7001114827201784 0.5734649122807017 0.7001114827201784 0.5723684210526315 0.7006688963210702 0.5718201754385965 0.7006688963210702 0.5696271929824561 0.6989966555183946 0.569078947368421 0.6962095875139354 0.5668859649122807
0 0.6672240802675585 0.5663377192982456 0.6655518394648829 0.5679824561403509 0.6644370122630993 0.5679824561403509 0.6638795986622074 0.5685307017543859 0.6616499442586399 0.5685307017543859 0.6594202898550725 0.5701754385964912 0.6588628762541806 0.5701754385964912 0.6566332218506131 0.5723684210526315 0.6555183946488294 0.5745614035087719 0.653288740245262 0.5762061403508771 0.653288740245262 0.5767543859649122 0.6521739130434783 0.5778508771929824 0.6544035674470458 0.5816885964912281 0.6566332218506131 0.5822368421052632 0.657190635451505 0.5827850877192983 0.6588628762541806 0.5827850877192983 0.6594202898550725 0.5822368421052632 0.6610925306577481 0.5822368421052632 0.6638795986622074 0.5805921052631579 0.6683389074693422 0.5800438596491229 0.6705685618729097 0.5783991228070176 0.6711259754738016 0.5762061403508771 0.6716833890746934 0.5756578947368421 0.6722408026755853 0.5707236842105263 0.6688963210702341 0.5674342105263158 0.6683389074693422 0.5663377192982456
0 0.7212931995540691 0.5553728070175439 0.7185061315496098 0.5553728070175439 0.7162764771460424 0.5564692982456141 0.7140468227424749 0.5603070175438597 0.7134894091415831 0.5657894736842105 0.7140468227424749 0.5663377192982456 0.7140468227424749 0.5674342105263158 0.7162764771460424 0.5685307017543859 0.7207357859531772 0.5685307017543859 0.7229654403567447 0.5668859649122807 0.7240802675585284 0.5668859649122807 0.7268673355629878 0.5652412280701754 0.7274247491638796 0.5630482456140351 0.7279821627647715 0.5625 0.7279821627647715 0.5586622807017544 0.7268673355629878 0.5564692982456141 0.7246376811594203 0.555921052631579 0.7240802675585284 0.5553728070175439
0 0.7201783723522854 0.5701754385964912 0.7196209587513935 0.5707236842105263 0.7162764771460424 0.5707236842105263 0.7146042363433668 0.5718201754385965 0.7134894091415831 0.5718201754385965 0.7123745819397993 0.5729166666666666 0.7118171683389075 0.575109649122807 0.7112597547380156 0.5756578947368421 0.7112597547380156 0.5773026315789473 0.7107023411371237 0.5778508771929824 0.7129319955406912 0.5822368421052632 0.7140468227424749 0.5827850877192983 0.7190635451505016 0.5827850877192983 0.721850613154961 0.5805921052631579 0.7229654403567447 0.5783991228070176 0.7229654403567447 0.5773026315789473 0.7246376811594203 0.575109649122807 0.7246376811594203 0.5740131578947368 0.7212931995540691 0.5707236842105263 0.7207357859531772 0.5707236842105263
0 0.7575250836120402 0.5548245614035088 0.7569676700111483 0.5553728070175439 0.7552954292084727 0.5553728070175439 0.754180602006689 0.555921052631579 0.7508361204013378 0.5592105263157895 0.750278706800446 0.5614035087719298 0.749721293199554 0.5619517543859649 0.749721293199554 0.5657894736842105 0.750278706800446 0.5663377192982456 0.750278706800446 0.5679824561403509 0.754180602006689 0.5723684210526315 0.7558528428093646 0.5729166666666666 0.758082497212932 0.575109649122807 0.7603121516164995 0.575109649122807 0.7608695652173914 0.5756578947368421 0.761984392419175 0.5756578947368421 0.7630992196209587 0.5745614035087719 0.7636566332218506 0.5745614035087719 0.7686733556298774 0.569078947368421 0.7686733556298774 0.5685307017543859 0.7697881828316611 0.5674342105263158 0.7697881828316611 0.5641447368421053 0.7692307692307693 0.5635964912280702 0.7692307692307693 0.5619517543859649 0.7681159420289855 0.5597587719298246 0.7670011148272018 0.5586622807017544 0.7653288740245262 0.5581140350877193 0.7636566332218506 0.5564692982456141 0.7614269788182831 0.5553728070175439 0.7603121516164995 0.5553728070175439 0.7597547380156076 0.5548245614035088
0 0.7480490523968785 0.5723684210526315 0.7452619843924192 0.5745614035087719 0.7452619843924192 0.5756578947368421 0.7447045707915273 0.5762061403508771 0.7447045707915273 0.5800438596491229 0.7452619843924192 0.5805921052631579 0.745819397993311 0.5844298245614035 0.7480490523968785 0.5866228070175439 0.7491638795986622 0.5860745614035088 0.7513935340022296 0.5860745614035088 0.7519509476031215 0.5855263157894737 0.7552954292084727 0.5849780701754386 0.7586399108138239 0.5816885964912281 0.7586399108138239 0.5805921052631579 0.7603121516164995 0.5778508771929824 0.7591973244147158 0.575109649122807 0.758082497212932 0.5740131578947368 0.7547380156075808 0.5734649122807017 0.754180602006689 0.5729166666666666 0.749721293199554 0.5729166666666666 0.7491638795986622 0.5723684210526315
0 0.7369007803790413 0.5822368421052632 0.7346711259754738 0.5833333333333334 0.7329988851727982 0.5849780701754386 0.7324414715719063 0.587171052631579 0.7313266443701226 0.5882675438596491 0.7307692307692307 0.5882675438596491 0.7318840579710145 0.5882675438596491 0.7341137123745819 0.5904605263157895 0.7346711259754738 0.5921052631578947 0.7374581939799331 0.5948464912280702 0.7396878483835005 0.5948464912280702 0.7402452619843924 0.5953947368421053 0.7413600891861761 0.5953947368421053 0.741917502787068 0.5948464912280702 0.7447045707915273 0.5942982456140351 0.7469342251950948 0.5921052631578947 0.7469342251950948 0.5904605263157895 0.7463768115942029 0.5899122807017544 0.7463768115942029 0.587171052631579 0.745819397993311 0.5860745614035088 0.7430323299888517 0.5833333333333334 0.7408026755852842 0.5822368421052632
0 0.7268673355629878 0.5959429824561403 0.7235228539576366 0.5986842105263158 0.7235228539576366 0.6025219298245614 0.7246376811594203 0.6047149122807017 0.7285395763656634 0.6069078947368421 0.7329988851727982 0.6069078947368421 0.7352285395763657 0.6058114035087719 0.7369007803790413 0.6025219298245614 0.7369007803790413 0.6008771929824561 0.7363433667781494 0.600328947368421 0.7363433667781494 0.5981359649122807 0.7357859531772575 0.5975877192982456 0.7341137123745819 0.5975877192982456 0.7307692307692307 0.5959429824561403
0 0.6616499442586399 0.4857456140350877 0.6538461538461539 0.48739035087719296 0.649386845039019 0.49396929824561403 0.6477146042363434 0.5120614035087719 0.6544035674470458 0.5197368421052632 0.6594202898550725 0.5197368421052632 0.6638795986622074 0.5175438596491229 0.6705685618729097 0.5115131578947368 0.6727982162764772 0.5060307017543859 0.673355629877369 0.4961622807017544 0.6716833890746934 0.4901315789473684 0.6683389074693422 0.4862938596491228 0.6655518394648829 0.4857456140350877
0 0.6287625418060201 0.5208333333333334 0.620958751393534 0.5235745614035088 0.6153846153846154 0.5317982456140351 0.6142697881828316 0.5427631578947368 0.6159420289855072 0.5460526315789473 0.6192865105908584 0.5476973684210527 0.624860646599777 0.5455043859649122 0.6309921962095875 0.5350877192982456 0.633221850613155 0.5235745614035088 0.6298773690078038 0.5208333333333334
0 0.754180602006689 0.48739035087719296 0.750278706800446 0.48848684210526316 0.7474916387959866 0.4934210526315789 0.7480490523968785 0.49890350877192985 0.7519509476031215 0.5043859649122807 0.7614269788182831 0.5021929824561403 0.7636566332218506 0.49835526315789475 0.7625418060200669 0.4917763157894737 0.7547380156075808 0.48739035087719296
0 0.741917502787068 0.5021929824561403 0.7374581939799331 0.5049342105263158 0.7357859531772575 0.5087719298245614 0.7369007803790413 0.5148026315789473 0.7435897435897436 0.5175438596491229 0.7480490523968785 0.5164473684210527 0.7508361204013378 0.5120614035087719 0.749721293199554 0.5054824561403509 0.7452619843924192 0.5021929824561403
0 0.7547380156075808 0.5169956140350878 0.7508361204013378 0.5180921052631579 0.7486064659977704 0.5213815789473685 0.750278706800446 0.5263157894736842 0.7547380156075808 0.5290570175438597 0.7586399108138239 0.5279605263157895 0.761984392419175 0.5224780701754386 0.7597547380156076 0.5180921052631579 0.7558528428093646 0.5169956140350878
0 0.7396878483835005 0.5350877192982456 0.7363433667781494 0.5361842105263158 0.7329988851727982 0.5416666666666666 0.7329988851727982 0.5444078947368421 0.7374581939799331 0.5482456140350878 0.7463768115942029 0.5466008771929824 0.745819397993311 0.5394736842105263 0.7413600891861761 0.5350877192982456
0 0.7229654403567447 0.5367324561403509 0.7162764771460424 0.5389254385964912 0.7134894091415831 0.5455043859649122 0.7151616499442587 0.5487938596491229 0.7224080267558528 0.5515350877192983 0.7302118171683389 0.5471491228070176 0.7307692307692307 0.5433114035087719 0.7263099219620959 0.5367324561403509
0 0.7045707915273133 0.5339912280701754 0.6956521739130435 0.5389254385964912 0.6939799331103679 0.5422149122807017 0.697324414715719 0.5466008771929824 0.7040133779264214 0.5487938596491229 0.7107023411371237 0.5466008771929824 0.7134894091415831 0.5400219298245614 0.7123745819397993 0.5367324561403509 0.7084726867335563 0.5339912280701754
0 0.7168338907469343 0.5197368421052632 0.7118171683389075 0.5219298245614035 0.7079152731326644 0.5285087719298246 0.7101449275362319 0.5334429824561403 0.7162764771460424 0.5356359649122807 0.721850613154961 0.5307017543859649 0.7229654403567447 0.5263157894736842 0.7207357859531772 0.5202850877192983 0.717948717948718 0.5197368421052632
0 0.7720178372352285 0.5317982456140351 0.7686733556298774 0.5356359649122807 0.7686733556298774 0.5372807017543859 0.7681159420289855 0.537828947368421 0.7681159420289855 0.5405701754385965 0.7686733556298774 0.5411184210526315 0.7686733556298774 0.5422149122807017 0.7725752508361204 0.5455043859649122 0.778149386845039 0.5455043859649122 0.7792642140468228 0.5444078947368421 0.7792642140468228 0.543859649122807 0.782051282051282 0.5416666666666666 0.782051282051282 0.5405701754385965 0.782608695652174 0.5400219298245614 0.7803790412486065 0.5361842105263158 0.7798216276477146 0.5361842105263158 0.7775919732441472 0.5339912280701754 0.774247491638796 0.5323464912280702 0.7731326644370122 0.5323464912280702 0.7725752508361204 0.5317982456140351
0 0.7686733556298774 0.5433114035087719 0.7681159420289855 0.543859649122807 0.7636566332218506 0.5449561403508771 0.7608695652173914 0.5476973684210527 0.7608695652173914 0.5487938596491229 0.7603121516164995 0.5493421052631579 0.7603121516164995 0.5520833333333334 0.761984392419175 0.5553728070175439 0.761984392419175 0.5570175438596491 0.7647714604236343 0.5570175438596491 0.7670011148272018 0.5586622807017544 0.7681159420289855 0.5586622807017544 0.7686733556298774 0.5592105263157895 0.7709030100334449 0.5592105263157895 0.7714604236343366 0.5586622807017544 0.7725752508361204 0.5586622807017544 0.7748049052396878 0.5564692982456141 0.7748049052396878 0.5526315789473685 0.7753623188405797 0.5520833333333334 0.7753623188405797 0.5493421052631579 0.7748049052396878 0.5487938596491229 0.774247491638796 0.5460526315789473 0.7731326644370122 0.5449561403508771 0.7709030100334449 0.543859649122807 0.7692307692307693 0.543859649122807
0 0.782051282051282 0.5164473684210527 0.7814938684503902 0.5169956140350878 0.7787068004459309 0.5169956140350878 0.7764771460423634 0.518640350877193 0.7753623188405797 0.5208333333333334 0.7753623188405797 0.5219298245614035 0.7748049052396878 0.5224780701754386 0.7748049052396878 0.5274122807017544 0.7753623188405797 0.5279605263157895 0.7753623188405797 0.5290570175438597 0.7798216276477146 0.5334429824561403 0.7809364548494984 0.5334429824561403 0.782608695652174 0.5345394736842105 0.7887402452619844 0.5345394736842105 0.7898550724637681 0.5339912280701754 0.7915273132664437 0.5317982456140351 0.7920847268673356 0.5296052631578947 0.7937569676700111 0.5268640350877193 0.7937569676700111 0.524671052631579 0.7926421404682275 0.5224780701754386 0.7898550724637681 0.5197368421052632 0.7892976588628763 0.5197368421052632 0.7876254180602007 0.5180921052631579 0.7853957636566332 0.5169956140350878 0.7831661092530657 0.5169956140350878 0.782608695652174 0.5164473684210527
0 0.7931995540691192 0.5038377192982456 0.7909698996655519 0.5049342105263158 0.7892976588628763 0.5082236842105263 0.7898550724637681 0.5148026315789473 0.7926421404682275 0.5169956140350878 0.7971014492753623 0.5169956140350878 0.8010033444816054 0.5131578947368421 0.8015607580824972 0.5120614035087719 0.8021181716833891 0.5082236842105263 0.8010033444816054 0.5071271929824561 0.7998885172798216 0.5049342105263158 0.7976588628762542 0.5038377192982456
0 0.8071348940914158 0.4923245614035088 0.8049052396878483 0.4934210526315789 0.8015607580824972 0.4967105263157895 0.8010033444816054 0.49780701754385964 0.8010033444816054 0.5049342105263158 0.8015607580824972 0.5049342105263158 0.8037904124860646 0.5071271929824561 0.8049052396878483 0.5071271929824561 0.8054626532887402 0.5076754385964912 0.8076923076923077 0.5076754385964912 0.8093645484949833 0.506578947368421 0.810479375696767 0.506578947368421 0.8138238573021181 0.5049342105263158 0.8138238573021181 0.5043859649122807 0.8160535117056856 0.5016447368421053 0.8160535117056856 0.49725877192982454 0.8138238573021181 0.49506578947368424 0.810479375696767 0.4934210526315789 0.8076923076923077 0.4928728070175439
0 0.782608695652174 0.4895833333333333 0.782051282051282 0.4901315789473684 0.7770345596432553 0.4901315789473684 0.7764771460423634 0.4906798245614035 0.7748049052396878 0.4906798245614035 0.774247491638796 0.49122807017543857 0.7753623188405797 0.4934210526315789 0.7753623188405797 0.4956140350877193 0.7759197324414716 0.4967105263157895 0.778149386845039 0.49890350877192985 0.7831661092530657 0.49890350877192985 0.7842809364548495 0.49835526315789475 0.7876254180602007 0.49451754385964913 0.7870680044593088 0.49396929824561403 0.7865105908584169 0.4906798245614035 0.7853957636566332 0.4901315789473684 0.7831661092530657 0.4901315789473684
0 0.7753623188405797 0.47149122807017546 0.7748049052396878 0.4720394736842105 0.7725752508361204 0.4720394736842105 0.7709030100334449 0.47368421052631576 0.770345596432553 0.4758771929824561 0.7692307692307693 0.47752192982456143 0.7697881828316611 0.4786184210526316 0.7697881828316611 0.48135964912280704 0.7720178372352285 0.4830043859649123 0.7764771460423634 0.4830043859649123 0.7798216276477146 0.48081140350877194 0.7798216276477146 0.47971491228070173 0.7803790412486065 0.4791666666666667 0.7803790412486065 0.4753289473684211 0.7787068004459309 0.4731359649122807 0.7787068004459309 0.4720394736842105 0.7775919732441472 0.47149122807017546
0 0.758082497212932 0.4731359649122807 0.7569676700111483 0.47423245614035087 0.7547380156075808 0.4753289473684211 0.7530657748049052 0.47752192982456143 0.7530657748049052 0.48081140350877194 0.754180602006689 0.4830043859649123 0.7552954292084727 0.48410087719298245 0.7575250836120402 0.48464912280701755 0.758082497212932 0.48519736842105265 0.7614269788182831 0.48519736842105265 0.7625418060200669 0.48464912280701755 0.7642140468227425 0.4830043859649123 0.7642140468227425 0.4824561403508772 0.7658862876254181 0.48026315789473684 0.7658862876254181 0.47752192982456143 0.7647714604236343 0.4753289473684211 0.7625418060200669 0.4731359649122807
0 0.7435897435897436 0.47478070175438597 0.7430323299888517 0.4753289473684211 0.7402452619843924 0.4753289473684211 0.7391304347826086 0.4764254385964912 0.7385730211817169 0.4764254385964912 0.7363433667781494 0.48081140350877194 0.7369007803790413 0.48135964912280704 0.7369007803790413 0.48355263157894735 0.7374581939799331 0.48410087719298245 0.7374581939799331 0.48519736842105265 0.7385730211817169 0.4862938596491228 0.7385730211817169 0.4868421052631579 0.7408026755852842 0.48848684210526316 0.7447045707915273 0.48848684210526316 0.7469342251950948 0.48739035087719296 0.7491638795986622 0.48464912280701755 0.7491638795986622 0.4769736842105263 0.7480490523968785 0.4758771929824561 0.7469342251950948 0.4753289473684211 0.7452619843924192 0.4753289473684211 0.7447045707915273 0.47478070175438597
0 0.7274247491638796 0.49506578947368424 0.7251950947603122 0.4961622807017544 0.7235228539576366 0.49780701754385964 0.7235228539576366 0.5005482456140351 0.7229654403567447 0.5010964912280702 0.7235228539576366 0.5016447368421053 0.7240802675585284 0.5043859649122807 0.725752508361204 0.506578947368421 0.725752508361204 0.5071271929824561 0.7274247491638796 0.5082236842105263 0.7307692307692307 0.5087719298245614 0.7318840579710145 0.5082236842105263 0.7341137123745819 0.5060307017543859 0.7346711259754738 0.5049342105263158 0.7346711259754738 0.5005482456140351 0.7341137123745819 0.5 0.7335562987736901 0.49725877192982454 0.7318840579710145 0.4956140350877193 0.7285395763656634 0.4956140350877193 0.7279821627647715 0.49506578947368424
0 0.7112597547380156 0.5005482456140351 0.7107023411371237 0.5010964912280702 0.70958751393534 0.5010964912280702 0.7079152731326644 0.5027412280701754 0.7068004459308808 0.5049342105263158 0.7068004459308808 0.5060307017543859 0.705685618729097 0.5076754385964912 0.7062430323299889 0.5148026315789473 0.70958751393534 0.5164473684210527 0.7129319955406912 0.5164473684210527 0.7140468227424749 0.5158991228070176 0.7162764771460424 0.5137061403508771 0.7190635451505016 0.512609649122807 0.7201783723522854 0.5115131578947368 0.7207357859531772 0.5093201754385965 0.7212931995540691 0.5087719298245614 0.7212931995540691 0.5049342105263158 0.7201783723522854 0.5038377192982456 0.7201783723522854 0.5032894736842105 0.7162764771460424 0.5010964912280702 0.7146042363433668 0.5010964912280702 0.7140468227424749 0.5005482456140351
0 0.6989966555183946 0.5153508771929824 0.6950947603121517 0.5180921052631579 0.6945373467112598 0.5197368421052632 0.6928651059085842 0.5219298245614035 0.6928651059085842 0.5257675438596491 0.6911928651059086 0.5279605263157895 0.6911928651059086 0.5301535087719298 0.6950947603121517 0.5334429824561403 0.697324414715719 0.5334429824561403 0.7006688963210702 0.5317982456140351 0.705685618729097 0.5257675438596491 0.705685618729097 0.5197368421052632 0.7051282051282052 0.5191885964912281 0.7051282051282052 0.5180921052631579 0.7028985507246377 0.5158991228070176 0.7012263099219621 0.5158991228070176 0.7006688963210702 0.5153508771929824
0 0.6817168338907469 0.506578947368421 0.6789297658862876 0.5087719298245614 0.6783723522853957 0.5109649122807017 0.6755852842809364 0.5153508771929824 0.6755852842809364 0.5191885964912281 0.6767001114827201 0.5202850877192983 0.6778149386845039 0.5224780701754386 0.6794871794871795 0.5241228070175439 0.6794871794871795 0.524671052631579 0.6817168338907469 0.5268640350877193 0.68561872909699 0.5268640350877193 0.6872909698996655 0.5252192982456141 0.6878483835005574 0.5230263157894737 0.689520624303233 0.5202850877192983 0.689520624303233 0.5180921052631579 0.6900780379041248 0.5175438596491229 0.6900780379041248 0.5115131578947368 0.689520624303233 0.5109649122807017 0.689520624303233 0.5087719298245614 0.6889632107023411 0.5076754385964912 0.6867335562987736 0.5071271929824561 0.6861761426978819 0.506578947368421
0 0.6438127090301003 0.5202850877192983 0.6399108138238573 0.5224780701754386 0.6382385730211817 0.5257675438596491 0.6382385730211817 0.5268640350877193 0.6365663322185061 0.5290570175438597 0.6365663322185061 0.5334429824561403 0.6360089186176142 0.5339912280701754 0.6360089186176142 0.537828947368421 0.6376811594202898 0.5416666666666666 0.6404682274247492 0.543859649122807 0.6415830546265329 0.543859649122807 0.6421404682274248 0.5444078947368421 0.6438127090301003 0.5444078947368421 0.6460423634336678 0.5422149122807017 0.6465997770345596 0.5422149122807017 0.6516164994425864 0.5372807017543859 0.6527313266443702 0.5350877192982456 0.6544035674470458 0.5334429824561403 0.6544035674470458 0.5317982456140351 0.6549609810479375 0.53125 0.6549609810479375 0.5257675438596491 0.6510590858416946 0.5213815789473685 0.6499442586399108 0.5213815789473685 0.6482720178372352 0.5202850877192983
0 0.6014492753623188 0.5592105263157895 0.600891861761427 0.5597587719298246 0.5975473801560758 0.5597587719298246 0.5958751393534002 0.5608552631578947 0.5947603121516165 0.5608552631578947 0.592530657748049 0.5619517543859649 0.5908584169453734 0.5641447368421053 0.5908584169453734 0.5679824561403509 0.5903010033444817 0.5685307017543859 0.5897435897435898 0.5745614035087719 0.5908584169453734 0.5762061403508771 0.592530657748049 0.5767543859649122 0.5953177257525084 0.5789473684210527 0.5997770345596433 0.5762061403508771 0.6014492753623188 0.5762061403508771 0.6031215161649944 0.5745614035087719 0.6031215161649944 0.5740131578947368 0.6042363433667781 0.5729166666666666 0.60479375696767 0.5707236842105263 0.6070234113712375 0.5679824561403509 0.6070234113712375 0.5657894736842105 0.6064659977703456 0.5652412280701754 0.6064659977703456 0.5635964912280702 0.6059085841694537 0.5625 0.6031215161649944 0.5597587719298246 0.6020066889632107 0.5592105263157895
0 0.782051282051282 0.4616228070175439 0.778149386845039 0.46271929824561403 0.7753623188405797 0.4682017543859649 0.778149386845039 0.47149122807017546 0.782608695652174 0.4725877192982456 0.7876254180602007 0.46655701754385964 0.7865105908584169 0.46271929824561403 0.7831661092530657 0.4616228070175439
0 0.7653288740245262 0.4588815789473684 0.7625418060200669 0.4605263157894737 0.7603121516164995 0.46655701754385964 0.761984392419175 0.47039473684210525 0.7653288740245262 0.4725877192982456 0.7714604236343366 0.46984649122807015 0.7725752508361204 0.46381578947368424 0.7670011148272018 0.4588815789473684
0 0.75 0.4583333333333333 0.7441471571906354 0.4594298245614035 0.7413600891861761 0.46326754385964913 0.7424749163879598 0.46984649122807015 0.7469342251950948 0.4725877192982456 0.7547380156075808 0.4720394736842105 0.7569676700111483 0.46984649122807015 0.758082497212932 0.46271929824561403 0.7536231884057971 0.4583333333333333
0 0.729654403567447 0.4830043859649123 0.7251950947603122 0.4868421052631579 0.725752508361204 0.49122807017543857 0.7285395763656634 0.4928728070175439 0.7346711259754738 0.4901315789473684 0.7352285395763657 0.4868421052631579 0.7318840579710145 0.4830043859649123
0 0.8001672240802675 0.43256578947368424 0.7959866220735786 0.4331140350877193 0.7937569676700111 0.43585526315789475 0.7937569676700111 0.4418859649122807 0.7965440356744704 0.4451754385964912 0.8037904124860646 0.4451754385964912 0.8054626532887402 0.44353070175438597 0.8060200668896321 0.43530701754385964 0.8032329988851727 0.43256578947368424
0 0.7675585284280937 0.4375 0.7625418060200669 0.43914473684210525 0.7536231884057971 0.44627192982456143 0.7525083612040134 0.45285087719298245 0.7547380156075808 0.4550438596491228 0.7625418060200669 0.4555921052631579 0.7670011148272018 0.45339912280701755 0.770345596432553 0.4446271929824561 0.770345596432553 0.43969298245614036 0.7686733556298774 0.4375
0 0.7859531772575251 0.42543859649122806 0.7764771460423634 0.43256578947368424 0.7748049052396878 0.43530701754385964 0.7764771460423634 0.43969298245614036 0.7831661092530657 0.44024122807017546 0.7892976588628763 0.4369517543859649 0.7909698996655519 0.4281798245614035 0.7881828316610925 0.42543859649122806
0 0.8071348940914158 0.40734649122807015 0.8021181716833891 0.4133771929824561 0.8021181716833891 0.41831140350877194 0.8071348940914158 0.4237938596491228 0.8132664437012264 0.42160087719298245 0.8160535117056856 0.41721491228070173 0.81438127090301 0.4106359649122807 0.810479375696767 0.40734649122807015
0 0.7965440356744704 0.4199561403508772 0.7931995540691192 0.42489035087719296 0.7959866220735786 0.4309210526315789 0.8043478260869565 0.42872807017543857 0.8032329988851727 0.4232456140350877 0.8004459308807135 0.4199561403508772
0 0.7959866220735786 0.4479166666666667 0.79041248606466 0.45285087719298245 0.7915273132664437 0.45668859649122806 0.7959866220735786 0.4588815789473684 0.7998885172798216 0.45668859649122806 0.8015607580824972 0.45285087719298245 0.7993311036789298 0.4479166666666667
0 0.8132664437012264 0.4720394736842105 0.8071348940914158 0.4769736842105263 0.8054626532887402 0.48739035087719296 0.806577480490524 0.49122807017543857 0.8166109253065775 0.49506578947368424 0.8221850613154961 0.49122807017543857 0.8272017837235228 0.48410087719298245 0.8260869565217391 0.47752192982456143 0.8182831661092531 0.4720394736842105
0 0.34169453734671124 0.5 0.3377926421404682 0.5021929824561403 0.33444816053511706 0.5076754385964912 0.33612040133779264 0.5158991228070176 0.34057971014492755 0.5202850877192983 0.3455964325529543 0.518640350877193 0.3517279821627648 0.5093201754385965 0.35061315496098105 0.5049342105263158 0.3433667781493868 0.5
0 0.37848383500557414 0.4588815789473684 0.375139353400223 0.4605263157894737 0.37235228539576365 0.46600877192982454 0.3734671125975474 0.47094298245614036 0.3756967670011148 0.4720394736842105 0.38127090301003347 0.47094298245614036 0.38461538461538464 0.46655701754385964 0.38461538461538464 0.4621710526315789 0.38071348940914157 0.4588815789473684
0 0.39018952062430323 0.4479166666666667 0.38405797101449274 0.45285087719298245 0.38405797101449274 0.45668859649122806 0.38684503901895206 0.45997807017543857 0.39464882943143814 0.4583333333333333 0.39687848383500557 0.4544956140350877 0.3957636566332218 0.45010964912280704 0.3907469342251951 0.4479166666666667
0 0.43868450390189523 0.43146929824561403 0.43534002229654406 0.43201754385964913 0.431438127090301 0.43585526315789475 0.4319955406911929 0.44024122807017546 0.43534002229654406 0.44353070175438597 0.43868450390189523 0.4440789473684211 0.4431438127090301 0.44243421052631576 0.44648829431438125 0.43640350877192985 0.44258639910813824 0.43201754385964913 0.43924191750278707 0.43146929824561403
0 0.46878483835005574 0.46984649122807015 0.463768115942029 0.47149122807017546 0.4559643255295429 0.47971491228070173 0.45484949832775917 0.48355263157894735 0.45652173913043476 0.49506578947368424 0.4654403567447046 0.5 0.47268673355629875 0.4967105263157895 0.48049052396878483 0.4819078947368421 0.4777034559643255 0.47368421052631576 0.47157190635451507 0.46984649122807015
0 0.5144927536231884 0.42160087719298245 0.5066889632107023 0.42214912280701755 0.5016722408026756 0.42543859649122806 0.49888517279821626 0.43201754385964913 0.4983277591973244 0.43914473684210525 0.5027870680044593 0.4440789473684211 0.5195094760312151 0.4446271929824561 0.5289855072463768 0.43585526315789475 0.5273132664437012 0.4292763157894737 0.5211817168338907 0.42269736842105265 0.5178372352285395 0.42160087719298245
0 0.5261984392419174 0.4451754385964912 0.5150501672240803 0.4512061403508772 0.5144927536231884 0.45778508771929827 0.5178372352285395 0.46765350877192985 0.5211817168338907 0.47039473684210525 0.5289855072463768 0.4725877192982456 0.5362318840579711 0.47149122807017546 0.5406911928651059 0.46655701754385964 0.5429208472686734 0.4588815789473684 0.5418060200668896 0.44956140350877194 0.5312151616499443 0.4451754385964912
0 0.5496098104793757 0.45285087719298245 0.5468227424749164 0.4550438596491228 0.5457079152731327 0.45997807017543857 0.5479375696767002 0.47094298245614036 0.5529542920847269 0.4753289473684211 0.5652173913043478 0.47752192982456143 0.5707915273132664 0.47039473684210525 0.5696767001114827 0.46326754385964913 0.5629877369007804 0.45614035087719296 0.5540691192865106 0.45285087719298245
0 0.5429208472686734 0.4720394736842105 0.5334448160535117 0.4758771929824561 0.5306577480490524 0.48026315789473684 0.532329988851728 0.49122807017543857 0.5390189520624303 0.4961622807017544 0.5490523968784838 0.48519736842105265 0.5490523968784838 0.4769736842105263 0.5434782608695652 0.4725877192982456
0 0.5908584169453734 0.4605263157894737 0.5785953177257525 0.47039473684210525 0.5774804905239688 0.48026315789473684 0.580267558528428 0.48519736842105265 0.5858416945373467 0.48848684210526316 0.5986622073578596 0.4895833333333333 0.6020066889632107 0.4862938596491228 0.60479375696767 0.47368421052631576 0.592530657748049 0.4605263157894737
0 0.5813823857302118 0.43585526315789475 0.5741360089186176 0.4380482456140351 0.568561872909699 0.4457236842105263 0.5680044593088072 0.45339912280701755 0.5735785953177257 0.4605263157894737 0.5914158305462653 0.45614035087719296 0.592530657748049 0.44846491228070173 0.5908584169453734 0.44243421052631576 0.5886287625418061 0.4380482456140351 0.584726867335563 0.43585526315789475
0 0.5568561872909699 0.41831140350877194 0.5512820512820513 0.42105263157894735 0.5451505016722408 0.4281798245614035 0.5423634336677815 0.43475877192982454 0.5423634336677815 0.4407894736842105 0.5434782608695652 0.44627192982456143 0.5457079152731327 0.44846491228070173 0.560200668896321 0.4517543859649123 0.5674470457079153 0.44353070175438597 0.5707915273132664 0.4292763157894737 0.5674470457079153 0.42214912280701755 0.5607580824972129 0.41831140350877194
0 0.7115384615384616 0.42160087719298245 0.7040133779264214 0.4237938596491228 0.6984392419175028 0.42872807017543857 0.6950947603121517 0.43859649122807015 0.6978818283166109 0.4440789473684211 0.7062430323299889 0.44627192982456143 0.7129319955406912 0.4446271929824561 0.7207357859531772 0.4375 0.7224080267558528 0.4281798245614035 0.7196209587513935 0.4243421052631579 0.7146042363433668 0.42160087719298245
0 0.6822742474916388 0.41721491228070173 0.6778149386845039 0.4205043859649123 0.6711259754738016 0.43146929824561403 0.669453734671126 0.4380482456140351 0.6711259754738016 0.4418859649122807 0.6839464882943144 0.4407894736842105 0.6900780379041248 0.4375 0.6928651059085842 0.42489035087719296 0.6906354515050167 0.4199561403508772 0.6867335562987736 0.41721491228070173
0 0.6647157190635451 0.40131578947368424 0.6588628762541806 0.4024122807017544 0.6527313266443702 0.41228070175438597 0.6544035674470458 0.42269736842105265 0.6644370122630993 0.4298245614035088 0.6688963210702341 0.4281798245614035 0.6755852842809364 0.41831140350877194 0.6755852842809364 0.4067982456140351 0.6722408026755853 0.4024122807017544 0.6683389074693422 0.40131578947368424
0 0.6839464882943144 0.37664473684210525 0.673355629877369 0.3815789473684211 0.6700111482720178 0.39144736842105265 0.6711259754738016 0.39528508771929827 0.6778149386845039 0.40131578947368424 0.6850613154960981 0.4024122807017544 0.6917502787068004 0.39747807017543857 0.6945373467112598 0.39144736842105265 0.6923076923076923 0.37993421052631576 0.6872909698996655 0.37664473684210525
0 0.7447045707915273 0.38377192982456143 0.7329988851727982 0.39035087719298245 0.7313266443701226 0.3985745614035088 0.7341137123745819 0.40460526315789475 0.7424749163879598 0.40515350877192985 0.7513935340022296 0.40076754385964913 0.7547380156075808 0.39035087719298245 0.7525083612040134 0.38596491228070173 0.7486064659977704 0.38377192982456143
0 0.7513935340022296 0.4243421052631579 0.7430323299888517 0.4276315789473684 0.7385730211817169 0.43146929824561403 0.738015607580825 0.43914473684210525 0.7408026755852842 0.44353070175438597 0.7486064659977704 0.44353070175438597 0.7586399108138239 0.43585526315789475 0.7586399108138239 0.4281798245614035 0.7519509476031215 0.4243421052631579
0 0.7614269788182831 0.40405701754385964 0.7586399108138239 0.40460526315789475 0.7569676700111483 0.40734649122807015 0.7558528428093646 0.41776315789473684 0.758082497212932 0.41885964912280704 0.7636566332218506 0.41721491228070173 0.7670011148272018 0.41228070175438597 0.7658862876254181 0.4057017543859649 0.761984392419175 0.40405701754385964
0 0.7787068004459309 0.39747807017543857 0.7731326644370122 0.40405701754385964 0.7731326644370122 0.40844298245614036 0.7753623188405797 0.41228070175438597 0.782608695652174 0.41173245614035087 0.7859531772575251 0.40789473684210525 0.7837235228539576 0.3996710526315789 0.7798216276477146 0.39747807017543857
0 0.7915273132664437 0.37719298245614036 0.7859531772575251 0.3793859649122807 0.7837235228539576 0.3887061403508772 0.7848383500557413 0.39418859649122806 0.7892976588628763 0.3980263157894737 0.7926421404682275 0.39747807017543857 0.8015607580824972 0.39035087719298245 0.8015607580824972 0.38706140350877194 0.7976588628762542 0.37993421052631576 0.7937569676700111 0.37719298245614036
0 0.6527313266443702 0.4281798245614035 0.6460423634336678 0.4298245614035088 0.6387959866220736 0.4369517543859649 0.637123745819398 0.4457236842105263 0.6404682274247492 0.45010964912280704 0.6516164994425864 0.45230263157894735 0.6616499442586399 0.44901315789473684 0.6638795986622074 0.44243421052631576 0.6622073578595318 0.43530701754385964 0.6544035674470458 0.4281798245614035
0 0.6226309921962095 0.4205043859649123 0.6192865105908584 0.4205043859649123 0.6120401337792643 0.42489035087719296 0.6103678929765887 0.43530701754385964 0.6153846153846154 0.4407894736842105 0.6265328874024526 0.44298245614035087 0.632664437012263 0.43585526315789475 0.633221850613155 0.4281798245614035 0.6315496098104794 0.4243421052631579 0.6259754738015607 0.4205043859649123
0 0.6031215161649944 0.36951754385964913 0.5936454849498328 0.3755482456140351 0.5886287625418061 0.3826754385964912 0.5886287625418061 0.39035087719298245 0.5903010033444817 0.39364035087719296 0.5958751393534002 0.3996710526315789 0.6014492753623188 0.40131578947368424 0.6092530657748049 0.3985745614035088 0.6131549609810479 0.39364035087719296 0.6142697881828316 0.3887061403508772 0.6148272017837235 0.3826754385964912 0.612597547380156 0.37280701754385964 0.6070234113712375 0.36951754385964913
0 0.6404682274247492 0.3475877192982456 0.632664437012263 0.3508771929824561 0.6276477146042363 0.35635964912280704 0.6270903010033445 0.36293859649122806 0.6309921962095875 0.36951754385964913 0.6404682274247492 0.37006578947368424 0.6488294314381271 0.36239035087719296 0.6499442586399108 0.3514254385964912 0.6443701226309922 0.3475877192982456
0 0.7282608695652174 0.3569078947368421 0.7229654403567447 0.3574561403508772 0.7157190635451505 0.36348684210526316 0.7129319955406912 0.36896929824561403 0.7123745819397993 0.3782894736842105 0.717391304347826 0.38377192982456143 0.7279821627647715 0.3843201754385965 0.7341137123745819 0.38103070175438597 0.738015607580825 0.36622807017543857 0.7357859531772575 0.35910087719298245 0.7318840579710145 0.3569078947368421
0 0.7129319955406912 0.32839912280701755 0.7068004459308808 0.3305921052631579 0.701783723522854 0.34100877192982454 0.7023411371237458 0.3508771929824561 0.7079152731326644 0.35635964912280704 0.7190635451505016 0.3541666666666667 0.7235228539576366 0.34484649122807015 0.7240802675585284 0.33771929824561403 0.7224080267558528 0.3338815789473684 0.7157190635451505 0.32839912280701755
0 0.6783723522853957 0.34155701754385964 0.6711259754738016 0.3442982456140351 0.6677814938684504 0.34923245614035087 0.6672240802675585 0.35635964912280704 0.6711259754738016 0.3645833333333333 0.6789297658862876 0.36348684210526316 0.6867335562987736 0.35910087719298245 0.6878483835005574 0.3481359649122807 0.6839464882943144 0.3432017543859649 0.6789297658862876 0.34210526315789475
0 0.6599777034559643 0.3645833333333333 0.6521739130434783 0.36951754385964913 0.6499442586399108 0.3793859649122807 0.6516164994425864 0.3843201754385965 0.6610925306577481 0.3919956140350877 0.6683389074693422 0.38651315789473684 0.6677814938684504 0.3832236842105263 0.6716833890746934 0.37664473684210525 0.669453734671126 0.36896929824561403 0.6616499442586399 0.3645833333333333
0 0.6438127090301003 0.38706140350877194 0.6393534002229655 0.3892543859649123 0.6360089186176142 0.39418859649122806 0.6365663322185061 0.40350877192982454 0.6404682274247492 0.40789473684210525 0.6488294314381271 0.4095394736842105 0.6560758082497213 0.40076754385964913 0.6560758082497213 0.39473684210526316 0.653288740245262 0.39035087719298245 0.6482720178372352 0.38706140350877194
0 0.6923076923076923 0.4819078947368421 0.6828316610925307 0.4862938596491228 0.6794871794871795 0.4906798245614035 0.6783723522853957 0.49780701754385964 0.6817168338907469 0.5038377192982456 0.6917502787068004 0.5005482456140351 0.6956521739130435 0.49506578947368424 0.6962095875139354 0.48793859649122806 0.6923076923076923 0.4824561403508772
0 0.8166109253065775 0.3991228070175439 0.8127090301003345 0.40076754385964913 0.8121516164994426 0.40460526315789475 0.8216276477146043 0.41173245614035087 0.826644370122631 0.40734649122807015 0.8260869565217391 0.40405701754385964 0.8210702341137124 0.3991228070175439
0 0.806577480490524 0.36293859649122806 0.8004459308807135 0.3667763157894737 0.7993311036789298 0.3706140350877193 0.8054626532887402 0.37993421052631576 0.8110367892976589 0.38103070175438597 0.8154960981047937 0.3782894736842105 0.8171683389074693 0.36896929824561403 0.81438127090301 0.3645833333333333 0.8076923076923077 0.36293859649122806
0 0.7881828316610925 0.3514254385964912 0.782608695652174 0.3519736842105263 0.7798216276477146 0.35526315789473684 0.7814938684503902 0.3667763157894737 0.7853957636566332 0.3717105263157895 0.7909698996655519 0.3706140350877193 0.7971014492753623 0.3651315789473684 0.7976588628762542 0.35526315789473684 0.7965440356744704 0.3530701754385965 0.7920847268673356 0.3514254385964912
0 0.7642140468227425 0.33771929824561403 0.7591973244147158 0.34100877192982454 0.7547380156075808 0.3519736842105263 0.7547380156075808 0.35581140350877194 0.7614269788182831 0.3618421052631579 0.7686733556298774 0.3618421052631579 0.7720178372352285 0.35910087719298245 0.7759197324414716 0.34594298245614036 0.7731326644370122 0.3404605263157895 0.7670011148272018 0.33771929824561403
0 0.7720178372352285 0.3684210526315789 0.7636566332218506 0.3755482456140351 0.7614269788182831 0.3832236842105263 0.7608695652173914 0.3969298245614035 0.7653288740245262 0.40076754385964913 0.7725752508361204 0.39528508771929827 0.7753623188405797 0.3892543859649123 0.7753623188405797 0.3684210526315789
0 0.7519509476031215 0.36403508771929827 0.7486064659977704 0.36403508771929827 0.7447045707915273 0.3667763157894737 0.7430323299888517 0.37609649122807015 0.7513935340022296 0.38048245614035087 0.7569676700111483 0.3793859649122807 0.7603121516164995 0.37280701754385964 0.7586399108138239 0.36622807017543857 0.7552954292084727 0.36403508771929827
0 0.835005574136009 0.3432017543859649 0.830546265328874 0.3481359649122807 0.8338907469342252 0.35581140350877194 0.8383500557413601 0.35581140350877194 0.842809364548495 0.3514254385964912 0.8433667781493869 0.3475877192982456 0.8416945373467113 0.3442982456140351 0.8389074693422519 0.3432017543859649
0 0.8238573021181717 0.3519736842105263 0.8188405797101449 0.35526315789473684 0.8171683389074693 0.35910087719298245 0.8205128205128205 0.36622807017543857 0.8260869565217391 0.3651315789473684 0.8311036789297659 0.35964912280701755 0.8283166109253066 0.3536184210526316 0.8249721293199554 0.3519736842105263
0 0.8277591973244147 0.36622807017543857 0.8221850613154961 0.37006578947368424 0.8210702341137124 0.375 0.8210702341137124 0.37774122807017546 0.8272017837235228 0.38103070175438597 0.8355629877369007 0.37609649122807015 0.8338907469342252 0.3684210526315789 0.8311036789297659 0.36622807017543857
0 0.8609253065774805 0.4029605263157895 0.8545150501672241 0.40460526315789475 0.8511705685618729 0.4106359649122807 0.8522853957636566 0.4161184210526316 0.8584169453734671 0.4205043859649123 0.862876254180602 0.4205043859649123 0.8695652173913043 0.41502192982456143 0.8701226309921962 0.40734649122807015 0.8639910813823858 0.4029605263157895
0 0.8695652173913043 0.38103070175438597 0.8634336677814939 0.3832236842105263 0.8600891861761427 0.38980263157894735 0.8617614269788183 0.39747807017543857 0.8662207357859532 0.4018640350877193 0.8734671125975474 0.3996710526315789 0.8784838350055741 0.39364035087719296 0.8784838350055741 0.38651315789473684 0.8701226309921962 0.3815789473684211
0 0.8795986622073578 0.3667763157894737 0.8740245261984393 0.36951754385964913 0.8717948717948718 0.37774122807017546 0.875139353400223 0.3815789473684211 0.8812709030100334 0.3832236842105263 0.8879598662207357 0.37993421052631576 0.8896321070234113 0.3744517543859649 0.887402452619844 0.36951754385964913 0.8835005574136009 0.3667763157894737
0 0.8929765886287625 0.3503289473684211 0.8835005574136009 0.3536184210526316 0.8807134894091416 0.36293859649122806 0.8823857302118172 0.36622807017543857 0.8868450390189521 0.3684210526315789 0.8963210702341137 0.3656798245614035 0.8974358974358975 0.36293859649122806 0.903010033444816 0.35910087719298245 0.9024526198439242 0.35526315789473684 0.8957636566332219 0.3503289473684211
0 0.8483835005574136 0.4166666666666667 0.8422519509476031 0.42160087719298245 0.8416945373467113 0.4292763157894737 0.8461538461538461 0.43201754385964913 0.855072463768116 0.43146929824561403 0.8584169453734671 0.42543859649122806 0.8578595317725752 0.42105263157894735 0.8517279821627648 0.4166666666666667
0 0.8338907469342252 0.44298245614035087 0.8311036789297659 0.4440789473684211 0.8272017837235228 0.44956140350877194 0.8311036789297659 0.4555921052631579 0.8383500557413601 0.45668859649122806 0.8444816053511706 0.45230263157894735 0.8444816053511706 0.4457236842105263 0.8366778149386845 0.44298245614035087
0 0.8238573021181717 0.45778508771929827 0.8216276477146043 0.4594298245614035 0.8193979933110368 0.46710526315789475 0.8238573021181717 0.47368421052631576 0.8283166109253066 0.4764254385964912 0.835005574136009 0.47039473684210525 0.835005574136009 0.46710526315789475 0.8316610925306578 0.45997807017543857 0.8277591973244147 0.45778508771929827
0 0.8999442586399108 0.3333333333333333 0.8968784838350056 0.3333333333333333 0.8935340022296544 0.3360745614035088 0.8913043478260869 0.34155701754385964 0.8924191750278707 0.3470394736842105 0.8979933110367893 0.3514254385964912 0.9102564102564102 0.3503289473684211 0.9108138238573021 0.3519736842105263 0.9119286510590858 0.3432017543859649 0.9141583054626533 0.34155701754385964 0.9108138238573021 0.3360745614035088 0.903010033444816 0.3333333333333333
0 0.822742474916388 0.2878289473684211 0.8138238573021181 0.2916666666666667 0.8088071348940914 0.30153508771929827 0.8099219620958752 0.31140350877192985 0.8199554069119287 0.3163377192982456 0.8277591973244147 0.3130482456140351 0.8322185061315496 0.3053728070175439 0.8333333333333334 0.29660087719298245 0.8277591973244147 0.2878289473684211
0 0.7736900780379041 0.3081140350877193 0.7653288740245262 0.31359649122807015 0.7642140468227425 0.32510964912280704 0.7664437012263099 0.32839912280701755 0.7748049052396878 0.3305921052631579 0.7842809364548495 0.32785087719298245 0.7876254180602007 0.3207236842105263 0.7848383500557413 0.3130482456140351 0.7770345596432553 0.3081140350877193
0 0.7720178372352285 0.28289473684210525 0.7675585284280937 0.28618421052631576 0.7647714604236343 0.29276315789473684 0.7664437012263099 0.30043859649122806 0.770345596432553 0.3031798245614035 0.7759197324414716 0.3026315789473684 0.7814938684503902 0.2944078947368421 0.7809364548494984 0.2889254385964912 0.7753623188405797 0.28289473684210525
0 0.7513935340022296 0.2916666666666667 0.7430323299888517 0.29660087719298245 0.7391304347826086 0.30701754385964913 0.7408026755852842 0.31414473684210525 0.7447045707915273 0.31798245614035087 0.7552954292084727 0.3207236842105263 0.7591973244147158 0.31798245614035087 0.7608695652173914 0.31414473684210525 0.7614269788182831 0.3031798245614035 0.7591973244147158 0.29605263157894735 0.7558528428093646 0.29276315789473684 0.7519509476031215 0.29221491228070173
0 0.725752508361204 0.27631578947368424 0.721850613154961 0.27960526315789475 0.7196209587513935 0.29221491228070173 0.7201783723522854 0.29605263157894735 0.7229654403567447 0.2993421052631579 0.7335562987736901 0.29769736842105265 0.738015607580825 0.2905701754385965 0.738015607580825 0.28344298245614036 0.7357859531772575 0.27960526315789475 0.7307692307692307 0.27631578947368424
0 0.701783723522854 0.2741228070175439 0.6984392419175028 0.27521929824561403 0.6950947603121517 0.28015350877192985 0.6945373467112598 0.29331140350877194 0.6962095875139354 0.29660087719298245 0.7062430323299889 0.29989035087719296 0.7123745819397993 0.29605263157894735 0.7140468227424749 0.2916666666666667 0.7118171683389075 0.28015350877192985 0.7062430323299889 0.2741228070175439
0 0.7006688963210702 0.23684210526315788 0.6911928651059086 0.24013157894736842 0.6878483835005574 0.24451754385964913 0.68561872909699 0.2593201754385965 0.689520624303233 0.26589912280701755 0.701783723522854 0.2669956140350877 0.7107023411371237 0.25877192982456143 0.7107023411371237 0.24396929824561403 0.7084726867335563 0.24013157894736842 0.7034559643255296 0.23684210526315788
0 0.7302118171683389 0.24232456140350878 0.7235228539576366 0.2450657894736842 0.717948717948718 0.25109649122807015 0.7162764771460424 0.25548245614035087 0.717948717948718 0.26480263157894735 0.7235228539576366 0.26864035087719296 0.7329988851727982 0.2669956140350877 0.7369007803790413 0.2593201754385965 0.738015607580825 0.25493421052631576 0.7363433667781494 0.24780701754385964 0.7307692307692307 0.24232456140350878
0 0.6811594202898551 0.27028508771929827 0.6727982162764772 0.27905701754385964 0.673355629877369 0.2878289473684211 0.6750278706800446 0.2911184210526316 0.6872909698996655 0.29331140350877194 0.689520624303233 0.2905701754385965 0.6900780379041248 0.27850877192982454 0.6861761426978819 0.27028508771929827
0 0.6555183946488294 0.25493421052631576 0.6482720178372352 0.2571271929824561 0.6443701226309922 0.2637061403508772 0.6471571906354515 0.28125 0.6505016722408027 0.2850877192982456 0.6544035674470458 0.28618421052631576 0.664994425863991 0.28399122807017546 0.6722408026755853 0.27247807017543857 0.6722408026755853 0.26644736842105265 0.6700111482720178 0.26151315789473684 0.6633221850613155 0.25603070175438597 0.6594202898550725 0.25493421052631576
0 0.6471571906354515 0.2878289473684211 0.6348940914158305 0.29989035087719296 0.6321070234113713 0.3059210526315789 0.6354515050167224 0.31524122807017546 0.6421404682274248 0.3190789473684211 0.649386845039019 0.31743421052631576 0.6549609810479375 0.31085526315789475 0.6555183946488294 0.29605263157894735 0.6527313266443702 0.2905701754385965 0.6477146042363434 0.2878289473684211
0 0.6739130434782609 0.29605263157894735 0.664994425863991 0.29989035087719296 0.6594202898550725 0.3086622807017544 0.6594202898550725 0.31853070175438597 0.6677814938684504 0.3267543859649123 0.6794871794871795 0.32401315789473684 0.6861761426978819 0.31359649122807015 0.6861761426978819 0.30701754385964913 0.6811594202898551 0.2993421052631579 0.6761426978818283 0.29605263157894735
0 0.6053511705685619 0.3119517543859649 0.5953177257525084 0.3157894736842105 0.5919732441471572 0.3190789473684211 0.5886287625418061 0.33497807017543857 0.5897435897435898 0.34100877192982454 0.6014492753623188 0.34923245614035087 0.6114827201783724 0.3432017543859649 0.6164994425863991 0.3355263157894737 0.617056856187291 0.3207236842105263 0.6137123745819398 0.31414473684210525 0.6103678929765887 0.3119517543859649
0 0.5741360089186176 0.2982456140350877 0.5641025641025641 0.31140350877192985 0.5674470457079153 0.32127192982456143 0.5707915273132664 0.3201754385964912 0.5713489409141583 0.3229166666666667 0.5780379041248607 0.32456140350877194 0.5869565217391305 0.31743421052631576 0.5886287625418061 0.3092105263157895 0.5813823857302118 0.29989035087719296 0.5758082497212932 0.2982456140350877
0 0.5942028985507246 0.26535087719298245 0.5852842809364549 0.26864035087719296 0.5836120401337793 0.2774122807017544 0.5763656633221851 0.2889254385964912 0.5808249721293199 0.2949561403508772 0.5858416945373467 0.29769736842105265 0.5981047937569677 0.2949561403508772 0.6025641025641025 0.29002192982456143 0.6059085841694537 0.27576754385964913 0.600891861761427 0.2675438596491228 0.5964325529542921 0.26535087719298245
0 0.5707915273132664 0.25493421052631576 0.5596432552954292 0.2576754385964912 0.5546265328874025 0.26480263157894735 0.5546265328874025 0.2774122807017544 0.5568561872909699 0.28234649122807015 0.560200668896321 0.2845394736842105 0.5674470457079153 0.28618421052631576 0.5735785953177257 0.2850877192982456 0.580267558528428 0.2779605263157895 0.5830546265328874 0.26918859649122806 0.5824972129319955 0.2642543859649123 0.5780379041248607 0.2571271929824561 0.5713489409141583 0.25548245614035087
0 0.5529542920847269 0.28673245614035087 0.544593088071349 0.2905701754385965 0.5418060200668896 0.2949561403508772 0.5406911928651059 0.30153508771929827 0.5451505016722408 0.3081140350877193 0.5574136008918618 0.31030701754385964 0.5607580824972129 0.30756578947368424 0.564659977703456 0.2993421052631579 0.5607580824972129 0.2889254385964912 0.5546265328874025 0.28673245614035087
0 0.6153846153846154 0.22916666666666666 0.6053511705685619 0.23355263157894737 0.5986622073578596 0.2412280701754386 0.5981047937569677 0.2538377192982456 0.6020066889632107 0.2604166666666667 0.6070234113712375 0.26206140350877194 0.6148272017837235 0.26151315789473684 0.6237458193979933 0.25219298245614036 0.624860646599777 0.23793859649122806 0.620958751393534 0.23135964912280702 0.6164994425863991 0.22916666666666666
0 0.5869565217391305 0.22203947368421054 0.5785953177257525 0.22587719298245615 0.5713489409141583 0.23464912280701755 0.5719063545150501 0.24451754385964913 0.5763656633221851 0.24890350877192982 0.5869565217391305 0.24890350877192982 0.5919732441471572 0.24342105263157895 0.5947603121516165 0.23026315789473684 0.5936454849498328 0.22587719298245615 0.5886287625418061 0.22203947368421054
0 0.6505016722408027 0.21546052631578946 0.6432552954292085 0.21875 0.6399108138238573 0.2236842105263158 0.6432552954292085 0.23464912280701755 0.649386845039019 0.23684210526315788 0.6577480490523969 0.2362938596491228 0.6605351170568562 0.23300438596491227 0.6605351170568562 0.21984649122807018 0.6583054626532887 0.21655701754385964 0.6538461538461539 0.21546052631578946
0 0.6716833890746934 0.22697368421052633 0.6666666666666666 0.22971491228070176 0.6638795986622074 0.23574561403508773 0.664994425863991 0.24451754385964913 0.6711259754738016 0.25274122807017546 0.6778149386845039 0.25109649122807015 0.6778149386845039 0.24835526315789475 0.6828316610925307 0.24013157894736842 0.6828316610925307 0.23410087719298245 0.6750278706800446 0.22697368421052633
0 0.5808249721293199 0.3475877192982456 0.5758082497212932 0.3481359649122807 0.5719063545150501 0.3508771929824561 0.5668896321070234 0.3618421052631579 0.5674470457079153 0.36622807017543857 0.5741360089186176 0.37609649122807015 0.580267558528428 0.3782894736842105 0.5869565217391305 0.3744517543859649 0.592530657748049 0.3667763157894737 0.5897435897435898 0.3519736842105263 0.5841694537346711 0.3475877192982456
0 0.5398550724637681 0.35855263157894735 0.532329988851728 0.3607456140350877 0.5256410256410257 0.36896929824561403 0.5273132664437012 0.3793859649122807 0.532329988851728 0.3826754385964912 0.5395763656633222 0.3821271929824561 0.5473801560758083 0.37390350877192985 0.5484949832775919 0.36403508771929827 0.5434782608695652 0.35855263157894735
0 0.5395763656633222 0.40350877192982454 0.5312151616499443 0.4057017543859649 0.5267558528428093 0.4100877192982456 0.5250836120401338 0.41831140350877194 0.5284280936454849 0.4237938596491228 0.5379041248606466 0.4243421052631579 0.5451505016722408 0.41885964912280704 0.5468227424749164 0.40789473684210525 0.5429208472686734 0.40350877192982454
0 0.483835005574136 0.3541666666666667 0.47714604236343366 0.3569078947368421 0.47435897435897434 0.3618421052631579 0.4754738015607581 0.3684210526315789 0.479933110367893 0.37280701754385964 0.483835005574136 0.37225877192982454 0.4882943143812709 0.3678728070175439 0.4899665551839465 0.36348684210526316 0.4899665551839465 0.3580043859649123 0.48439241917502784 0.3541666666666667
0 0.4977703455964326 0.36622807017543857 0.4944258639910814 0.36622807017543857 0.49108138238573024 0.36951754385964913 0.48885172798216275 0.37719298245614036 0.48885172798216275 0.3826754385964912 0.49108138238573024 0.38651315789473684 0.4977703455964326 0.38980263157894735 0.5050167224080268 0.38651315789473684 0.5089186176142698 0.3782894736842105 0.507803790412486 0.37280701754385964 0.5011148272017837 0.36622807017543857
0 0.4503901895206243 0.41721491228070173 0.44648829431438125 0.4205043859649123 0.4459308807134894 0.42543859649122806 0.45652173913043476 0.43146929824561403 0.4604236343366778 0.42872807017543857 0.46098104793756967 0.4232456140350877 0.45484949832775917 0.41721491228070173
0 0.4459308807134894 0.40131578947368424 0.44258639910813824 0.40515350877192985 0.4442586399108138 0.41118421052631576 0.44704570791527315 0.41228070175438597 0.4498327759197324 0.41228070175438597 0.4531772575250836 0.40789473684210525 0.4498327759197324 0.40131578947368424
0 0.48773690078037907 0.4057017543859649 0.4816053511705686 0.40844298245614036 0.47714604236343366 0.41831140350877194 0.4782608695652174 0.42160087719298245 0.483835005574136 0.42598684210526316 0.48885172798216275 0.42598684210526316 0.496098104793757 0.42214912280701755 0.4983277591973244 0.41885964912280704 0.49665551839464883 0.4095394736842105 0.4938684503901895 0.4067982456140351 0.4882943143812709 0.40625
0 0.22853957636566333 0.8667763157894737 0.22352285395763657 0.8695175438596491 0.22519509476031216 0.8717105263157895 0.22519509476031216 0.8771929824561403 0.2302118171683389 0.8799342105263158 0.23578595317725753 0.8771929824561403 0.23411371237458195 0.8695175438596491 0.23076923076923078 0.8667763157894737
0 0.03288740245261984 0.9018640350877193 0.028985507246376812 0.9040570175438597 0.028985507246376812 0.9106359649122807 0.03567447045707915 0.9133771929824561 0.04013377926421405 0.9111842105263158 0.039576365663322184 0.9046052631578947 0.036231884057971016 0.9018640350877193
0 0.007803790412486065 0.9078947368421053 0.002787068004459309 0.9111842105263158 0.002787068004459309 0.9183114035087719 0.005016722408026756 0.9194078947368421 0.008361204013377926 0.9194078947368421 0.013377926421404682 0.9133771929824561 0.013377926421404682 0.9095394736842105 0.010033444816053512 0.9078947368421053
0 0.0033444816053511705 0.9342105263157895 0 0.9375 0 0.9528508771929824 0.012263099219620958 0.9544956140350878 0.016164994425863992 0.9517543859649122 0.017837235228539576 0.9457236842105263 0.01282051282051282 0.9385964912280702 0.005574136008918618 0.9342105263157895
0 0.0802675585284281 0.8399122807017544 0.07302118171683389 0.8442982456140351 0.07190635451505016 0.8530701754385965 0.07636566332218506 0.8536184210526315 0.08249721293199554 0.8486842105263158 0.08528428093645485 0.8432017543859649 0.08249721293199554 0.8399122807017544
0 0.48049052396878483 0.3843201754385965 0.4760312151616499 0.38706140350877194 0.47491638795986624 0.39035087719298245 0.47491638795986624 0.39473684210526316 0.47881828316610925 0.3969298245614035 0.48439241917502784 0.3963815789473684 0.4882943143812709 0.39364035087719296 0.4866220735785953 0.38706140350877194 0.48327759197324416 0.3843201754385965
0 0.5170011148272018 0.34265350877192985 0.5094760312151616 0.34484649122807015 0.5061315496098104 0.3514254385964912 0.5061315496098104 0.35910087719298245 0.5139353400222966 0.36403508771929827 0.520066889632107 0.36019736842105265 0.5261984392419174 0.3508771929824561 0.5234113712374582 0.34484649122807015 0.520066889632107 0.34265350877192985
0 0.4916387959866221 0.34265350877192985 0.4882943143812709 0.34539473684210525 0.48773690078037907 0.34868421052631576 0.48940914158305465 0.3530701754385965 0.4938684503901895 0.35581140350877194 0.4972129319955407 0.35526315789473684 0.49944258639910816 0.3508771929824561 0.49888517279821626 0.34539473684210525 0.496098104793757 0.34265350877192985
0 0.5083612040133779 0.31414473684210525 0.5050167224080268 0.31743421052631576 0.5044593088071349 0.32510964912280704 0.5117056856187291 0.3294956140350877 0.5144927536231884 0.32456140350877194 0.5144927536231884 0.3190789473684211 0.5100334448160535 0.31414473684210525
0 0.5172798216276477 0.29605263157894735 0.5128205128205128 0.29989035087719296 0.5111482720178372 0.3042763157894737 0.5111482720178372 0.30756578947368424 0.5150501672240803 0.3125 0.5222965440356745 0.31140350877192985 0.5261984392419174 0.30701754385964913 0.5256410256410257 0.30043859649122806 0.5206243032329989 0.29605263157894735
0 0.5284280936454849 0.31085526315789475 0.5211817168338907 0.3168859649122807 0.5183946488294314 0.3229166666666667 0.5189520624303233 0.32894736842105265 0.5261984392419174 0.32730263157894735 0.5334448160535117 0.3201754385964912 0.5351170568561873 0.31359649122807015 0.532329988851728 0.31085526315789475
0 0.5317725752508361 0.27576754385964913 0.5256410256410257 0.2779605263157895 0.5217391304347826 0.28399122807017546 0.5222965440356745 0.2894736842105263 0.5289855072463768 0.2955043859649123 0.5351170568561873 0.29385964912280704 0.540133779264214 0.28728070175438597 0.5395763656633222 0.2807017543859649 0.5328874024526199 0.27576754385964913
0 0.5429208472686734 0.2604166666666667 0.5379041248606466 0.26480263157894735 0.5384615384615384 0.2713815789473684 0.5412486064659978 0.2741228070175439 0.5462653288740246 0.2741228070175439 0.5484949832775919 0.27028508771929827 0.5484949832775919 0.2631578947368421 0.5462653288740246 0.2604166666666667
0 0.560200668896321 0.2275219298245614 0.5562987736900781 0.22861842105263158 0.5535117056856187 0.23355263157894737 0.5546265328874025 0.2412280701754386 0.5574136008918618 0.24396929824561403 0.5641025641025641 0.24342105263157895 0.5668896321070234 0.23958333333333334 0.5663322185061316 0.23081140350877194 0.5607580824972129 0.2275219298245614
0 0.5652173913043478 0.21436403508771928 0.5624303232998885 0.21600877192982457 0.5607580824972129 0.21984649122807018 0.5641025641025641 0.22478070175438597 0.5674470457079153 0.22478070175438597 0.5719063545150501 0.21984649122807018 0.5719063545150501 0.21655701754385964 0.5691192865105908 0.21436403508771928
0 0.5512820512820513 0.20723684210526316 0.5451505016722408 0.21217105263157895 0.544593088071349 0.21655701754385964 0.5484949832775919 0.21984649122807018 0.5546265328874025 0.21984649122807018 0.5568561872909699 0.21765350877192982 0.5579710144927537 0.2099780701754386 0.5551839464882943 0.20723684210526316
0 0.5607580824972129 0.19188596491228072 0.5557413600891862 0.1962719298245614 0.5557413600891862 0.20175438596491227 0.5585284280936454 0.20449561403508773 0.5629877369007804 0.20339912280701755 0.5657748049052397 0.19846491228070176 0.5657748049052397 0.19462719298245615 0.5613154960981048 0.1924342105263158
0 0.5741360089186176 0.19736842105263158 0.5680044593088072 0.20285087719298245 0.5680044593088072 0.20888157894736842 0.5707915273132664 0.21107456140350878 0.5746934225195095 0.21052631578947367 0.5808249721293199 0.20559210526315788 0.5808249721293199 0.20065789473684212 0.5774804905239688 0.19736842105263158
0 0.5451505016722408 0.22203947368421054 0.5418060200668896 0.22423245614035087 0.5395763656633222 0.22971491228070176 0.540133779264214 0.23300438596491227 0.5440356744704571 0.23574561403508773 0.5490523968784838 0.23410087719298245 0.5512820512820513 0.22971491228070176 0.5512820512820513 0.22423245614035087 0.5479375696767002 0.22203947368421054
0 0.5395763656633222 0.23684210526315788 0.5356744704570792 0.23958333333333334 0.5345596432552955 0.24342105263157895 0.5351170568561873 0.24780701754385964 0.5373467112597548 0.24890350877192982 0.5434782608695652 0.24780701754385964 0.544593088071349 0.2450657894736842 0.5451505016722408 0.24067982456140352 0.540133779264214 0.23739035087719298
0 0.637123745819398 0.15076754385964913 0.6254180602006689 0.15570175438596492 0.6215161649944259 0.16173245614035087 0.6204013377926422 0.17763157894736842 0.6265328874024526 0.18475877192982457 0.633221850613155 0.18585526315789475 0.637123745819398 0.18421052631578946 0.6443701226309922 0.17817982456140352 0.6477146042363434 0.17214912280701755 0.6477146042363434 0.15734649122807018 0.6415830546265329 0.15076754385964913
0 0.6644370122630993 0.15625 0.653288740245262 0.1650219298245614 0.6505016722408027 0.17160087719298245 0.6510590858416946 0.1787280701754386 0.6605351170568562 0.18530701754385964 0.6644370122630993 0.18530701754385964 0.6700111482720178 0.18146929824561403 0.6744704570791528 0.17050438596491227 0.6739130434782609 0.1611842105263158 0.6677814938684504 0.15625
0 0.6878483835005574 0.1600877192982456 0.6811594202898551 0.16721491228070176 0.6800445930880713 0.1825657894736842 0.6878483835005574 0.19353070175438597 0.6995540691192865 0.19572368421052633 0.7028985507246377 0.19407894736842105 0.7062430323299889 0.18914473684210525 0.7073578595317725 0.1787280701754386 0.6995540691192865 0.16611842105263158 0.6911928651059086 0.1600877192982456
0 0.6817168338907469 0.1962719298245614 0.6744704570791528 0.20175438596491227 0.6716833890746934 0.2099780701754386 0.6716833890746934 0.21546052631578946 0.6739130434782609 0.22039473684210525 0.6783723522853957 0.2225877192982456 0.68561872909699 0.2225877192982456 0.6928651059085842 0.21655701754385964 0.693422519509476 0.20833333333333334 0.6917502787068004 0.20285087719298245 0.68561872909699 0.1962719298245614
0 0.705685618729097 0.20942982456140352 0.6984392419175028 0.21436403508771928 0.6967670011148273 0.22423245614035087 0.7001114827201784 0.23190789473684212 0.7107023411371237 0.23574561403508773 0.717948717948718 0.22807017543859648 0.7185061315496098 0.2225877192982456 0.7146042363433668 0.21271929824561403 0.7073578595317725 0.20942982456140352
0 0.7355072463768116 0.21052631578947367 0.7302118171683389 0.21107456140350878 0.7251950947603122 0.21546052631578946 0.7224080267558528 0.22642543859649122 0.725752508361204 0.2362938596491228 0.7329988851727982 0.24013157894736842 0.7413600891861761 0.23848684210526316 0.7463768115942029 0.22861842105263158 0.7452619843924192 0.21765350877192982 0.7385730211817169 0.21052631578947367
0 0.7151616499442587 0.18695175438596492 0.7112597547380156 0.18969298245614036 0.7090301003344481 0.19462719298245615 0.70958751393534 0.2012061403508772 0.7134894091415831 0.20668859649122806 0.7201783723522854 0.20778508771929824 0.7268673355629878 0.20285087719298245 0.7279821627647715 0.19517543859649122 0.7263099219620959 0.19188596491228072 0.7196209587513935 0.18695175438596492
0 0.6298773690078038 0.19188596491228072 0.6192865105908584 0.19846491228070176 0.6148272017837235 0.21546052631578946 0.6164994425863991 0.22039473684210525 0.6259754738015607 0.22423245614035087 0.6298773690078038 0.22423245614035087 0.6315496098104794 0.2225877192982456 0.6426978818283167 0.20285087719298245 0.6421404682274248 0.19901315789473684 0.6343366778149386 0.19188596491228072
0 0.5979191750278706 0.19024122807017543 0.5919732441471572 0.19024122807017543 0.5869565217391305 0.19956140350877194 0.5869565217391305 0.21107456140350878 0.5947603121516165 0.21710526315789475 0.612597547380156 0.20559210526315788 0.6131549609810479 0.19846491228070176 0.6092530657748049 0.1924342105263158 0.600891861761427 0.19024122807017543
0 0.6014492753623188 0.16557017543859648 0.5975473801560758 0.16940789473684212 0.5958751393534002 0.17543859649122806 0.6031215161649944 0.18037280701754385 0.6081382385730212 0.17927631578947367 0.6098104793756968 0.17598684210526316 0.6092530657748049 0.16831140350877194 0.6059085841694537 0.16557017543859648
0 0.5836120401337793 0.15734649122807018 0.5763656633221851 0.16282894736842105 0.5752508361204013 0.17050438596491227 0.5769230769230769 0.17269736842105263 0.584726867335563 0.17543859649122806 0.5886287625418061 0.1737938596491228 0.5919732441471572 0.16831140350877194 0.5914158305462653 0.16063596491228072 0.5869565217391305 0.15734649122807018
0 0.5774804905239688 0.17982456140350878 0.5752508361204013 0.18146929824561403 0.5730211817168339 0.18859649122807018 0.5746934225195095 0.1913377192982456 0.5774804905239688 0.19188596491228072 0.5824972129319955 0.19078947368421054 0.5869565217391305 0.18530701754385964 0.5863991081382386 0.18201754385964913 0.5808249721293199 0.17982456140350878
0 0.5657748049052397 0.17927631578947367 0.560200668896321 0.18530701754385964 0.5624303232998885 0.18969298245614036 0.5663322185061316 0.18969298245614036 0.5691192865105908 0.1875 0.5702341137123745 0.18146929824561403 0.5680044593088072 0.17927631578947367
0 0.5914158305462653 0.13706140350877194 0.5836120401337793 0.14035087719298245 0.5824972129319955 0.14802631578947367 0.5875139353400223 0.15296052631578946 0.5953177257525084 0.15350877192982457 0.5992196209587514 0.15076754385964913 0.6003344481605352 0.14309210526315788 0.596989966555184 0.1387061403508772 0.5919732441471572 0.13706140350877194
0 0.6086956521739131 0.1425438596491228 0.6059085841694537 0.14473684210526316 0.6031215161649944 0.15296052631578946 0.6042363433667781 0.15789473684210525 0.6086956521739131 0.16173245614035087 0.6204013377926422 0.15076754385964913 0.6176142697881828 0.14418859649122806 0.6137123745819398 0.1425438596491228
0 0.6159420289855072 0.1118421052631579 0.6098104793756968 0.1162280701754386 0.6064659977703456 0.125 0.6081382385730212 0.1337719298245614 0.6159420289855072 0.13815789473684212 0.6276477146042363 0.13157894736842105 0.6309921962095875 0.125 0.6276477146042363 0.11513157894736842 0.617056856187291 0.1118421052631579
0 0.6440914158305463 0.12390350877192982 0.637123745819398 0.12554824561403508 0.632664437012263 0.13432017543859648 0.633221850613155 0.13760964912280702 0.6404682274247492 0.14364035087719298 0.6477146042363434 0.14364035087719298 0.6505016722408027 0.13980263157894737 0.6544035674470458 0.14089912280701755 0.657190635451505 0.13706140350877194 0.6549609810479375 0.12938596491228072 0.6510590858416946 0.125 0.6477146042363434 0.12390350877192982
0 0.5953177257525084 0.12171052631578948 0.5919732441471572 0.12335526315789473 0.5903010033444817 0.12828947368421054 0.5908584169453734 0.13157894736842105 0.5942028985507246 0.1337719298245614 0.5997770345596433 0.1337719298245614 0.6025641025641025 0.13048245614035087 0.6025641025641025 0.12554824561403508 0.5992196209587514 0.12171052631578948
0 0.6265328874024526 0.08223684210526316 0.6187290969899666 0.08771929824561403 0.6153846153846154 0.09758771929824561 0.6159420289855072 0.10197368421052631 0.6204013377926422 0.10635964912280702 0.624860646599777 0.10800438596491228 0.6343366778149386 0.1069078947368421 0.6387959866220736 0.09703947368421052 0.6387959866220736 0.09155701754385964 0.6365663322185061 0.08662280701754387 0.6309921962095875 0.08223684210526316
0 0.6544035674470458 0.08991228070175439 0.6477146042363434 0.09320175438596491 0.6438127090301003 0.09923245614035088 0.6432552954292085 0.11019736842105263 0.6471571906354515 0.11403508771929824 0.6521739130434783 0.11348684210526316 0.657190635451505 0.1069078947368421 0.6594202898550725 0.09594298245614036 0.6577480490523969 0.08991228070175439
0 0.7483277591973244 0.1600877192982456 0.7435897435897436 0.16063596491228072 0.7396878483835005 0.1650219298245614 0.7385730211817169 0.17982456140350878 0.7424749163879598 0.18585526315789475 0.7525083612040134 0.18804824561403508 0.7597547380156076 0.18640350877192982 0.7625418060200669 0.1836622807017544 0.7642140468227425 0.17050438596491227 0.7608695652173914 0.16392543859649122 0.7513935340022296 0.1600877192982456
0 0.7887402452619844 0.19517543859649122 0.7837235228539576 0.19572368421052633 0.7792642140468228 0.19956140350877194 0.7759197324414716 0.21162280701754385 0.7798216276477146 0.22697368421052633 0.7898550724637681 0.23026315789473684 0.8004459308807135 0.22532894736842105 0.8037904124860646 0.21217105263157895 0.8010033444816054 0.2012061403508772 0.7965440356744704 0.19682017543859648 0.7920847268673356 0.19517543859649122
0 0.7608695652173914 0.21710526315789475 0.7552954292084727 0.21820175438596492 0.750278706800446 0.22423245614035087 0.7486064659977704 0.23903508771929824 0.7508361204013378 0.24561403508771928 0.754180602006689 0.24725877192982457 0.761984392419175 0.2461622807017544 0.7686733556298774 0.23410087719298245 0.7692307692307693 0.21984649122807018 0.7636566332218506 0.21710526315789475
0 0.7608695652173914 0.19407894736842105 0.7564102564102564 0.1962719298245614 0.7558528428093646 0.20723684210526316 0.7586399108138239 0.21271929824561403 0.7625418060200669 0.21326754385964913 0.7692307692307693 0.21107456140350878 0.7709030100334449 0.20668859649122806 0.7697881828316611 0.19682017543859648 0.7658862876254181 0.19407894736842105
0 0.7435897435897436 0.19078947368421054 0.7391304347826086 0.1924342105263158 0.7369007803790413 0.19956140350877194 0.7369007803790413 0.20285087719298245 0.7408026755852842 0.20723684210526316 0.7486064659977704 0.20559210526315788 0.7519509476031215 0.19956140350877194 0.749721293199554 0.19353070175438597 0.7447045707915273 0.19078947368421054
0 0.7229654403567447 0.16831140350877194 0.7112597547380156 0.17050438596491227 0.70958751393534 0.17269736842105263 0.7146042363433668 0.17982456140350878 0.7196209587513935 0.1825657894736842 0.725752508361204 0.18311403508771928 0.7318840579710145 0.17982456140350878 0.7346711259754738 0.17598684210526316 0.7341137123745819 0.17050438596491227 0.7279821627647715 0.16831140350877194
0 0.8082497212931996 0.18092105263157895 0.8060200668896321 0.1825657894736842 0.8043478260869565 0.18804824561403508 0.8054626532887402 0.19791666666666666 0.8071348940914158 0.20010964912280702 0.8171683389074693 0.20230263157894737 0.8244147157190636 0.1962719298245614 0.8255295429208472 0.18969298245614036 0.822742474916388 0.18475877192982457 0.8127090301003345 0.18092105263157895
0 0.8060200668896321 0.15021929824561403 0.7971014492753623 0.15296052631578946 0.7915273132664437 0.15734649122807018 0.79041248606466 0.16666666666666666 0.7931995540691192 0.17434210526315788 0.806577480490524 0.17598684210526316 0.8160535117056856 0.17160087719298245 0.8188405797101449 0.1611842105263158 0.8160535117056856 0.15515350877192982 0.810479375696767 0.15021929824561403
0 0.8729096989966555 0.2944078947368421 0.8690078037904125 0.29660087719298245 0.8656633221850614 0.3031798245614035 0.8662207357859532 0.3059210526315789 0.8695652173913043 0.3081140350877193 0.8734671125975474 0.3081140350877193 0.8812709030100334 0.3031798245614035 0.8812709030100334 0.29660087719298245 0.8740245261984393 0.2944078947368421
0 0.879041248606466 0.30975877192982454 0.8740245261984393 0.3125 0.8740245261984393 0.31798245614035087 0.879041248606466 0.3218201754385965 0.8835005574136009 0.3218201754385965 0.887402452619844 0.3163377192982456 0.8868450390189521 0.31359649122807015 0.8818283166109253 0.30975877192982454
0 0.8651059085841695 0.30975877192982454 0.8600891861761427 0.31414473684210525 0.8595317725752508 0.31743421052631576 0.8623188405797102 0.3201754385964912 0.8706800445930881 0.31798245614035087 0.8717948717948718 0.3130482456140351 0.8695652173913043 0.30975877192982454
0 0.8690078037904125 0.32127192982456143 0.8645484949832776 0.32401315789473684 0.8634336677814939 0.32785087719298245 0.866778149386845 0.33278508771929827 0.8701226309921962 0.3333333333333333 0.8768115942028986 0.33114035087719296 0.8812709030100334 0.32456140350877194 0.8801560758082497 0.3218201754385965 0.8740245261984393 0.32127192982456143
0 0.850613154960981 0.3333333333333333 0.846711259754738 0.3355263157894737 0.8444816053511706 0.34100877192982454 0.8450390189520625 0.34868421052631576 0.8489409141583054 0.34978070175438597 0.8534002229654404 0.3481359649122807 0.8561872909698997 0.3442982456140351 0.8561872909698997 0.3371710526315789 0.8522853957636566 0.3333333333333333
0 0.8416945373467113 0.32730263157894735 0.8333333333333334 0.3294956140350877 0.8294314381270903 0.3338815789473684 0.8333333333333334 0.34100877192982454 0.8411371237458194 0.33881578947368424 0.8450390189520625 0.3338815789473684 0.8450390189520625 0.32839912280701755 0.8422519509476031 0.32785087719298245
0 0.8255295429208472 0.3190789473684211 0.8210702341137124 0.3196271929824561 0.8166109253065775 0.3229166666666667 0.8110367892976589 0.33114035087719296 0.8182831661092531 0.33223684210526316 0.8288740245261984 0.32894736842105265 0.8299888517279822 0.3207236842105263 0.8283166109253066 0.3190789473684211
0 0.8205128205128205 0.3366228070175439 0.8154960981047937 0.3399122807017544 0.8132664437012264 0.34484649122807015 0.8160535117056856 0.34978070175438597 0.8199554069119287 0.3508771929824561 0.8249721293199554 0.34978070175438597 0.8277591973244147 0.34594298245614036 0.8277591973244147 0.34100877192982454 0.8249721293199554 0.3366228070175439
0 0.802675585284281 0.3355263157894737 0.7987736900780379 0.33826754385964913 0.7954292084726867 0.34375 0.7965440356744704 0.34923245614035087 0.8032329988851727 0.3481359649122807 0.8088071348940914 0.34484649122807015 0.810479375696767 0.33826754385964913 0.806577480490524 0.3355263157894737
0 0.8901895206243032 0.2856359649122807 0.8868450390189521 0.28618421052631576 0.8835005574136009 0.2894736842105263 0.8840579710144928 0.29605263157894735 0.8896321070234113 0.2982456140350877 0.8940914158305463 0.29660087719298245 0.8957636566332219 0.29385964912280704 0.8940914158305463 0.2889254385964912 0.8901895206243032 0.28618421052631576
0 0.8868450390189521 0.2604166666666667 0.8801560758082497 0.26151315789473684 0.8773690078037905 0.2642543859649123 0.8779264214046822 0.27247807017543857 0.882943143812709 0.2746710526315789 0.887402452619844 0.2741228070175439 0.8913043478260869 0.26864035087719296 0.8918617614269788 0.26206140350877194 0.8901895206243032 0.2604166666666667
0 0.8756967670011149 0.27631578947368424 0.8723522853957637 0.27905701754385964 0.8717948717948718 0.28728070175438597 0.8740245261984393 0.2905701754385965 0.8795986622073578 0.2916666666666667 0.8823857302118172 0.2894736842105263 0.8840579710144928 0.2807017543859649 0.8818283166109253 0.2774122807017544 0.8779264214046822 0.27631578947368424
0 0.8589743589743589 0.27960526315789475 0.850613154960981 0.28618421052631576 0.8511705685618729 0.29276315789473684 0.8556298773690078 0.29714912280701755 0.8623188405797102 0.29660087719298245 0.8678929765886287 0.2911184210526316 0.867335562987737 0.28234649122807015 0.8634336677814939 0.27960526315789475
0 0.8383500557413601 0.27850877192982454 0.8344481605351171 0.27905701754385964 0.8327759197324415 0.28289473684210525 0.8333333333333334 0.2883771929824561 0.8377926421404682 0.29276315789473684 0.8422519509476031 0.29221491228070173 0.846711259754738 0.2883771929824561 0.846711259754738 0.2817982456140351 0.8411371237458194 0.27850877192982454
0 0.8483835005574136 0.2571271929824561 0.8416945373467113 0.25877192982456143 0.8377926421404682 0.26206140350877194 0.8366778149386845 0.26918859649122806 0.8400222965440357 0.2730263157894737 0.8489409141583054 0.27631578947368424 0.855072463768116 0.27247807017543857 0.8578595317725752 0.26589912280701755 0.8567447045707915 0.2604166666666667 0.8494983277591973 0.2571271929824561
0 0.8171683389074693 0.2604166666666667 0.8121516164994426 0.26480263157894735 0.8121516164994426 0.2719298245614035 0.8177257525083612 0.27960526315789475 0.8210702341137124 0.28015350877192985 0.8288740245261984 0.27576754385964913 0.8299888517279822 0.26864035087719296 0.8255295429208472 0.2631578947368421 0.8205128205128205 0.2604166666666667
0 0.806577480490524 0.22971491228070176 0.7993311036789298 0.2324561403508772 0.794314381270903 0.24067982456140352 0.7937569676700111 0.2543859649122807 0.8032329988851727 0.2604166666666667 0.8093645484949833 0.2593201754385965 0.8149386845039019 0.25603070175438597 0.8193979933110368 0.24561403508771928 0.8154960981047937 0.23355263157894737 0.8071348940914158 0.22971491228070176
0 0.7787068004459309 0.23410087719298245 0.774247491638796 0.23574561403508773 0.7725752508361204 0.23848684210526316 0.7720178372352285 0.24780701754385964 0.778149386845039 0.2538377192982456 0.7837235228539576 0.2543859649122807 0.7870680044593088 0.25 0.7876254180602007 0.2412280701754386 0.7842809364548495 0.23574561403508773 0.7798216276477146 0.23410087719298245
0 0.7918060200668896 0.2582236842105263 0.7859531772575251 0.2593201754385965 0.7803790412486065 0.26535087719298245 0.7814938684503902 0.27905701754385964 0.7865105908584169 0.28234649122807015 0.7959866220735786 0.27960526315789475 0.7993311036789298 0.2746710526315789 0.7993311036789298 0.26206140350877194 0.7948717948717948 0.2582236842105263
0 0.7931995540691192 0.2905701754385965 0.7887402452619844 0.29331140350877194 0.7865105908584169 0.3031798245614035 0.7892976588628763 0.30756578947368424 0.7920847268673356 0.3081140350877193 0.7987736900780379 0.30701754385964913 0.8021181716833891 0.29989035087719296 0.8015607580824972 0.2949561403508772 0.7965440356744704 0.2905701754385965
0 0.8043478260869565 0.27960526315789475 0.8015607580824972 0.2850877192982456 0.8032329988851727 0.29221491228070173 0.8115942028985508 0.2894736842105263 0.8110367892976589 0.28289473684210525 0.8076923076923077 0.27960526315789475
0 0.8439241917502787 0.2955043859649123 0.8416945373467113 0.29605263157894735 0.8377926421404682 0.30153508771929827 0.8377926421404682 0.3048245614035088 0.8411371237458194 0.3086622807017544 0.846711259754738 0.3086622807017544 0.850613154960981 0.30646929824561403 0.8517279821627648 0.3026315789473684 0.8478260869565217 0.2955043859649123
0 0.8729096989966555 0.22203947368421054 0.867335562987737 0.22642543859649122 0.8662207357859532 0.23793859649122806 0.8690078037904125 0.24177631578947367 0.8801560758082497 0.24232456140350878 0.8835005574136009 0.24013157894736842 0.8846153846153846 0.23684210526315788 0.8840579710144928 0.23026315789473684 0.8801560758082497 0.22423245614035087 0.8734671125975474 0.2225877192982456
0 0.8684503901895206 0.24890350877192982 0.8634336677814939 0.25109649122807015 0.8617614269788183 0.2576754385964912 0.8656633221850614 0.2637061403508772 0.8723522853957637 0.2631578947368421 0.8740245261984393 0.26151315789473684 0.8756967670011149 0.25493421052631576 0.8740245261984393 0.25109649122807015 0.8701226309921962 0.24890350877192982
0 0.8545150501672241 0.23300438596491227 0.8489409141583054 0.23464912280701755 0.8450390189520625 0.23848684210526316 0.8433667781493869 0.2450657894736842 0.8455964325529542 0.25109649122807015 0.8534002229654404 0.25109649122807015 0.8595317725752508 0.24780701754385964 0.8606465997770345 0.23739035087719298 0.8561872909698997 0.23300438596491227
0 0.8277591973244147 0.2461622807017544 0.8244147157190636 0.24780701754385964 0.822742474916388 0.25493421052631576 0.8288740245261984 0.2598684210526316 0.835005574136009 0.25877192982456143 0.8383500557413601 0.25493421052631576 0.8383500557413601 0.25 0.8327759197324415 0.2461622807017544
0 0.8595317725752508 0.20175438596491227 0.8534002229654404 0.20285087719298245 0.8511705685618729 0.20833333333333334 0.8545150501672241 0.21710526315789475 0.8617614269788183 0.22149122807017543 0.8678929765886287 0.21929824561403508 0.8712374581939799 0.21052631578947367 0.8701226309921962 0.20614035087719298 0.8634336677814939 0.20175438596491227
0 0.879041248606466 0.18421052631578946 0.8734671125975474 0.18914473684210525 0.8717948717948718 0.19956140350877194 0.8734671125975474 0.20449561403508773 0.8795986622073578 0.20888157894736842 0.8901895206243032 0.2050438596491228 0.8924191750278707 0.20065789473684212 0.8907469342251951 0.19024122807017543 0.8835005574136009 0.18421052631578946
0 0.855072463768116 0.17927631578947367 0.8517279821627648 0.18037280701754385 0.8489409141583054 0.18475877192982457 0.8494983277591973 0.1913377192982456 0.8539576365663322 0.19517543859649122 0.8595317725752508 0.19517543859649122 0.8662207357859532 0.1924342105263158 0.866778149386845 0.18859649122807018 0.8639910813823858 0.18146929824561403 0.8584169453734671 0.17927631578947367
0 0.8924191750278707 0.20942982456140352 0.8879598662207357 0.21271929824561403 0.8851727982162765 0.21929824561403508 0.8862876254180602 0.22532894736842105 0.8901895206243032 0.22861842105263158 0.8968784838350056 0.22697368421052633 0.9018952062430323 0.22039473684210525 0.9013377926421404 0.2149122807017544 0.8946488294314381 0.20942982456140352
0 0.89520624303233 0.23300438596491227 0.8901895206243032 0.23410087719298245 0.8879598662207357 0.23739035087719298 0.8890746934225195 0.24396929824561403 0.8935340022296544 0.24780701754385964 0.9002229654403567 0.24561403508771928 0.903010033444816 0.24177631578947367 0.903010033444816 0.23464912280701755 0.8985507246376812 0.23300438596491227
0 0.8400222965440357 0.19024122807017543 0.835005574136009 0.19188596491228072 0.8311036789297659 0.19572368421052633 0.8344481605351171 0.20230263157894737 0.8455964325529542 0.20175438596491227 0.8472686733556298 0.19572368421052633 0.8461538461538461 0.1924342105263158 0.842809364548495 0.19024122807017543
0 0.8416945373467113 0.2138157894736842 0.8366778149386845 0.21655701754385964 0.8372352285395763 0.22313596491228072 0.8411371237458194 0.22587719298245615 0.8450390189520625 0.22587719298245615 0.8483835005574136 0.22313596491228072 0.8455964325529542 0.21600877192982457 0.8422519509476031 0.21436403508771928
0 0.882943143812709 0.24671052631578946 0.8779264214046822 0.25109649122807015 0.879041248606466 0.25493421052631576 0.8818283166109253 0.25603070175438597 0.8851727982162765 0.25548245614035087 0.8879598662207357 0.25219298245614036 0.8857302118171684 0.24671052631578946
0 0.903010033444816 0.19407894736842105 0.8974358974358975 0.19846491228070176 0.9007803790412486 0.20942982456140352 0.907469342251951 0.20778508771929824 0.9119286510590858 0.20285087719298245 0.9113712374581939 0.19846491228070176 0.9057971014492754 0.19407894736842105
0 0.9147157190635451 0.18037280701754385 0.9085841694537347 0.18201754385964913 0.9085841694537347 0.18914473684210525 0.9147157190635451 0.19517543859649122 0.9214046822742475 0.1924342105263158 0.9230769230769231 0.18914473684210525 0.9230769230769231 0.18421052631578946 0.9186176142697882 0.18037280701754385
0 0.8907469342251951 0.16063596491228072 0.8835005574136009 0.16228070175438597 0.879041248606466 0.17050438596491227 0.8823857302118172 0.17763157894736842 0.8901895206243032 0.1825657894736842 0.8968784838350056 0.1787280701754386 0.8996655518394648 0.17269736842105263 0.8985507246376812 0.16447368421052633 0.8935340022296544 0.16063596491228072
0 0.8338907469342252 0.15844298245614036 0.8249721293199554 0.1611842105263158 0.8232998885172799 0.16447368421052633 0.8238573021181717 0.17489035087719298 0.8272017837235228 0.17982456140350878 0.8311036789297659 0.18146929824561403 0.8389074693422519 0.18146929824561403 0.8439241917502787 0.17543859649122806 0.8433667781493869 0.16392543859649122 0.8411371237458194 0.16063596491228072 0.8366778149386845 0.15844298245614036
0 0.8545150501672241 0.16392543859649122 0.850613154960981 0.16885964912280702 0.850613154960981 0.17324561403508773 0.8534002229654404 0.17653508771929824 0.8595317725752508 0.17653508771929824 0.862876254180602 0.17160087719298245 0.8589743589743589 0.16392543859649122
0 0.8690078037904125 0.14309210526315788 0.8634336677814939 0.14638157894736842 0.8623188405797102 0.15460526315789475 0.8662207357859532 0.1650219298245614 0.8695652173913043 0.16721491228070176 0.8745819397993311 0.16721491228070176 0.8779264214046822 0.1650219298245614 0.8801560758082497 0.15679824561403508 0.8773690078037905 0.14857456140350878 0.8701226309921962 0.14309210526315788
0 0.8132664437012264 0.1206140350877193 0.8054626532887402 0.12225877192982457 0.7993311036789298 0.12774122807017543 0.8010033444816054 0.14035087719298245 0.8127090301003345 0.14473684210526316 0.8171683389074693 0.14418859649122806 0.8232998885172799 0.13541666666666666 0.8232998885172799 0.12664473684210525 0.8205128205128205 0.12225877192982457 0.8166109253065775 0.1206140350877193
0 0.8344481605351171 0.1337719298245614 0.8255295429208472 0.14035087719298245 0.8255295429208472 0.14692982456140352 0.8277591973244147 0.1513157894736842 0.8377926421404682 0.15076754385964913 0.8439241917502787 0.14473684210526316 0.8433667781493869 0.13760964912280702 0.8383500557413601 0.1337719298245614
0 0.7653288740245262 0.11403508771929824 0.7614269788182831 0.11951754385964912 0.7603121516164995 0.1299342105263158 0.7686733556298774 0.13925438596491227 0.7787068004459309 0.13486842105263158 0.7803790412486065 0.13048245614035087 0.7770345596432553 0.11896929824561403 0.770345596432553 0.11403508771929824
0 0.758082497212932 0.07949561403508772 0.7525083612040134 0.0805921052631579 0.7469342251950948 0.0849780701754386 0.7447045707915273 0.09703947368421052 0.745819397993311 0.10142543859649122 0.7486064659977704 0.10416666666666667 0.758082497212932 0.10800438596491228 0.7625418060200669 0.10800438596491228 0.7697881828316611 0.09923245614035088 0.7720178372352285 0.09100877192982457 0.7670011148272018 0.08333333333333333 0.7586399108138239 0.07949561403508772
0 0.7948717948717948 0.04057017543859649 0.7859531772575251 0.04550438596491228 0.7831661092530657 0.05043859649122807 0.7842809364548495 0.05701754385964912 0.7926421404682275 0.06469298245614036 0.7976588628762542 0.06469298245614036 0.8037904124860646 0.06195175438596491 0.8082497212931996 0.054276315789473686 0.8076923076923077 0.046600877192982455 0.8037904124860646 0.042214912280701754 0.7987736900780379 0.04057017543859649
0 0.8244147157190636 0.041666666666666664 0.8182831661092531 0.046052631578947366 0.8132664437012264 0.05317982456140351 0.8132664437012264 0.06524122807017543 0.8193979933110368 0.07456140350877193 0.8316610925306578 0.0762061403508772 0.8372352285395763 0.07291666666666667 0.8411371237458194 0.06633771929824561 0.8439241917502787 0.0581140350877193 0.8439241917502787 0.049890350877192985 0.8394648829431438 0.04550438596491228 0.8249721293199554 0.042214912280701754
0 0.8606465997770345 0.03618421052631579 0.8545150501672241 0.03837719298245614 0.8489409141583054 0.05098684210526316 0.8494983277591973 0.05701754385964912 0.8584169453734671 0.06085526315789474 0.8690078037904125 0.0581140350877193 0.8734671125975474 0.05098684210526316 0.8740245261984393 0.046052631578947366 0.8717948717948718 0.039473684210526314 0.8651059085841695 0.03618421052631579
0 0.8545150501672241 0.06798245614035088 0.8478260869565217 0.07017543859649122 0.8411371237458194 0.0800438596491228 0.8478260869565217 0.09100877192982457 0.855072463768116 0.08881578947368421 0.8589743589743589 0.08388157894736842 0.8606465997770345 0.07072368421052631 0.8567447045707915 0.06798245614035088
0 0.8556298773690078 0.09539473684210527 0.8478260869565217 0.09923245614035088 0.8478260869565217 0.11239035087719298 0.8500557413600892 0.11513157894736842 0.8600891861761427 0.1162280701754386 0.862876254180602 0.11513157894736842 0.8662207357859532 0.10964912280701754 0.8662207357859532 0.10361842105263158 0.8634336677814939 0.09758771929824561 0.8561872909698997 0.09594298245614036
0 0.8556298773690078 0.12225877192982457 0.8511705685618729 0.125 0.8494983277591973 0.1288377192982456 0.8500557413600892 0.13980263157894737 0.8517279821627648 0.14199561403508773 0.8561872909698997 0.14199561403508773 0.8656633221850614 0.13706140350877194 0.8678929765886287 0.13048245614035087 0.8662207357859532 0.12445175438596491 0.862876254180602 0.12225877192982457 0.8561872909698997 0.12280701754385964
0 0.8868450390189521 0.14089912280701755 0.8823857302118172 0.14528508771929824 0.8818283166109253 0.1513157894736842 0.8835005574136009 0.15625 0.8924191750278707 0.15789473684210525 0.8968784838350056 0.15460526315789475 0.8985507246376812 0.1474780701754386 0.8968784838350056 0.14418859649122806 0.8918617614269788 0.14089912280701755
0 0.9046822742474916 0.1513157894736842 0.9007803790412486 0.15460526315789475 0.9002229654403567 0.15734649122807018 0.9018952062430323 0.16611842105263158 0.9063545150501672 0.16940789473684212 0.9141583054626533 0.16831140350877194 0.9163879598662207 0.1650219298245614 0.9158305462653289 0.15734649122807018 0.9113712374581939 0.1524122807017544 0.9069119286510591 0.1513157894736842
0 0.9069119286510591 0.13486842105263158 0.9041248606465998 0.13541666666666666 0.9007803790412486 0.13980263157894737 0.9018952062430323 0.14638157894736842 0.9041248606465998 0.14857456140350878 0.9102564102564102 0.1474780701754386 0.9130434782608695 0.14364035087719298 0.9124860646599777 0.13815789473684212 0.9080267558528428 0.13486842105263158
0 0.6610925306577481 0.047697368421052634 0.653288740245262 0.05317982456140351 0.6505016722408027 0.05866228070175439 0.649386845039019 0.06633771929824561 0.6505016722408027 0.07785087719298246 0.6577480490523969 0.08388157894736842 0.6739130434782609 0.07510964912280702 0.6767001114827201 0.06633771929824561 0.6767001114827201 0.06030701754385965 0.6727982162764772 0.054276315789473686 0.6666666666666666 0.049342105263157895 0.6616499442586399 0.04824561403508772
0 0.7023411371237458 0.01206140350877193 0.6884057971014492 0.02138157894736842 0.6861761426978819 0.02905701754385965 0.6878483835005574 0.039473684210526314 0.6962095875139354 0.046052631578947366 0.7112597547380156 0.04111842105263158 0.7162764771460424 0.03179824561403509 0.7168338907469343 0.024671052631578948 0.7146042363433668 0.01918859649122807 0.7034559643255296 0.01206140350877193
0 0.6672240802675585 0.00932017543859649 0.6622073578595318 0.013157894736842105 0.6599777034559643 0.017543859649122806 0.657190635451505 0.025767543859649123 0.657190635451505 0.03289473684210526 0.6610925306577481 0.04057017543859649 0.6677814938684504 0.04276315789473684 0.6716833890746934 0.04276315789473684 0.6789297658862876 0.03782894736842105 0.6822742474916388 0.03234649122807018 0.6817168338907469 0.01864035087719298 0.6755852842809364 0.010964912280701754 0.6716833890746934 0.00932017543859649
0 0.6962095875139354 0.048793859649122806 0.6884057971014492 0.05482456140350877 0.68561872909699 0.06085526315789474 0.68561872909699 0.0668859649122807 0.6884057971014492 0.06907894736842106 0.6962095875139354 0.06962719298245613 0.7051282051282052 0.06085526315789474 0.7028985507246377 0.051535087719298246 0.6967670011148273 0.049342105263157895
0 0.633221850613155 0.06140350877192982 0.6298773690078038 0.06469298245614036 0.6282051282051282 0.0712719298245614 0.6304347826086957 0.07510964912280702 0.6360089186176142 0.07785087719298246 0.6404682274247492 0.0756578947368421 0.6438127090301003 0.0762061403508772 0.644927536231884 0.07456140350877193 0.6438127090301003 0.06359649122807018 0.6382385730211817 0.06140350877192982
0 0.6399108138238573 0.03837719298245614 0.633221850613155 0.042214912280701754 0.6315496098104794 0.046052631578947366 0.6321070234113713 0.05043859649122807 0.6376811594202898 0.05482456140350877 0.644927536231884 0.05537280701754386 0.6488294314381271 0.051535087719298246 0.6488294314381271 0.046052631578947366 0.6438127090301003 0.03837719298245614
0 0.6192865105908584 0.03673245614035088 0.6159420289855072 0.03673245614035088 0.6142697881828316 0.03892543859649123 0.6137123745819398 0.047149122807017545 0.6164994425863991 0.05043859649122807 0.6231884057971014 0.052083333333333336 0.6276477146042363 0.046600877192982455 0.6265328874024526 0.039473684210526314 0.6226309921962095 0.03673245614035088
0 0.6181716833890747 0.05482456140350877 0.6131549609810479 0.05701754385964912 0.6109253065774805 0.06524122807017543 0.6142697881828316 0.06962719298245613 0.6226309921962095 0.07182017543859649 0.6243032329988851 0.06853070175438597 0.6243032329988851 0.05975877192982456 0.6198439241917503 0.05482456140350877
0 0.6092530657748049 0.07236842105263158 0.6059085841694537 0.0756578947368421 0.6042363433667781 0.0805921052631579 0.60479375696767 0.08333333333333333 0.6086956521739131 0.08662280701754387 0.6181716833890747 0.08223684210526316 0.6181716833890747 0.0756578947368421 0.6137123745819398 0.07236842105263158
0 0.6014492753623188 0.08717105263157894 0.5964325529542921 0.09155701754385964 0.5964325529542921 0.09868421052631579 0.5986622073578596 0.10197368421052631 0.6081382385730212 0.10307017543859649 0.6109253065774805 0.10087719298245613 0.6109253065774805 0.09649122807017543 0.6092530657748049 0.09100877192982457 0.6053511705685619 0.08717105263157894
0 0.8935340022296544 0.10361842105263158 0.8890746934225195 0.10581140350877193 0.8862876254180602 0.11239035087719298 0.8907469342251951 0.12116228070175439 0.8974358974358975 0.1206140350877193 0.9013377926421404 0.11677631578947369 0.9024526198439242 0.10855263157894737 0.9007803790412486 0.10526315789473684 0.8974358974358975 0.10361842105263158
0 0.8901895206243032 0.12335526315789473 0.8862876254180602 0.12664473684210525 0.8857302118171684 0.13322368421052633 0.8946488294314381 0.13706140350877194 0.9002229654403567 0.13322368421052633 0.9002229654403567 0.12609649122807018 0.8979933110367893 0.12390350877192982 0.8935340022296544 0.12335526315789473
0 0.8795986622073578 0.11293859649122807 0.8756967670011149 0.11403508771929824 0.8723522853957637 0.11896929824561403 0.8729096989966555 0.12445175438596491 0.8756967670011149 0.12664473684210525 0.8795986622073578 0.12664473684210525 0.8823857302118172 0.12335526315789473 0.882943143812709 0.11567982456140351 0.8801560758082497 0.11293859649122807
0 0.879041248606466 0.09375 0.8762541806020067 0.09484649122807018 0.8745819397993311 0.0981359649122807 0.8745819397993311 0.10635964912280702 0.8768115942028986 0.10964912280701754 0.8795986622073578 0.11019736842105263 0.8840579710144928 0.1074561403508772 0.887402452619844 0.10087719298245613 0.8868450390189521 0.09594298245614036 0.8835005574136009 0.09375
0 0.8762541806020067 0.06030701754385965 0.8712374581939799 0.06359649122807018 0.866778149386845 0.07072368421052631 0.8695652173913043 0.07510964912280702 0.8756967670011149 0.07894736842105263 0.8795986622073578 0.07785087719298246 0.8840579710144928 0.07346491228070176 0.8840579710144928 0.06743421052631579 0.8768115942028986 0.06030701754385965
0 0.8684503901895206 0.08223684210526316 0.8645484949832776 0.08442982456140351 0.8634336677814939 0.08826754385964912 0.8645484949832776 0.09155701754385964 0.8678929765886287 0.09375 0.8717948717948718 0.09320175438596491 0.8740245261984393 0.09046052631578948 0.875139353400223 0.08442982456140351 0.8723522853957637 0.08223684210526316
0 0.882943143812709 0.0800438596491228 0.8773690078037905 0.0849780701754386 0.8779264214046822 0.08881578947368421 0.879041248606466 0.09046052631578948 0.8868450390189521 0.09210526315789473 0.8885172798216276 0.08278508771929824 0.8857302118171684 0.0800438596491228
0 0.8963210702341137 0.08388157894736842 0.8929765886287625 0.08607456140350878 0.8907469342251951 0.09210526315789473 0.8907469342251951 0.09923245614035088 0.8935340022296544 0.10087719298245613 0.9013377926421404 0.10087719298245613 0.9063545150501672 0.09539473684210527 0.9063545150501672 0.08881578947368421 0.9007803790412486 0.08388157894736842
0 0.8823857302118172 0.04550438596491228 0.8784838350055741 0.048793859649122806 0.879041248606466 0.05482456140350877 0.8835005574136009 0.06030701754385965 0.8907469342251951 0.06195175438596491 0.8946488294314381 0.0537280701754386 0.8918617614269788 0.047697368421052634 0.8868450390189521 0.04550438596491228
0 0.9024526198439242 0.054276315789473686 0.8979933110367893 0.05592105263157895 0.89520624303233 0.06414473684210527 0.8957636566332219 0.06798245614035088 0.9007803790412486 0.07072368421052631 0.9091415830546266 0.0668859649122807 0.9124860646599777 0.06140350877192982 0.9085841694537347 0.05592105263157895 0.9046822742474916 0.054276315789473686
0 0.9225195094760312 0.051535087719298246 0.9175027870680045 0.05482456140350877 0.915273132664437 0.06140350877192982 0.9163879598662207 0.06633771929824561 0.9214046822742475 0.06962719298245613 0.9292084726867336 0.06798245614035088 0.9308807134894092 0.06524122807017543 0.9303232998885173 0.05537280701754386 0.9269788182831661 0.051535087719298246
0 0.9108138238573021 0.06853070175438597 0.9063545150501672 0.07017543859649122 0.9041248606465998 0.07401315789473684 0.9041248606465998 0.07785087719298246 0.9080267558528428 0.08278508771929824 0.9147157190635451 0.08278508771929824 0.9175027870680045 0.07894736842105263 0.9175027870680045 0.07346491228070176 0.9119286510590858 0.06853070175438597
0 0.9175027870680045 0.020833333333333332 0.9130434782608695 0.02631578947368421 0.9130434782608695 0.03234649122807018 0.9208472686733556 0.03673245614035088 0.9269788182831661 0.0356359649122807 0.9297658862876255 0.03289473684210526 0.9286510590858417 0.02412280701754386 0.9225195094760312 0.020833333333333332
0 0.8795986622073578 0.025219298245614034 0.8773690078037905 0.02850877192982456 0.8768115942028986 0.03673245614035088 0.8795986622073578 0.04111842105263158 0.887402452619844 0.042214912280701754 0.8901895206243032 0.04057017543859649 0.8913043478260869 0.03289473684210526 0.8890746934225195 0.027412280701754384 0.8840579710144928 0.025219298245614034
0 0.8935340022296544 0.009868421052631578 0.8890746934225195 0.010964912280701754 0.8862876254180602 0.014802631578947368 0.8885172798216276 0.021929824561403508 0.8924191750278707 0.02412280701754386 0.8996655518394648 0.019736842105263157 0.8996655518394648 0.014802631578947368 0.8940914158305463 0.010416666666666666
0 0.8996655518394648 0.023574561403508772 0.8957636566332219 0.025219298245614034 0.8946488294314381 0.03289473684210526 0.8979933110367893 0.0356359649122807 0.9052396878483835 0.03728070175438596 0.9108138238573021 0.03344298245614035 0.9108138238573021 0.030153508771929825 0.9041248606465998 0.023574561403508772
0 0.9091415830546266 0.009868421052631578 0.9041248606465998 0.011513157894736841 0.9018952062430323 0.015350877192982455 0.9035674470457079 0.019736842105263157 0.907469342251951 0.021929824561403508 0.9113712374581939 0.02138157894736842 0.915273132664437 0.015350877192982455 0.9147157190635451 0.011513157894736841 0.9119286510590858 0.009868421052631578
0 0.8411371237458194 0.01425438596491228 0.8327759197324415 0.01918859649122807 0.8299888517279822 0.025767543859649123 0.830546265328874 0.03344298245614035 0.8327759197324415 0.03673245614035088 0.8372352285395763 0.03837719298245614 0.8444816053511706 0.03728070175438596 0.8522853957636566 0.03234649122807018 0.8522853957636566 0.02138157894736842 0.8489409141583054 0.017543859649122806 0.8422519509476031 0.01425438596491228
0 0.8648584169453735 0 0.8405797101449275 0 0.8405797101449275 0.001644736842105263 0.8455964325529542 0.008771929824561403 0.8522853957636566 0.01206140350877193 0.8595317725752508 0.01206140350877193 0.8662207357859532 0.00712719298245614 0.8678929765886287 0
0 0.8166109253065775 0.01425438596491228 0.8060200668896321 0.02138157894736842 0.802675585284281 0.027412280701754384 0.8043478260869565 0.03673245614035088 0.810479375696767 0.0400219298245614 0.8216276477146043 0.03673245614035088 0.8255295429208472 0.03125 0.8260869565217391 0.022478070175438597 0.8177257525083612 0.01425438596491228
0 0.8035117056856187 0.06798245614035088 0.7998885172798216 0.06798245614035088 0.7959866220735786 0.07072368421052631 0.7965440356744704 0.08278508771929824 0.802675585284281 0.08607456140350878 0.8082497212931996 0.08662280701754387 0.8127090301003345 0.08388157894736842 0.8149386845039019 0.07785087719298246 0.8115942028985508 0.07072368421052631 0.8071348940914158 0.06798245614035088
0 0.778149386845039 0.06743421052631579 0.7731326644370122 0.06907894736842106 0.7709030100334449 0.07236842105263158 0.7709030100334449 0.07785087719298246 0.7753623188405797 0.08388157894736842 0.7831661092530657 0.08388157894736842 0.79041248606466 0.07839912280701754 0.79041248606466 0.07456140350877193 0.7881828316610925 0.0712719298245614 0.7803790412486065 0.06743421052631579
0 0.7859531772575251 0.08607456140350878 0.7803790412486065 0.08826754385964912 0.778149386845039 0.09155701754385964 0.7809364548494984 0.10142543859649122 0.7848383500557413 0.10361842105263158 0.7987736900780379 0.09484649122807018 0.7971014492753623 0.0893640350877193 0.7909698996655519 0.08607456140350878
0 0.7920847268673356 0.10526315789473684 0.7865105908584169 0.10635964912280702 0.7831661092530657 0.11239035087719298 0.7837235228539576 0.1162280701754386 0.7915273132664437 0.12390350877192982 0.7965440356744704 0.12280701754385964 0.8021181716833891 0.11348684210526316 0.8015607580824972 0.10800438596491228 0.7948717948717948 0.10526315789473684
0 0.782608695652174 0.14144736842105263 0.7775919732441472 0.14364035087719298 0.7714604236343366 0.14967105263157895 0.7686733556298774 0.15405701754385964 0.7692307692307693 0.1611842105263158 0.7798216276477146 0.16228070175438597 0.7865105908584169 0.15625 0.7892976588628763 0.1474780701754386 0.7865105908584169 0.1425438596491228 0.7831661092530657 0.14199561403508773
0 0.6845039018952063 0.07894736842105263 0.6806020066889632 0.0805921052631579 0.6778149386845039 0.08442982456140351 0.677257525083612 0.08881578947368421 0.6800445930880713 0.09320175438596491 0.6850613154960981 0.09484649122807018 0.6906354515050167 0.09046052631578948 0.6923076923076923 0.08552631578947369 0.6911928651059086 0.0805921052631579 0.6861761426978819 0.07894736842105263
0 0.7285395763656634 0.007675438596491228 0.7235228539576366 0.010964912280701754 0.7190635451505016 0.018092105263157895 0.7207357859531772 0.0268640350877193 0.7263099219620959 0.030153508771929825 0.7324414715719063 0.027960526315789474 0.738015607580825 0.023026315789473683 0.7391304347826086 0.019736842105263157 0.7385730211817169 0.011513157894736841 0.7318840579710145 0.007675438596491228
0 0.6923076923076923 0.13541666666666666 0.6884057971014492 0.1387061403508772 0.6867335562987736 0.1513157894736842 0.6911928651059086 0.15405701754385964 0.6956521739130435 0.15405701754385964 0.6995540691192865 0.15076754385964913 0.7001114827201784 0.14035087719298245 0.6967670011148273 0.13596491228070176 0.6939799331103679 0.13541666666666666
0 0.7109810479375697 0.07949561403508772 0.7028985507246377 0.08168859649122807 0.6995540691192865 0.08826754385964912 0.7006688963210702 0.09484649122807018 0.7062430323299889 0.0981359649122807 0.7134894091415831 0.09265350877192982 0.7157190635451505 0.08388157894736842 0.7140468227424749 0.07949561403508772
0 0.9069119286510591 0.11677631578947369 0.9024526198439242 0.11951754385964912 0.9024526198439242 0.12609649122807018 0.9080267558528428 0.13267543859649122 0.9113712374581939 0.13212719298245615 0.9147157190635451 0.12719298245614036 0.915273132664437 0.12280701754385964 0.9113712374581939 0.11677631578947369
0 0.9214046822742475 0.1118421052631579 0.9175027870680045 0.11458333333333333 0.9158305462653289 0.11951754385964912 0.9202898550724637 0.12609649122807018 0.9286510590858417 0.12719298245614036 0.9331103678929766 0.12335526315789473 0.9325529542920847 0.11951754385964912 0.9292084726867336 0.11403508771929824 0.9236343366778149 0.1118421052631579
0 0.9102564102564102 0.09868421052631579 0.9057971014492754 0.10197368421052631 0.9057971014492754 0.10964912280701754 0.907469342251951 0.1118421052631579 0.9147157190635451 0.11239035087719298 0.9169453734671126 0.10964912280701754 0.9175027870680045 0.10471491228070176 0.9163879598662207 0.10087719298245613 0.9130434782608695 0.09868421052631579
0 0.9214046822742475 0.14199561403508773 0.9175027870680045 0.14309210526315788 0.9141583054626533 0.1474780701754386 0.9158305462653289 0.15460526315789475 0.9219620958751393 0.15515350877192982 0.9286510590858417 0.15076754385964913 0.9269788182831661 0.14418859649122806 0.9219620958751393 0.14199561403508773
0 0.9303232998885173 0.06962719298245613 0.9230769230769231 0.07236842105263158 0.9225195094760312 0.07785087719298246 0.927536231884058 0.08442982456140351 0.9347826086956522 0.0849780701754386 0.9386845039018952 0.08223684210526316 0.9381270903010034 0.07456140350877193 0.9358974358974359 0.0712719298245614 0.9319955406911928 0.06962719298245613
0 0.9180602006688964 0.08278508771929824 0.9113712374581939 0.08826754385964912 0.9147157190635451 0.09703947368421052 0.9219620958751393 0.09649122807017543 0.9247491638795987 0.09210526315789473 0.9241917502787068 0.08607456140350878 0.9186176142697882 0.08278508771929824
0 0.9041248606465998 0.16831140350877194 0.9013377926421404 0.17489035087719298 0.9046822742474916 0.17927631578947367 0.9080267558528428 0.18037280701754385 0.9136008918617614 0.17598684210526316 0.9136008918617614 0.17105263157894737 0.9052396878483835 0.16831140350877194
0 0.9214046822742475 0.19517543859649122 0.9158305462653289 0.19736842105263158 0.9147157190635451 0.20285087719298245 0.9219620958751393 0.20833333333333334 0.9264214046822743 0.20668859649122806 0.9292084726867336 0.20285087719298245 0.9280936454849499 0.19791666666666666 0.9247491638795987 0.19517543859649122
0 0.9258639910813824 0.15570175438596492 0.9225195094760312 0.15734649122807018 0.9214046822742475 0.16228070175438597 0.9230769230769231 0.16611842105263158 0.9286510590858417 0.16831140350877194 0.9347826086956522 0.16557017543859648 0.9336677814938684 0.15899122807017543 0.9292084726867336 0.15570175438596492
0 0.6226309921962095 0.042214912280701754 0.6198439241917503 0.046600877192982455 0.6226309921962095 0.04824561403508772 0.624860646599777 0.046600877192982455 0.6237458193979933 0.042214912280701754
0 0.6187290969899666 0.01918859649122807 0.6142697881828316 0.021929824561403508 0.6137123745819398 0.029605263157894735 0.6159420289855072 0.03399122807017544 0.6237458193979933 0.03618421052631579 0.6270903010033445 0.030153508771929825 0.6265328874024526 0.025767543859649123 0.6243032329988851 0.021929824561403508 0.6198439241917503 0.01918859649122807
0 0.8639910813823858 0.26589912280701755 0.8606465997770345 0.27247807017543857 0.8651059085841695 0.27521929824561403 0.8706800445930881 0.27247807017543857 0.8712374581939799 0.26864035087719296 0.8690078037904125 0.26589912280701755
0 0.9319955406911928 0.17817982456140352 0.9264214046822743 0.18201754385964913 0.9258639910813824 0.18530701754385964 0.9280936454849499 0.18914473684210525 0.935340022296544 0.19024122807017543 0.9381270903010034 0.18859649122807018 0.9392419175027871 0.18311403508771928 0.9331103678929766 0.17817982456140352
0 0.935340022296544 0.02412280701754386 0.9331103678929766 0.027960526315789474 0.9342251950947603 0.03344298245614035 0.9420289855072463 0.0356359649122807 0.9442586399108138 0.02905701754385965 0.9358974358974359 0.02412280701754386
0 0.9073762541806021 0 0.8929765886287625 0 0.8929765886287625 0.001644736842105263 0.8979933110367893 0.008223684210526315 0.9024526198439242 0.00932017543859649 0.9096989966555183 0.004934210526315789 0.9102564102564102 0
0 0.1326644370122631 0.8919956140350878 0.12987736900780378 0.893640350877193 0.1282051282051282 0.8980263157894737 0.12931995540691194 0.9013157894736842 0.13322185061315497 0.9035087719298246 0.13768115942028986 0.9018640350877193 0.1399108138238573 0.8941885964912281 0.13712374581939799 0.8941885964912281 0.13489409141583056 0.8919956140350878
0 0.7887402452619844 0.01644736842105263 0.7853957636566332 0.017543859649122806 0.782051282051282 0.021929824561403508 0.7792642140468228 0.03179824561403509 0.7792642140468228 0.03618421052631579 0.7859531772575251 0.03892543859649123 0.7909698996655519 0.03837719298245614 0.7971014492753623 0.03344298245614035 0.7965440356744704 0.02138157894736842 0.7937569676700111 0.017543859649122806 0.79041248606466 0.01644736842105263
0 0.9012146042363434 0.2571962719298245 0.8961850613154961 0.26366173245614033 0.8984397993311036 0.26929276315789474 0.9055507246376812 0.2699747807017544 0.9107536231884058 0.2667330043859649 0.9102329988851728 0.2617845394736842 0.9065908584169453 0.2573481359649123
0 0.9170406911928651 0.25570394736842106 0.9131817168338908 0.25820120614035086 0.9131817168338908 0.26502686403508774 0.9194253065774806 0.2651973684210526 0.9237614269788184 0.2609314692982456 0.9204659977703457 0.2564950657894737
0 0.9142224080267558 0.23395449561403509 0.9067647714604237 0.23960197368421052 0.9086722408026755 0.2440389254385965 0.9180379041248606 0.24455043859649123 0.9232408026755854 0.2418201754385965 0.9227207357859533 0.23584813596491228
0 0.8903745819397993 0.32095175438596496 0.8871661092530658 0.325750548245614 0.8904615384615385 0.3288218201754386 0.8972257525083612 0.33052796052631583 0.8993065774804905 0.3271156798245614 0.8972257525083612 0.32267927631578947 0.8935836120401337 0.32114309210526315
0 0.7765953177257525 0.44406085526315786 0.7714799331103679 0.4480476973684211 0.7756839464882943 0.45245997807017546 0.7815702341137123 0.4499780701754386 0.7814303232998885 0.44584155701754385
0 0.7713394648829431 0.45370997807017543 0.7688171683389075 0.45756140350877195 0.7728812709030101 0.46100877192982453 0.7776460423634337 0.46128453947368425 0.7794682274247492 0.4582510964912281 0.7786270903010033 0.45549342105263163
0 0.7869308807134894 0.4419934210526316 0.7843734671125975 0.44418695175438594 0.7856348940914158 0.4480476973684211 0.7911003344481605 0.448875 0.7920813823857301 0.4440487938596491 0.789979375696767 0.441015350877193
0 0.7839531772575251 0.45250383771929825 0.782551282051282 0.4578371710526316 0.7871761426978818 0.46114638157894733 0.7909604236343366 0.4607330043859649 0.790819955406912 0.4561825657894737 0.7877369007803791 0.45273574561403507
0 0.7925367892976588 0.46215296052631577 0.789979375696767 0.4663421052631579 0.7912408026755854 0.4711677631578947 0.7955852842809364 0.47171929824561404 0.7997898550724638 0.4690997807017544 0.7999297658862876 0.46551480263157896 0.7971270903010034 0.46248135964912285
0 0.9232251950947603 0.007443530701754386 0.9164977703455963 0.014145285087719298 0.9181794871794872 0.020074013157894737 0.925046822742475 0.01924671052631579 0.9309331103678931 0.01028453947368421 0.9282703455964325 0.006148026315789474
0 0.9477508361204013 0.020883223684210528 0.9463494983277592 0.023521381578947367 0.9484515050167224 0.02627905701754386 0.9530763656633222 0.025037828947368418 0.9529364548494983 0.021866776315789472
0 0.9414442586399109 0.06034100877192982 0.9344370122630993 0.06229550438596491 0.935418060200669 0.06656962719298246 0.9410239687848383 0.07070668859649122 0.9464894091415831 0.06918969298245614 0.9471900780379041 0.06422587719298245 0.9445273132664437 0.06050274122807017
0 0.10587569676700112 0.8920849780701754 0.10447380156075807 0.8981984649122807 0.10988851727982162 0.9002911184210527 0.1141426978818283 0.8968667763157895 0.11356243032329988 0.8913492324561403 0.11066220735785953 0.8886853070175439
0 0.05535507246376812 0.9153843201754386 0.05168115942028985 0.917985197368421 0.05168115942028985 0.923311951754386 0.05786900780379041 0.9240734649122807 0.06057636566332219 0.9204583333333333 0.05941638795986622 0.9162724780701754
0 0.024172798216276478 0.9267966008771931 0.021755295429208475 0.9306343201754387 0.022528985507246378 0.9344391447368421 0.02620289855072464 0.936531798245614 0.029490523968784838 0.9357708333333333 0.02987736900780379 0.9308245614035088 0.02987736900780379 0.9266387061403509
0 0.10490914158305463 0.9025460526315789 0.10239520624303233 0.9052390350877193 0.10258862876254181 0.910185855263158 0.10587569676700112 0.9138009868421052 0.1093567447045708 0.9120882675438596 0.11206410256410257 0.9073322368421052 0.10974358974358975 0.903717105263158
0 0.09427313266443701 0.8947001096491228 0.09117892976588628 0.8995317982456141 0.09311259754738016 0.9050487938596491 0.09968784838350056 0.9050487938596491 0.10278149386845038 0.8995317982456141 0.10046098104793758 0.8957264254385965
0 0.12231326644370123 0.9025460526315789 0.11689855072463769 0.900483004385965 0.11322408026755852 0.9033366228070175 0.11380434782608695 0.909234649122807 0.12192642140468227 0.9096151315789474 0.12444035674470458 0.9061907894736843
0 0.1372998885172798 0.8823371710526317 0.13638182831661094 0.8873569078947369 0.1365746934225195 0.8909714912280702 0.14218283166109252 0.8913519736842105 0.14508361204013376 0.8873569078947369 0.14295652173913043 0.8824100877192983
0 0.12158807134894091 0.8730652412280702 0.11994425863991082 0.8763218201754386 0.1216845039018952 0.8806979166666666 0.12419843924191751 0.8839320175438596 0.12767948717948718 0.8826003289473685 0.12884002229654404 0.8786052631578948 0.12651895206243033 0.8736584429824562 0.12439186176142697 0.872326754385965
0 0.14624414715719064 0.8604643640350877 0.1408294314381271 0.8631940789473683 0.14373021181716833 0.8668092105263158 0.14779096989966556 0.870233552631579 0.1532056856187291 0.8675701754385965 0.1532056856187291 0.862813596491228
0 0.15905518394648832 0.8785334429824561 0.15509141583054625 0.8812686403508772 0.1541243032329989 0.8860252192982455 0.15760535117056856 0.887547149122807 0.16301950947603122 0.8835515350877192 0.16243979933110367 0.8786052631578948
0 0.24317614269788182 0.8578492324561404 0.23863154960981048 0.8574862938596491 0.2349570791527313 0.860530701754386 0.23882497212931997 0.8660482456140352 0.2434659977703456 0.866999451754386 0.24656020066889633 0.8639550438596492
0 0.26855741360089186 0.8602264254385965 0.26459308807134896 0.862390350877193 0.264979375696767 0.868859100877193 0.2723283166109253 0.8711425438596491 0.2748422519509476 0.8656250000000001 0.2740685618729097 0.8625805921052632
0 0.2391304347826087 0.8064692982456141 0.23857302118171683 0.8108552631578947 0.241917502787068 0.8157894736842105 0.24972129319955408 0.8168859649122807 0.25418060200668896 0.8146929824561403 0.2547380156075808 0.8070175438596491 0.25195094760312153 0.8037280701754386 0.24414715719063546 0.8026315789473685
0 0.241917502787068 0.8234649122807017 0.241917502787068 0.8289473684210527 0.24693422519509475 0.8327850877192983 0.2552954292084727 0.831140350877193 0.2608695652173913 0.8245614035087719 0.2530657748049052 0.819078947368421 0.24581939799331104 0.8201754385964912
0 0.225752508361204 0.8185307017543859 0.225752508361204 0.8240131578947368 0.22965440356744704 0.8262061403508771 0.2346711259754738 0.8262061403508771 0.24024526198439242 0.8212719298245614 0.23411371237458195 0.8152412280701754
0 0.2608695652173913 0.8322368421052632 0.2625418060200669 0.8421052631578947 0.2692307692307692 0.8453947368421053 0.2753623188405797 0.8349780701754386 0.2692307692307692 0.8289473684210527
0 0.37605685618729096 0.8266781798245615 0.3723439241917503 0.8292192982456141 0.37357190635451504 0.8332845394736842 0.3773690078037904 0.8347127192982456 0.3815011148272018 0.8322960526315789 0.3801610925306578 0.8281206140350877
0 0.3757775919732441 0.8151458333333333 0.37200891861761426 0.8188919956140351 0.37357190635451504 0.8233963815789473 0.3763639910813824 0.8244950657894736 0.3822826086956522 0.8239457236842105 0.3829526198439242 0.8207598684210526 0.3821711259754738 0.8163651315789473
0 0.35260590858416946 0.8310718201754386 0.34967447045707917 0.8338338815789473 0.35224247491638794 0.8388881578947369 0.3580496098104794 0.8374594298245615 0.3590546265328874 0.8339440789473684 0.3564860646599777 0.8317467105263158
0 0.33739018952062433 0.8243442982456141 0.33471014492753626 0.8269122807017544 0.3367201783723523 0.8316365131578948 0.34051727982162766 0.8304281798245614 0.340628762541806 0.8273519736842104
0 0.34353232998885175 0.8316211622807017 0.3386187290969899 0.8348229166666667 0.33928874024526195 0.8376792763157894 0.3433088071348941 0.8385581140350877 0.3479988851727982 0.8376792763157894 0.3487809364548495 0.8340537280701755 0.34699386845039015 0.8322960526315789
0 0.30542419175027874 0.8491946271929824 0.3039163879598662 0.854047149122807 0.30670847268673357 0.8561348684210526 0.3124035674470457 0.8537176535087719 0.31396711259754734 0.8498722587719297 0.3111750278706801 0.8481145833333333
0 0.2596382385730212 0.8531759868421053 0.2538874024526198 0.8531907894736842 0.25321739130434784 0.8564868421052632 0.2546688963210702 0.8604418859649122 0.25891248606465994 0.8634084429824561 0.2636025641025641 0.8612110745614034 0.2634910813823857 0.8565964912280701
0 0.19556633221850614 0.876516447368421 0.1908483835005574 0.8765603070175438 0.19073634336677814 0.8818344298245614 0.19620847268673355 0.8834824561403508 0.2004520624303233 0.8849106359649123 0.20257357859531772 0.8818344298245614 0.20067558528428095 0.8788678728070176
0 0.14922240802675585 0.8870882675438596 0.14603957636566334 0.891578947368421 0.14592809364548495 0.8974018640350878 0.14916666666666667 0.8998190789473685 0.15251672240802677 0.8975115131578947 0.15408026755852844 0.891139254385965 0.15206967670011148 0.8886123903508771
0 0.05723188405797102 0.9038377192982455 0.05357469342251951 0.9049490131578947 0.05357469342251951 0.9112116228070175 0.05804180602006689 0.9124199561403509 0.061280379041248605 0.9094533991228071 0.061280379041248605 0.905718201754386
0 0.06700334448160535 0.903563596491228 0.07155406911928651 0.9027516447368421 0.07300557413600893 0.9064873903508772 0.07300557413600893 0.9102225877192983 0.06932051282051283 0.9120904605263158 0.06384894091415831 0.9105520833333334 0.06384894091415831 0.906157346491228
0 0.055696767001114825 0.8923053728070176 0.05994035674470457 0.8917648026315789 0.0635139353400223 0.894951206140351 0.06418394648829431 0.89890625 0.06306688963210702 0.9026419956140351 0.05826532887402453 0.9014331140350876 0.054691750278706805 0.8991260964912281 0.055138238573021185 0.8963793859649123
0 0.2497274247491639 0.8660816885964912 0.2448416945373467 0.8679616228070176 0.24685172798216276 0.8735652412280702 0.2529938684503902 0.8755427631578947 0.25422240802675583 0.8718070175438596 0.2531053511705686 0.8689506578947368
0 0.3098907469342252 0.8365635964912281 0.30492140468227424 0.8384972587719299 0.3039163879598662 0.8426721491228071 0.30994704570791526 0.846078399122807 0.31329710144927536 0.842452302631579 0.31273857302118174 0.839266447368421
0 0.3855490523968785 0.8257171052631579 0.3883405797101449 0.8266348684210526 0.3897926421404682 0.8294917763157894 0.3897926421404682 0.8335570175438596 0.38566053511705684 0.8347653508771931 0.3835390189520624 0.831249451754386 0.3828690078037904 0.8270745614035088
0 0.431474358974359 0.805672149122807 0.43853734671125977 0.8079336622807017 0.43909587513935344 0.8130975877192982 0.4356343366778149 0.8149654605263158 0.4300507246376811 0.8138667763157894 0.4280401337792642 0.809032346491228
0 0.42533221850613157 0.8106151315789473 0.4286265328874025 0.8135921052631578 0.4300785953177258 0.817657346491228 0.42382497212931997 0.8179868421052632 0.420809364548495 0.8117242324561403
0 0.41723578595317723 0.808967105263158 0.41991638795986624 0.8119440789473685 0.41991638795986624 0.8149106359649122 0.41321571906354515 0.8165586622807017 0.4131042363433668 0.8142516447368421 0.4129927536231884 0.8088678728070176 0.4147792642140468 0.8084281798245615
0 0.39587848383500557 0.8211864035087719 0.3981399108138239 0.8227637061403509 0.3983634336677815 0.8254007675438596 0.39590635451505013 0.8290263157894737 0.39199832775919735 0.8290263157894737 0.39143979933110373 0.823313048245614 0.3937848383500558 0.8211156798245614
0 0.47516610925306574 0.7698382675438596 0.47226254180602006 0.7703985745614036 0.4715925306577481 0.7742439692982456 0.4732675585284281 0.7784188596491228 0.4768411371237458 0.7785285087719298 0.4798561872909699 0.7760016447368421 0.4792982162764771 0.7730350877192983
0 0.47558472686733555 0.7809594298245615 0.47963322185061313 0.7818245614035088 0.4809732441471572 0.7852308114035087 0.47996822742474915 0.7885268640350876 0.47505462653288744 0.7907242324561403 0.47237458193979937 0.7876480263157896 0.47237458193979937 0.7833629385964912
0 0.46316109253065774 0.7834303728070175 0.468242474916388 0.7838026315789474 0.4680189520624303 0.7863294956140351 0.46567391304347827 0.7911633771929825 0.46165384615384614 0.7908338815789474 0.46098383500557416 0.7854506578947369
0 0.5053177257525083 0.7794490131578947 0.5089749163879599 0.7813848684210527 0.5088634336677814 0.7858892543859649 0.5041727982162765 0.7865487938596492 0.5001527313266444 0.7843514254385965 0.5024977703455964 0.7805060307017544
0 0.4923355629877369 0.7783508771929825 0.49579765886287624 0.7780888157894736 0.49858918617614273 0.7802861842105263 0.49903623188405793 0.7832527412280702 0.4974726867335563 0.7854501096491229 0.4907725752508361 0.7872077850877193 0.48920903010033445 0.7820438596491228
0 0.5399358974358974 0.7536376096491229 0.5447101449275362 0.7563936403508772 0.5450451505016722 0.7646337719298245 0.5385680044593089 0.7655126096491228 0.5341014492753623 0.7622165570175438 0.5330964325529542 0.7563936403508772 0.5357764771460424 0.7541962719298245
0 0.5138327759197324 0.7731332236842104 0.5094214046822743 0.7752911184210527 0.5088634336677814 0.7780378289473685 0.510314938684504 0.7810043859649123 0.5169035674470457 0.7805646929824561 0.5174620958751394 0.7771589912280702 0.516010033444816 0.7752911184210527
0 0.5707853957636566 0.7050350877192982 0.5738567447045708 0.7085586622807017 0.5744147157190636 0.7140520833333334 0.5722931995540691 0.716578947368421 0.566933110367893 0.7167987938596492 0.5651460423634337 0.7102066885964912 0.5654810479375697 0.7074599780701754 0.5680496098104794 0.705921600877193
0 0.5692502787068004 0.7194512061403509 0.5731867335562988 0.7207538377192982 0.5740797101449274 0.7222922149122807 0.5744147157190636 0.7283349780701754 0.5708416945373467 0.7303124999999999 0.567938127090301 0.7292138157894736 0.564252508361204 0.7241595394736842 0.5658160535117056 0.7192154605263158
0 0.582231884057971 0.6777138157894738 0.5785468227424749 0.6791546052631579 0.5774303232998885 0.6842083333333334 0.5802218506131549 0.6877242324561404 0.5846889632107023 0.6883832236842106 0.5884855072463768 0.6844281798245614 0.5871454849498328 0.6789347587719298
0 0.5928411371237459 0.6766151315789474 0.5907190635451505 0.6788251096491228 0.5907190635451505 0.6845378289473684 0.5950741360089187 0.6854172149122807 0.5984247491638797 0.6828898026315788 0.5979777034559642 0.679703947368421
0 0.6195027870680044 0.6464106359649123 0.6174370122630992 0.6512839912280701 0.6197820512820512 0.6552390350877193 0.6234671125975474 0.6555685307017545 0.6281571906354515 0.6522724780701754 0.6278221850613156 0.6486469298245614 0.6243606465997771 0.6468892543859649
0 0.6911125975473802 0.6392713815789474 0.6861711259754738 0.6399764254385965 0.6841610925306577 0.6440416666666666 0.6865061315496098 0.6479972587719298 0.6939882943143814 0.6494254385964912 0.6955518394648829 0.645030701754386 0.6949933110367893 0.6406359649122807
0 0.684551839464883 0.6288366228070176 0.68058751393534 0.6320663377192982 0.6841610925306577 0.6366803728070176 0.6892982162764772 0.6365707236842105 0.6908612040133779 0.6308574561403508 0.6880696767001114 0.6289895833333333
0 0.675757525083612 0.6168919956140351 0.672211817168339 0.6195411184210525 0.6717653288740245 0.624155701754386 0.6761204013377926 0.6289895833333333 0.680252508361204 0.6286600877192982 0.6846075808249721 0.6250345394736843 0.6838260869565218 0.6203103070175439 0.6790239687848384 0.6173437500000001
0 0.6552380156075809 0.6387850877192982 0.6547909698996656 0.6440778508771929 0.6580295429208474 0.6478135964912282 0.6624966555183947 0.6466047149122807 0.6645066889632107 0.6413311403508772 0.6607095875139354 0.6385844298245614 0.6575830546265329 0.6388042763157895
0 0.6650094760312152 0.6127735745614036 0.6613517279821627 0.612045504385965 0.6585602006688964 0.6134736842105264 0.65911872909699 0.6169895833333333 0.6633623188405796 0.6206151315789473 0.6667123745819399 0.6225926535087719 0.6696159420289854 0.6212741228070175 0.6703974358974358 0.6163300438596491
0 0.6993483835005575 0.6145581140350876 0.694602564102564 0.6178722587719299 0.6956075808249722 0.6225964912280701 0.6990691192865106 0.6241348684210526 0.7023076923076923 0.6223766447368421 0.7046527313266443 0.6183114035087719 0.7036477146042364 0.6138070175438597
0 0.6651488294314382 0.5971217105263158 0.6698389074693423 0.5977664473684211 0.6699509476031216 0.6038092105263158 0.6678288740245262 0.6083135964912281 0.6611287625418061 0.6088629385964912 0.6569966555183947 0.6040285087719298 0.658783723522854 0.5995241228070175
0 0.7183327759197324 0.596984649122807 0.7204264214046823 0.6008426535087719 0.7187513935340023 0.6054572368421053 0.711716276477146 0.6063360745614036 0.7104877369007804 0.5984254385964912 0.7148428093645486 0.5955690789473684
0 0.7057697881828316 0.5623859649122807 0.7011354515050168 0.5642872807017544 0.7011354515050168 0.5732966008771929 0.7054905239687849 0.5742856359649123 0.7102926421404683 0.5715389254385965 0.7126376811594203 0.566484649122807 0.7092870680044593 0.5626392543859648
0 0.6941833890746935 0.5853146929824562 0.6904147157190635 0.5894473684210526 0.6930947603121517 0.594171600877193 0.698231884057971 0.5931825657894736 0.700241917502787 0.5879089912280702 0.6981198439241917 0.5858218201754386
0 0.7020005574136008 0.5784495614035088 0.6997954292084727 0.583404605263158 0.7034804905239689 0.5864808114035087 0.7079470457079153 0.5843930921052631 0.7079470457079153 0.5798887061403509 0.7056020066889631 0.5781310307017544
0 0.6869247491638797 0.6130476973684211 0.6844960981047938 0.6161123903508772 0.6860596432552954 0.6191891447368422 0.6892982162764772 0.6202878289473684 0.6936532887402452 0.6195186403508771 0.6924247491638796 0.6141348684210527
0 0.6694760312151616 0.6339166666666666 0.6659581939799332 0.6344577850877193 0.6643952062430323 0.6364353070175438 0.6662931995540691 0.6409396929824562 0.6708717948717949 0.6408300438596491 0.6723238573021181 0.636764802631579
0 0.7218227424749164 0.5855888157894737 0.7183327759197324 0.587140350877193 0.7191142697881828 0.5932927631578947 0.7231348940914158 0.594281798245614 0.7273784838350055 0.5912055921052631 0.7265964325529543 0.5879095394736842
0 0.7343857302118172 0.5505789473684211 0.730030657748049 0.5518240131578948 0.7293606465997771 0.5551200657894737 0.7302536231884058 0.559515350877193 0.7362842809364548 0.5585263157894736 0.7391878483835006 0.5545707236842106 0.7370657748049053 0.552483552631579
0 0.7532302118171684 0.5434396929824562 0.7482051282051282 0.5463327850877193 0.7498801560758083 0.5507275219298245 0.7535652173913043 0.5536940789473684 0.7592608695652174 0.5506178728070176 0.7583673355629877 0.5464429824561403
0 0.7364793756967669 0.522296052631579 0.7339113712374582 0.5255981359649123 0.7370379041248607 0.531640899122807 0.7413929765886288 0.5333985745614035 0.7451900780379042 0.5313114035087719 0.7475351170568562 0.5261474780701755 0.7434030100334448 0.5228514254385965
0 0.7583952062430322 0.5067817982456141 0.7539286510590858 0.5093163377192983 0.7545986622073578 0.5136008771929824 0.757613712374582 0.5160180921052632 0.7633088071348941 0.5156885964912281 0.7654308807134894 0.5115137061403509 0.7624152731326644 0.5082176535087719
0 0.7899425863991081 0.4809703947368421 0.7859503901895205 0.4829813596491228 0.7847218506131549 0.4873760964912281 0.78773745819398 0.490452850877193 0.7923154960981048 0.48693695175438595 0.7924275362318841 0.4829813596491228 0.7907525083612039 0.4817730263157895
0 0.8061354515050168 0.4478826754385965 0.8035390189520624 0.4503706140350877 0.8058840579710146 0.4543256578947369 0.8094576365663322 0.45564418859649125 0.8116911928651059 0.4527872807017544 0.8116911928651059 0.4493815789473684
0 0.8213506131549609 0.4234440789473684 0.8166884057971014 0.4246381578947368 0.8157948717948719 0.428813048245614 0.8235005574136008 0.4335372807017544 0.8262920847268673 0.4295822368421053 0.8255105908584169 0.42584649122807017
0 0.8223277591973245 0.4401940789473684 0.819814938684504 0.44309594298245614 0.8220484949832777 0.4479298245614035 0.8259570791527313 0.4465016447368421 0.8260685618729098 0.44210690789473683
0 0.8353099219620959 0.38129440789473684 0.8306192865105909 0.3846798245614035 0.8317363433667782 0.38852521929824557 0.8372079152731327 0.3912719298245614 0.842345039018952 0.3891847587719299 0.8439085841694537 0.3839106359649123 0.8392179487179487 0.3816036184210526
0 0.8459186176142698 0.39941776315789473 0.8437965440356745 0.40302796052631584 0.8451365663322185 0.4059945175438596 0.850273690078038 0.4051156798245614 0.8508322185061316 0.4015997807017544 0.8487101449275363 0.39885307017543864
0 0.8307028985507247 0.40312445175438594 0.8278277591973244 0.4058843201754386 0.8307313266443702 0.4120372807017544 0.8374314381270903 0.4117077850877193 0.839664994425864 0.40654385964912276 0.8362028985507246 0.4033574561403509
0 0.8549916387959866 0.3623481359649123 0.8505808249721293 0.3638185307017544 0.8500222965440357 0.36832291666666667 0.8552709030100334 0.3703004385964912 0.8611895206243032 0.3676639254385965 0.8599615384615384 0.3644775219298246
0 0.8591794871794871 0.3449117324561404 0.8564994425863991 0.3476677631578947 0.8572809364548495 0.3507439692982456 0.8610780379041248 0.3523919956140351 0.8635351170568561 0.3483267543859649
0 0.9017547380156076 0.31415734649122806 0.8986560758082498 0.3163108552631579 0.9008890746934225 0.32092543859649125 0.9037926421404682 0.3197171052631579 0.9046861761426979 0.31708004385964916
0 0.902871237458194 0.28875822368421056 0.8986560758082498 0.2921748903508772 0.9002190635451505 0.2960202850877193 0.9037926421404682 0.29623958333333333 0.9064726867335563 0.2910762061403509
0 0.913201226309922 0.2677521929824561 0.9104091415830545 0.27108662280701756 0.9111911928651059 0.27614035087719296 0.9187848383500558 0.2776787280701754 0.9211298773690079 0.2730641447368421 0.9177798216276477 0.2676809210526316
0 0.9048255295429208 0.2461968201754386 0.9008054626532888 0.24887116228070175 0.9021454849498328 0.2542549342105263 0.9082876254180603 0.2560126096491228 0.9125312151616499 0.25370559210526317 0.9129777034559644 0.24975 0.9105211817168338 0.24777247807017544
0 0.9185055741360089 0.22162116228070178 0.9147084726867336 0.22435361842105264 0.9147084726867336 0.22644078947368423 0.9187290969899666 0.23116502192982455 0.9263227424749164 0.22896765350877193 0.9273277591973244 0.22171655701754386
0 0.9437714604236344 0.19773190789473685 0.9415936454849498 0.1999440789473684 0.9433807134894091 0.20499780701754386 0.9466192865105908 0.20455866228070177 0.9476243032329988 0.20082291666666666
0 0.946005016722408 0.1426765350877193 0.9431571906354514 0.14554166666666668 0.9442742474916388 0.1540016447368421 0.9487408026755852 0.15367214912280702 0.952984392419175 0.15015625 0.9527608695652173 0.14455317982456142
0 0.9455863991081382 0.12963377192982456 0.9408678929765886 0.13146052631578947 0.9404214046822742 0.1375032894736842 0.9434364548494983 0.1398108552631579 0.9487965440356745 0.13948081140350876 0.9501365663322185 0.13464692982456142 0.9492435897435897 0.1319002192982456
0 0.9351170568561873 0.1386951754385965 0.9391928651059086 0.14003015350877193 0.9401978818283165 0.14420559210526315 0.9377413600891862 0.1461831140350877 0.9304827201783724 0.14475493421052632 0.9301477146042363 0.14068969298245615
0 0.9402814938684504 0.11823793859649123 0.9363171683389074 0.12075548245614036 0.9372107023411371 0.12558991228070174 0.9413428093645485 0.12778728070175438 0.9443578595317726 0.1243810307017544 0.9443578595317726 0.12207401315789475
0 0.9419570791527314 0.1570926535087719 0.9374620958751394 0.16127960526315788 0.9373500557413601 0.16798190789473685 0.9431571906354514 0.16809155701754386 0.9499693422519508 0.16435635964912282 0.9495228539576366 0.15886293859649123
0 0.9425150501672241 0.08281633771929824 0.9389136008918618 0.0859873903508772 0.9389136008918618 0.09203015350877193 0.9442742474916388 0.09389802631578947 0.9490758082497214 0.08928344298245615 0.9472892976588628 0.08466885964912281
0 0.8683344481605351 0.34669517543859646 0.8644654403567448 0.3505718201754386 0.8676672240802675 0.35424725877192986 0.8710473801560759 0.35267214912280703 0.8726482720178372 0.3479468201754386
0 0.826134336677815 0.4128547149122807 0.8200083612040134 0.4125888157894737 0.8208835005574135 0.42148629385964914 0.8286142697881829 0.42320833333333335 0.8296348940914159 0.4170372807017544
0 0.7738060200668897 0.5018026315789473 0.7726387959866221 0.5053366228070175 0.7778901895206244 0.5076326754385965 0.7808071348940915 0.5044753289473685 0.7773065774804906 0.5006008771929824
0 0.7595841694537346 0.5337236842105263 0.7551716833890747 0.5384747807017544 0.759401895206243 0.5426365131578947 0.7665490523968785 0.5417752192982456 0.7666950947603122 0.5364654605263158 0.7634860646599777 0.5337390350877192
0 0.7335111482720179 0.5629544956140351 0.7310312151616499 0.5653048245614035 0.7327814938684504 0.5714758771929825 0.7386164994425863 0.5687494517543858 0.7403667781493869 0.5637264254385965 0.7373037904124861 0.5621480263157894
0 0.6782653288740246 0.5988207236842106 0.6730869565217391 0.5993771929824561 0.6735245261984393 0.6041129385964913 0.6768795986622073 0.6072702850877193 0.6825680044593089 0.6039692982456141 0.6821304347826087 0.6010992324561404
0 0.03737736900780379 0.9156973684210526 0.03373076923076923 0.9197395833333334 0.03839855072463768 0.9240449561403509 0.04102396878483835 0.9203135964912281 0.039857302118171685 0.9154342105263158
0 0.6257541806020067 0.6574616228070176 0.6238584169453735 0.660920504385965 0.6250250836120401 0.6653689692982456 0.6298383500557414 0.6639336622807018 0.6308595317725753 0.660202850877193
0 0.6193729096989966 0.657999451754386 0.6158723522853957 0.6604945175438597 0.6145596432552954 0.6646562500000001 0.61820624303233 0.6655169956140351 0.6208316610925306 0.6637949561403509 0.6212692307692308 0.6593464912280701
0 0.6038751393534003 0.6599720394736842 0.5989520624303233 0.6635082236842106 0.6014314381270903 0.6679566885964913 0.609891861761427 0.6670959429824561 0.6107670011148272 0.6619292763157895
0 0.5984052396878484 0.670014802631579 0.59461259754738 0.6693196271929824 0.5919871794871795 0.673625 0.5979676700111483 0.676781798245614 0.6027809364548494 0.675203399122807 0.6020518394648829 0.6723333333333333
0 0.7938623188405798 0.49176041666666664 0.789814381270903 0.4927894736842105 0.7887931995540691 0.497811951754386 0.7915646599777034 0.5012565789473684 0.7972536231884058 0.500251644736842 0.7981287625418061 0.495515899122807
0 0.9349849498327759 0.21846052631578947 0.9309007803790412 0.21941940789473685 0.9307547380156075 0.22386787280701753 0.9342558528428094 0.22788651315789474 0.9399442586399108 0.22458552631578949 0.9390691192865106 0.221859100877193
0 0.9410016722408027 0.09651589912280702 0.936917502787068 0.10008662280701754 0.9373550724637681 0.10668804824561402 0.9408561872909699 0.10769243421052632 0.9453779264214047 0.10654440789473683 0.946690635451505 0.10281359649122808 0.9452318840579711 0.09865186403508772
0 0.9512123745819397 0.05132456140350877 0.9478573021181717 0.05546875 0.9488784838350056 0.05833936403508772 0.9526711259754739 0.05862609649122807 0.9561716833890748 0.05561239035087719 0.9552965440356744 0.05259868421052631
0 0.9570468227424749 0.03249451754385965 0.9544214046822742 0.035091008771929826 0.9544214046822742 0.03853508771929824 0.9571928651059085 0.04040076754385965 0.9609849498327759 0.03796107456140351 0.9601098104793756 0.03494736842105263
0 0.9028952062430324 0.03895065789473685 0.8951644370122631 0.03878673245614035 0.8942892976588629 0.04151370614035088 0.8964771460423634 0.05055482456140351 0.8999777034559643 0.05112883771929824 0.9046454849498328 0.04940679824561403 0.9058121516164994 0.04395339912280702
0 0.9145641025641026 0.04648245614035088 0.9071248606465998 0.04883223684210526 0.9082920847268674 0.05385526315789474 0.9132513935340023 0.05600767543859649 0.9187943143812709 0.050985197368421054
0 0.8751811594202898 0.18402905701754385 0.8779526198439243 0.17970175438596492 0.8748890746934225 0.1733876096491228 0.8680334448160535 0.17223958333333333 0.864824414715719 0.1771184210526316 0.8678879598662207 0.1827154605263158