0 0.6390154968094804 0.6095940959409594 0.6408386508659982 0.629520295202952 0.658158614402917 0.633210332103321 0.6709206927985415 0.6273062730627307 0.6763901549680948 0.6206642066420665 0.6791248860528715 0.5985239852398524 0.6572470373746582 0.5940959409594095
0 0.6782133090246126 0.5756457564575646 0.6782133090246126 0.5874538745387454 0.6891522333637192 0.5970479704797048 0.7037374658158614 0.5977859778597786 0.715587967183227 0.5881918819188192 0.7146763901549681 0.5719557195571956 0.7055606198723792 0.5616236162361624 0.6900638103919782 0.5623616236162362
0 0.6417502278942571 0.5682656826568265 0.6426618049225159 0.5845018450184502 0.6481312670920693 0.5881918819188192 0.659070191431176 0.5881918819188192 0.6654512306289881 0.5749077490774908 0.6645396536007293 0.5638376383763838 0.658158614402917 0.5601476014760147 0.650865998176846 0.5601476014760147
0 0.601640838650866 0.5874538745387454 0.6025524156791249 0.6 0.6134913400182316 0.6103321033210332 0.6244302643573382 0.6110701107011071 0.6335460346399271 0.6066420664206642 0.6353691886964449 0.5911439114391144 0.626253418413856 0.5800738007380074 0.6125797629899726 0.5800738007380074
0 0.5989061075660893 0.6228782287822878 0.5989061075660893 0.6398523985239852 0.6052871467639015 0.6450184501845019 0.6198723792160438 0.6464944649446495 0.6335460346399271 0.6361623616236163 0.6353691886964449 0.629520295202952 0.6280765724703737 0.6177121771217712 0.6116681859617138 0.6154981549815498
0 0.6326344576116681 0.6435424354243543 0.6253418413855971 0.6560885608856089 0.6289881494986327 0.6612546125461255 0.6371923427529627 0.6612546125461255 0.649954421148587 0.6523985239852399 0.6545123062898814 0.6442804428044281 0.6472196900638104 0.6369003690036901 0.6371923427529627 0.6391143911439114
0 0.6472196900638104 0.6612546125461255 0.6453965360072926 0.6693726937269373 0.6554238833181404 0.6804428044280443 0.6645396536007293 0.6819188191881919 0.6745670009115771 0.6774907749077491 0.6791248860528715 0.6642066420664207 0.6763901549680948 0.6560885608856089 0.6718322698268003 0.6531365313653137 0.658158614402917 0.6523985239852399
0 0.6763901549680948 0.6309963099630996 0.6745670009115771 0.6369003690036901 0.6800364630811303 0.6487084870848708 0.6973564266180492 0.6516605166051661 0.7046490428441203 0.6472324723247233 0.7082953509571559 0.6324723247232472 0.699179580674567 0.618450184501845 0.6845943482224248 0.618450184501845
0 0.5651777575205105 0.6199261992619927 0.5633546034639927 0.6324723247232472 0.5697356426618049 0.6413284132841328 0.5815861440291704 0.6428044280442804 0.5916134913400183 0.6369003690036901 0.593436645396536 0.6228782287822878 0.5861440291704649 0.6132841328413284 0.5742935278030994 0.6118081180811809
0 0.6162260711030082 0.6715867158671587 0.6125797629899726 0.6797047970479705 0.6189608021877848 0.6892988929889299 0.626253418413856 0.6900369003690037 0.6371923427529627 0.6856088560885609 0.6408386508659982 0.6752767527675276 0.6353691886964449 0.6693726937269373 0.6244302643573382 0.6686346863468635
0 0.5861440291704649 0.6627306273062731 0.585232452142206 0.6715867158671587 0.5907019143117593 0.6760147601476014 0.6061987237921604 0.6723247232472325 0.6125797629899726 0.6649446494464945 0.6107566089334548 0.6575645756457564 0.6061987237921604 0.6553505535055351
0 0.5989061075660893 0.6974169741697417 0.5998176845943483 0.7070110701107011 0.6052871467639015 0.7114391143911439 0.6125797629899726 0.7136531365313653 0.6226071103008204 0.7092250922509226 0.6244302643573382 0.7018450184501845 0.618049225159526 0.6937269372693727 0.6052871467639015 0.692250922509225
0 0.6171376481312671 0.7284132841328413 0.6171376481312671 0.7476014760147601 0.6280765724703737 0.7483394833948339 0.6344576116681859 0.7416974169741697 0.6326344576116681 0.7306273062730627 0.6280765724703737 0.7276752767527676
0 0.5186873290793071 0.6413284132841328 0.5186873290793071 0.6553505535055351 0.5259799453053783 0.6642066420664207 0.5350957155879672 0.6656826568265682 0.5460346399270738 0.6605166051660517 0.5515041020966271 0.6457564575645757 0.5423883318140383 0.6354243542435425 0.5296262534184139 0.6317343173431734
0 0.5305378304466728 0.6169741697416974 0.5305378304466728 0.6280442804428045 0.5478577939835916 0.633210332103321 0.5542388331814039 0.6317343173431734 0.5597082953509571 0.6250922509225092 0.5615314494074749 0.6125461254612546 0.5578851412944393 0.6051660516605166 0.5432999088422972 0.6014760147601476 0.536007292616226 0.6059040590405904
0 0.577028258887876 0.5948339483394834 0.5742935278030994 0.6051660516605166 0.577939835916135 0.6081180811808118 0.5879671832269827 0.6095940959409594 0.5961713764813127 0.603690036900369 0.5961713764813127 0.592619926199262 0.5879671832269827 0.5830258302583026
0 0.6071103008204193 0.5512915129151291 0.6061987237921604 0.5608856088560885 0.6116681859617138 0.5653136531365314 0.6289881494986327 0.5645756457564576 0.6371923427529627 0.5601476014760147 0.6399270738377393 0.5549815498154982 0.6390154968094804 0.5468634686346864 0.6289881494986327 0.5402214022140222 0.6153144940747494 0.5424354243542435
0 0.5925250683682771 0.5734317343173432 0.5925250683682771 0.5808118081180812 0.5970829535095715 0.5845018450184502 0.6025524156791249 0.5822878228782288 0.6080218778486782 0.574169741697417 0.601640838650866 0.5682656826568265
0 0.568824065633546 0.5682656826568265 0.568824065633546 0.574169741697417 0.5724703737465816 0.5756457564575646 0.5861440291704649 0.5749077490774908 0.5943482224247949 0.5638376383763838 0.5970829535095715 0.5498154981549815 0.5916134913400183 0.548339483394834 0.585232452142206 0.5512915129151291
0 0.5341841385597083 0.5638376383763838 0.5323609845031905 0.5756457564575646 0.545123062898815 0.5859778597785977 0.5633546034639927 0.5726937269372694 0.5606198723792161 0.5564575645756458 0.5432999088422972 0.5564575645756458
0 0.7137648131267093 0.5498154981549815 0.7128532360984503 0.5616236162361624 0.7174111212397447 0.5675276752767527 0.7374658158614403 0.5660516605166052 0.7456700091157703 0.5571955719557196 0.7456700091157703 0.5380073800738008 0.740200546946217 0.5350553505535055 0.7301731996353692 0.5350553505535055 0.7174111212397447 0.5424354243542435
0 0.7411121239744758 0.5697416974169742 0.740200546946217 0.5852398523985239 0.7447584320875114 0.5896678966789668 0.7602552415679125 0.5881918819188192 0.772105742935278 0.5763837638376383 0.7684594348222424 0.5623616236162362 0.7502278942570647 0.5601476014760147
0 0.6882406563354604 0.5210332103321034 0.6882406563354604 0.5321033210332103 0.6955332725615314 0.5416974169741697 0.7110300820419325 0.5409594095940959 0.7228805834092981 0.5321033210332103 0.7219690063810392 0.5195571955719557 0.7110300820419325 0.5114391143911439 0.6982680036463081 0.5129151291512916
0 0.6435733819507748 0.5365313653136531 0.6426618049225159 0.5424354243542435 0.6463081130355515 0.5446494464944649 0.6645396536007293 0.5439114391143911 0.6718322698268003 0.5394833948339484 0.6754785779398359 0.5313653136531366 0.6727438468550593 0.5269372693726937 0.6636280765724704 0.5232472324723247 0.650865998176846 0.5291512915129152
0 0.6271649954421149 0.5188191881918819 0.6253418413855971 0.5232472324723247 0.6289881494986327 0.5269372693726937 0.6444849589790337 0.5276752767527675 0.6572470373746582 0.5143911439114391 0.6490428441203282 0.5077490774907749 0.6381039197812215 0.5107011070110701
0 0.593436645396536 0.5070110701107011 0.5907019143117593 0.5136531365313654 0.5925250683682771 0.522509225092251 0.5970829535095715 0.5254612546125461 0.6061987237921604 0.5247232472324723 0.6125797629899726 0.5062730627306273 0.6116681859617138 0.4996309963099631 0.6052871467639015 0.4988929889298893
0 0.5587967183226983 0.48044280442804427 0.5569735642661805 0.4981549815498155 0.5606198723792161 0.5077490774907749 0.5670009115770283 0.5107011070110701 0.5834092980856882 0.5092250922509225 0.5943482224247949 0.49372693726937267 0.5907019143117593 0.4701107011070111 0.5824977210574294 0.46715867158671587 0.5733819507748404 0.46863468634686345
0 0.6216955332725616 0.4900369003690037 0.6207839562443026 0.5025830258302583 0.6298997265268915 0.5055350553505535 0.6435733819507748 0.4974169741697417 0.6472196900638104 0.4841328413284133 0.6371923427529627 0.47675276752767526 0.6298997265268915 0.47601476014760147 0.626253418413856 0.4774907749077491
0 0.6007292616226071 0.4701107011070111 0.601640838650866 0.4885608856088561 0.609845031905196 0.4907749077490775 0.618049225159526 0.4819188191881919 0.6198723792160438 0.4738007380073801 0.6125797629899726 0.4656826568265683 0.6071103008204193 0.4656826568265683
0 0.6362807657247037 0.45092250922509225 0.6381039197812215 0.4664206642066421 0.6426618049225159 0.4708487084870849 0.6563354603463992 0.4708487084870849 0.6681859617137648 0.45977859778597785 0.6681859617137648 0.45018450184501846 0.6636280765724704 0.44649446494464945 0.6526891522333638 0.44575645756457566
0 0.6545123062898814 0.4752767527675277 0.6536007292616226 0.48118081180811806 0.658158614402917 0.4863468634686347 0.6718322698268003 0.4841328413284133 0.6718322698268003 0.47675276752767526 0.6681859617137648 0.47306273062730625
0 0.6636280765724704 0.4966789667896679 0.6636280765724704 0.5084870848708487 0.6718322698268003 0.5143911439114391 0.6845943482224248 0.5129151291512916 0.6982680036463081 0.5033210332103321 0.6973564266180492 0.4966789667896679 0.6855059252506837 0.4885608856088561 0.6700091157702825 0.4900369003690037
0 0.6736554238833181 0.5446494464944649 0.6681859617137648 0.5490774907749078 0.6718322698268003 0.5579335793357934 0.6891522333637192 0.555719557195572 0.6927985414767548 0.5505535055350553 0.6900638103919782 0.5439114391143911 0.6818596171376481 0.5416974169741697
0 0.4840474020054695 0.6627306273062731 0.4831358249772106 0.6715867158671587 0.4968094804010939 0.6826568265682657 0.5050136736554239 0.6833948339483394 0.5132178669097539 0.6789667896678967 0.5159525979945305 0.6693726937269373 0.5086599817684594 0.6560885608856089 0.5004557885141294 0.6538745387453875
0 0.5733819507748404 0.6841328413284132 0.5742935278030994 0.6981549815498155 0.5843208751139471 0.6996309963099631 0.5907019143117593 0.692250922509225 0.5916134913400183 0.6848708487084871 0.5888787602552416 0.6811808118081181 0.5815861440291704 0.6797047970479705
0 0.5587967183226983 0.5188191881918819 0.5569735642661805 0.5291512915129152 0.5606198723792161 0.5328413284132841 0.5742935278030994 0.5313653136531366 0.5815861440291704 0.5232472324723247 0.5815861440291704 0.5180811808118081 0.5761166818596172 0.5143911439114391
0 0.6763901549680948 0.45387453874538747 0.6736554238833181 0.46420664206642065 0.682771194165907 0.4774907749077491 0.6882406563354604 0.4797047970479705 0.7046490428441203 0.4782287822878229 0.7146763901549681 0.46346863468634686 0.7110300820419325 0.45239852398523983 0.699179580674567 0.44649446494464945 0.6891522333637192 0.44649446494464945 0.6818596171376481 0.44797047970479703
0 0.7082953509571559 0.4974169741697417 0.7092069279854147 0.5062730627306273 0.7183226982680037 0.5099630996309963 0.7274384685505926 0.5107011070110701 0.7329079307201458 0.5025830258302583 0.7256153144940748 0.49372693726937267 0.7119416590701915 0.49372693726937267
0 0.6882406563354604 0.6007380073800738 0.6873290793072014 0.6125461254612546 0.7028258887876025 0.6140221402214022 0.7028258887876025 0.6029520295202953
0 0.715587967183227 0.6391143911439114 0.7164995442114859 0.6501845018450184 0.7256153144940748 0.6509225092250922 0.731084776663628 0.6464944649446495 0.731996353691887 0.640590405904059 0.7274384685505926 0.6369003690036901 0.7201458523245214 0.6361623616236163
0 0.690975387420237 0.6693726937269373 0.6900638103919782 0.6789667896678967 0.6964448495897904 0.6826568265682657 0.7037374658158614 0.6715867158671587 0.6964448495897904 0.6671586715867158
0 0.7256153144940748 0.44944649446494467 0.723792160437557 0.46346863468634686 0.731996353691887 0.47306273062730625 0.7438468550592525 0.47601476014760147 0.7584320875113947 0.4701107011070111 0.763901549680948 0.45608856088560884 0.7538742023701003 0.44206642066420665 0.740200546946217 0.44132841328413286
0 0.7857793983591613 0.4656826568265683 0.7857793983591613 0.47306273062730625 0.7921604375569735 0.4797047970479705 0.8176845943482224 0.4797047970479705 0.8268003646308113 0.4752767527675277 0.8322698268003647 0.46715867158671587 0.8313582497721057 0.4531365313653137 0.8185961713764813 0.44723247232472324 0.7939835916134913 0.45092250922509225 0.7894257064721969 0.45461254612546126
0 0.7602552415679125 0.5003690036900369 0.7602552415679125 0.5070110701107011 0.7684594348222424 0.5143911439114391 0.7793983591613491 0.5136531365313654 0.7885141294439381 0.5062730627306273 0.7876025524156791 0.4974169741697417 0.7821330902461258 0.4922509225092251 0.772105742935278 0.4915129151291513
0 0.7493163172288059 0.4841328413284133 0.7484047402005469 0.4915129151291513 0.7575205104831358 0.4915129151291513 0.7711941659070192 0.48487084870848707 0.7757520510483136 0.47601476014760147 0.763901549680948 0.47232472324723246
0 0.7939835916134913 0.4907749077490775 0.7948951686417502 0.5011070110701107 0.8103919781221514 0.5047970479704798 0.8313582497721057 0.4929889298892989 0.8322698268003647 0.48560885608856086 0.8277119416590701 0.4819188191881919 0.8140382862351869 0.4826568265682657
0 0.7520510483135825 0.5409594095940959 0.7529626253418414 0.5564575645756458 0.7693710118505014 0.5601476014760147 0.7739288969917958 0.5439114391143911 0.7611668185961714 0.537269372693727
0 0.7493163172288059 0.5143911439114391 0.7493163172288059 0.5247232472324723 0.7584320875113947 0.5269372693726937 0.763901549680948 0.5195571955719557 0.7629899726526892 0.5151291512915129 0.7575205104831358 0.5107011070110701
0 0.764813126709207 0.5254612546125461 0.7657247037374658 0.5321033210332103 0.7775752051048314 0.5380073800738008 0.7848678213309025 0.537269372693727 0.7912488605287147 0.5284132841328413 0.7894257064721969 0.5202952029520295 0.7839562443026435 0.5180811808118081 0.7711941659070192 0.5188191881918819
0 0.7329079307201458 0.5077490774907749 0.731996353691887 0.5166051660516605 0.7429352780309936 0.5180811808118081 0.7511394712853237 0.5107011070110701 0.7520510483135825 0.5040590405904058 0.7474931631722881 0.5003690036900369 0.7411121239744758 0.5011070110701107
0 0.7082953509571559 0.48044280442804427 0.7101185050136737 0.4915129151291513 0.7283500455788514 0.4915129151291513 0.7329079307201458 0.4878228782287823 0.7338195077484048 0.4797047970479705 0.7301731996353692 0.4774907749077491
0 0.7757520510483136 0.5564575645756458 0.7775752051048314 0.5660516605166052 0.7894257064721969 0.5712177121771218 0.8040109389243391 0.5675276752767527 0.8094804010938924 0.5579335793357934 0.8040109389243391 0.5461254612546126 0.7958067456700091 0.5431734317343173 0.780309936189608 0.5476014760147602
0 0.7629899726526892 0.5918819188191882 0.764813126709207 0.6051660516605166 0.773017319963537 0.6059040590405904 0.7812215132178669 0.6022140221402214 0.7830446672743847 0.5918819188191882 0.7793983591613491 0.5881918819188192 0.7684594348222424 0.5874538745387454
0 0.7447584320875114 0.607380073800738 0.7438468550592525 0.614760147601476 0.7474931631722881 0.6199261992619927 0.7538742023701003 0.6199261992619927 0.7602552415679125 0.6154981549815498 0.7584320875113947 0.6051660516605166 0.7511394712853237 0.6044280442804428
0 0.8122151321786691 0.570479704797048 0.813126709206928 0.5808118081180812 0.8258887876025525 0.5793357933579336 0.8277119416590701 0.5726937269372694 0.8240656335460347 0.5690036900369003
0 0.7894257064721969 0.5822878228782288 0.7921604375569735 0.5904059040590406 0.8003646308113036 0.5904059040590406 0.8058340929808568 0.5852398523985239 0.8030993618960802 0.5771217712177121 0.7921604375569735 0.5771217712177121
0 0.8158614402917046 0.5365313653136531 0.813126709206928 0.5416974169741697 0.8149498632634458 0.5498154981549815 0.8240656335460347 0.5542435424354244 0.8322698268003647 0.5527675276752767 0.8368277119416591 0.5461254612546126 0.8350045578851413 0.5365313653136531 0.8286235186873291 0.5321033210332103 0.8222424794895169 0.5321033210332103
0 0.8094804010938924 0.5143911439114391 0.8085688240656336 0.5232472324723247 0.8240656335460347 0.5247232472324723 0.8368277119416591 0.5158671586715867 0.8350045578851413 0.5055350553505535 0.8313582497721057 0.5033210332103321
0 0.593436645396536 0.4103321033210332 0.593436645396536 0.42140221402214023 0.6043755697356427 0.42952029520295204 0.6162260711030082 0.42952029520295204 0.626253418413856 0.42140221402214023 0.6271649954421149 0.4103321033210332 0.6134913400182316 0.4 0.6007292616226071 0.4029520295202952
0 0.5952597994530537 0.43911439114391143 0.5970829535095715 0.45239852398523983 0.6089334548769371 0.4531365313653137 0.6134913400182316 0.44132841328413286 0.6061987237921604 0.43763837638376385
0 0.6171376481312671 0.45830258302583027 0.6162260711030082 0.46346863468634686 0.6216955332725616 0.4708487084870849 0.6298997265268915 0.4701107011070111 0.6298997265268915 0.45830258302583027 0.6253418413855971 0.45535055350553505
0 0.5697356426618049 0.45166051660516604 0.5660893345487694 0.4575645756457565 0.5670009115770283 0.4664206642066421 0.5888787602552416 0.4619926199261993 0.5916134913400183 0.45608856088560884 0.5843208751139471 0.44354243542435423 0.577939835916135 0.44354243542435423
0 0.5478577939835916 0.4354243542435424 0.5478577939835916 0.44575645756457566 0.5560619872379216 0.45018450184501846 0.5642661804922516 0.44944649446494467 0.5742935278030994 0.44059040590405907 0.5715587967183227 0.43025830258302583 0.5651777575205105 0.4265682656826568 0.5569735642661805 0.4273062730627306
0 0.5268915223336372 0.45977859778597785 0.5259799453053783 0.47232472324723246 0.5323609845031905 0.4826568265682657 0.544211485870556 0.4826568265682657 0.5542388331814039 0.4774907749077491 0.5606198723792161 0.4664206642066421 0.5542388331814039 0.45461254612546126 0.5378304466727438 0.45387453874538747
0 0.5314494074749316 0.4929889298892989 0.528714676390155 0.4952029520295203 0.5296262534184139 0.5025830258302583 0.5396536007292616 0.5055350553505535 0.544211485870556 0.5018450184501845 0.544211485870556 0.49372693726937267 0.5405651777575206 0.4915129151291513
0 0.5086599817684594 0.5343173431734317 0.5077484047402006 0.5431734317343173 0.512306289881495 0.5490774907749078 0.5214220601640839 0.5535055350553506 0.536918869644485 0.5542435424354244 0.5478577939835916 0.5453874538745388 0.5505925250683683 0.5313653136531366 0.5432999088422972 0.5232472324723247 0.5241567912488605 0.5210332103321034 0.5150410209662717 0.5254612546125461
0 0.49134001823154055 0.5690036900369003 0.49407474931631723 0.5852398523985239 0.5013673655423884 0.5896678966789668 0.512306289881495 0.5896678966789668 0.5195989061075661 0.5793357933579336 0.5195989061075661 0.56309963099631 0.5113947128532361 0.5579335793357934 0.5050136736554239 0.5579335793357934
0 0.45487693710118504 0.5911439114391144 0.45305378304466726 0.6014760147601476 0.4594348222424795 0.6169741697416974 0.4676390154968095 0.6206642066420665 0.4804010938924339 0.6177121771217712 0.48678213309024615 0.6029520295202953 0.4840474020054695 0.5881918819188192 0.463081130355515 0.5852398523985239
0 0.4193254329990884 0.6361623616236163 0.4211485870556062 0.6494464944649446 0.4366453965360073 0.6553505535055351 0.4457611668185962 0.6523985239852399 0.44940747493163175 0.6376383763837639 0.4421148587055606 0.6250922509225092 0.43482224247948953 0.6243542435424354
0 0.4402917046490428 0.6649446494464945 0.43846855059252504 0.6804428044280443 0.4412032816773017 0.6848708487084871 0.44940747493163175 0.6915129151291513 0.4594348222424795 0.6907749077490775 0.4639927073837739 0.6856088560885609 0.4649042844120328 0.6767527675276753 0.4585232452142206 0.6656826568265682 0.4457611668185962 0.6619926199261993
0 0.4594348222424795 0.6457564575645757 0.4585232452142206 0.6546125461254613 0.4621695533272562 0.6583025830258302 0.4740200546946217 0.6538745387453875 0.4749316317228806 0.6428044280442804 0.4667274384685506 0.6420664206642066
0 0.5350957155879672 0.6870848708487085 0.536007292616226 0.6966789667896679 0.5487693710118505 0.6966789667896679 0.5551504102096627 0.6907749077490775 0.5569735642661805 0.6804428044280443 0.5515041020966271 0.6774907749077491 0.5432999088422972 0.6782287822878229
0 0.6289881494986327 0.7092250922509226 0.6298997265268915 0.7217712177121771 0.6399270738377393 0.7254612546125462 0.6481312670920693 0.7166051660516605 0.6472196900638104 0.7077490774907749 0.6444849589790337 0.7047970479704797 0.6344576116681859 0.7047970479704797
0 0.6554238833181404 0.72619926199262 0.6545123062898814 0.7387453874538745 0.6572470373746582 0.7416974169741697 0.6636280765724704 0.7416974169741697 0.6718322698268003 0.7343173431734318 0.6718322698268003 0.7269372693726938 0.6645396536007293 0.7225092250922509
0 0.47584320875113945 0.7372693726937269 0.4749316317228806 0.7498154981549815 0.4804010938924339 0.7564575645756457 0.4986326344576117 0.7535055350553506 0.5013673655423884 0.7431734317343174 0.4986326344576117 0.7313653136531365 0.4840474020054695 0.7254612546125462
0 0.4193254329990884 0.7077490774907749 0.4211485870556062 0.7202952029520295 0.43026435733819507 0.7225092250922509 0.44849589790337285 0.7166051660516605 0.45487693710118504 0.7099630996309964 0.45487693710118504 0.7040590405904059 0.44849589790337285 0.6959409594095941 0.43482224247948953 0.6937269372693727 0.4238833181403829 0.7003690036900369
0 0.39380127620783956 0.6804428044280443 0.39288969917958066 0.6885608856088561 0.39653600729261623 0.6929889298892989 0.4074749316317229 0.6959409594095941 0.4202370100273473 0.6944649446494465 0.4275296262534184 0.6856088560885609 0.4293527803099362 0.6723247232472325 0.42570647219690066 0.6671586715867158 0.41294439380127623 0.6634686346863469 0.398359161349134 0.6723247232472325
0 0.5068368277119416 0.7557195571955719 0.5113947128532361 0.7734317343173431 0.5186873290793071 0.7771217712177122 0.5296262534184139 0.7675276752767528 0.5296262534184139 0.752029520295203 0.5205104831358249 0.7498154981549815
0 0.5624430264357339 0.7431734317343174 0.5597082953509571 0.7476014760147601 0.5615314494074749 0.7557195571955719 0.5742935278030994 0.7623616236162362 0.5797629899726527 0.7579335793357933 0.5834092980856882 0.7476014760147601 0.5715587967183227 0.7402214022140221
0 0.5597082953509571 0.7055350553505535 0.5578851412944393 0.7136531365313653 0.5615314494074749 0.7173431734317344 0.5733819507748404 0.7195571955719557 0.5788514129443938 0.7166051660516605 0.5815861440291704 0.7099630996309964 0.577939835916135 0.7047970479704797 0.5642661804922516 0.7033210332103321
0 0.6390154968094804 0.7439114391143912 0.6390154968094804 0.7571955719557195 0.6435733819507748 0.7616236162361624 0.6481312670920693 0.7616236162361624 0.6536007292616226 0.7579335793357933 0.6545123062898814 0.7476014760147601 0.6481312670920693 0.7416974169741697
0 0.6444849589790337 0.6848708487084871 0.6399270738377393 0.6885608856088561 0.6408386508659982 0.6952029520295203 0.6472196900638104 0.6996309963099631 0.6526891522333638 0.6974169741697417 0.6563354603463992 0.6892988929889299 0.6517775752051048 0.6848708487084871
0 0.6754785779398359 0.6856088560885609 0.6754785779398359 0.6937269372693727 0.6809480401093893 0.6974169741697417 0.6864175022789426 0.6966789667896679 0.6882406563354604 0.6863468634686347 0.682771194165907 0.6833948339483394
0 0.5861440291704649 0.7180811808118082 0.5888787602552416 0.7291512915129151 0.5989061075660893 0.7313653136531365 0.6061987237921604 0.7276752767527676 0.6071103008204193 0.7210332103321033 0.6025524156791249 0.7136531365313653 0.5916134913400183 0.7136531365313653
0 0.6271649954421149 0.7645756457564575 0.6271649954421149 0.7785977859778598 0.6326344576116681 0.7815498154981549 0.6399270738377393 0.7763837638376384 0.6417502278942571 0.7675276752767528 0.6344576116681859 0.76309963099631
0 0.5095715587967183 0.5977859778597786 0.5077484047402006 0.6095940959409594 0.5113947128532361 0.6140221402214022 0.5205104831358249 0.6140221402214022 0.5305378304466728 0.6051660516605166 0.5314494074749316 0.6014760147601476 0.5259799453053783 0.5970479704797048 0.5159525979945305 0.5955719557195572
0 0.5305378304466728 0.9837638376383764 0.528714676390155 0.9918819188191882 0.5341841385597083 0.996309963099631 0.5460346399270738 0.996309963099631 0.5515041020966271 0.9918819188191882 0.5524156791248861 0.9874538745387453 0.5469462169553327 0.9822878228782288 0.536918869644485 0.9808118081180812
0 0.495897903372835 0.9867158671586715 0.495897903372835 0.9992619926199262 0.5177757520510483 0.9992619926199262 0.5223336371923427 0.9911439114391144 0.512306289881495 0.9808118081180812 0.5050136736554239 0.9808118081180812
0 0.43482224247948953 0.9911439114391144 0.43391066545123064 0.9992619926199262 0.4658158614402917 0.9992619926199262 0.463081130355515 0.9874538745387453 0.4594348222424795 0.985239852398524 0.4457611668185962 0.9845018450184502
0 0.4357338195077484 0.955719557195572 0.4357338195077484 0.966789667896679 0.4421148587055606 0.974169741697417 0.4567000911577028 0.9771217712177122 0.4658158614402917 0.9697416974169741 0.46855059252506837 0.9630996309963099 0.4603463992707384 0.9505535055350554 0.4448495897903373 0.9505535055350554
0 0.47128532360984504 0.9874538745387453 0.47128532360984504 0.9992619926199262 0.48678213309024615 0.9992619926199262 0.4804010938924339 0.985239852398524
0 0.3892433910665451 0.9896678966789668 0.3910665451230629 0.9992619926199262 0.42570647219690066 0.9992619926199262 0.4238833181403829 0.9845018450184502 0.41203281677301734 0.9771217712177122 0.3974475843208751 0.9808118081180812
0 0.35642661804922515 0.9630996309963099 0.35551504102096626 0.9712177121771217 0.3628076572470374 0.9845018450184502 0.38012762078395623 0.985239852398524 0.390154968094804 0.9771217712177122 0.38833181403828626 0.9608856088560885 0.37921604375569734 0.9542435424354243 0.3701002734731085 0.9549815498154982
0 0.3974475843208751 0.9564575645756458 0.3974475843208751 0.9653136531365314 0.4038286235186873 0.9712177121771217 0.41203281677301734 0.9726937269372694 0.4193254329990884 0.9682656826568266 0.4211485870556062 0.9549815498154982 0.41567912488605285 0.9498154981549816 0.4047402005469462 0.9498154981549816
0 0.39380127620783956 0.9180811808118081 0.390154968094804 0.9217712177121771 0.3919781221513218 0.9350553505535055 0.4029170464904284 0.9431734317343173 0.41294439380127623 0.9424354243542435 0.4211485870556062 0.9291512915129151 0.41841385597082953 0.915129151291513 0.40929808568824066 0.9121771217712177
0 0.43391066545123064 0.922509225092251 0.43299908842297175 0.9298892988929889 0.43938012762078393 0.9402214022140222 0.44758432087511396 0.9431734317343173 0.4567000911577028 0.940959409594096 0.4612579762989973 0.9321033210332104 0.4612579762989973 0.9195571955719557 0.4512306289881495 0.915129151291513
0 0.4731084776663628 0.922509225092251 0.47766636280765723 0.940959409594096 0.48678213309024615 0.9416974169741698 0.49225159525979945 0.9350553505535055 0.49316317228805834 0.9210332103321033 0.4804010938924339 0.915129151291513
0 0.4995442114858706 0.9284132841328413 0.4995442114858706 0.9416974169741698 0.5031905195989061 0.9468634686346864 0.5086599817684594 0.9476014760147602 0.5150410209662717 0.9424354243542435 0.5150410209662717 0.9284132841328413 0.5095715587967183 0.9254612546125461
0 0.5278030993618961 0.959409594095941 0.5296262534184139 0.9704797047970479 0.5341841385597083 0.9712177121771217 0.5432999088422972 0.966789667896679 0.545123062898815 0.959409594095941 0.5414767547857794 0.955719557195572 0.5323609845031905 0.9549815498154982
0 0.5597082953509571 0.955719557195572 0.5597082953509571 0.9660516605166052 0.5670009115770283 0.9697416974169741 0.5715587967183227 0.966789667896679 0.5724703737465816 0.9579335793357934 0.5670009115770283 0.9527675276752767
0 0.4949863263445761 0.9586715867158672 0.49225159525979945 0.9675276752767528 0.4977210574293528 0.9734317343173432 0.5113947128532361 0.9734317343173432 0.5132178669097539 0.9630996309963099 0.5104831358249772 0.955719557195572 0.5050136736554239 0.9535055350553505
0 0.27347310847766637 0.9638376383763838 0.27529626253418416 0.9830258302583026 0.292616226071103 0.992619926199262 0.3053783044667274 0.9911439114391144 0.3099361896080219 0.9845018450184502 0.3099361896080219 0.9726937269372694 0.29717411121239745 0.9564575645756458 0.27985414767547856 0.9564575645756458
0 0.31905195989061075 0.9756457564575646 0.31814038286235186 0.9940959409594096 0.3226982680036463 0.9992619926199262 0.33728350045578853 0.9992619926199262 0.3482224247948952 0.9837638376383764 0.3436645396536007 0.9704797047970479 0.3309024612579763 0.9682656826568266
0 0.3072014585232452 0.9498154981549816 0.31267092069279856 0.9638376383763838 0.32087511394712853 0.9645756457564576 0.3290793072014585 0.9608856088560885 0.3299908842297174 0.9520295202952029 0.325432999088423 0.9476014760147602 0.31267092069279856 0.9461254612546125
0 0.3527803099361896 0.9239852398523986 0.3518687329079307 0.9439114391143911 0.35916134913400183 0.9468634686346864 0.37101185050136737 0.9453874538745387 0.3701002734731085 0.9254612546125461 0.35916134913400183 0.9195571955719557
0 0.31722880583409296 0.9195571955719557 0.31631722880583407 0.9276752767527675 0.32087511394712853 0.9357933579335793 0.33363719234275296 0.9365313653136531 0.33546034639927075 0.9269372693726937 0.3318140382862352 0.9180811808118081 0.32087511394712853 0.9166051660516605
0 0.3682771194165907 0.8981549815498155 0.3691886964448496 0.9092250922509225 0.38012762078395623 0.9143911439114392 0.3865086599817685 0.9070110701107011 0.3855970829535096 0.8974169741697416 0.38012762078395623 0.8915129151291513 0.37556973564266183 0.8915129151291513
0 0.43117593436645396 0.8797047970479704 0.43026435733819507 0.8907749077490775 0.4457611668185962 0.9011070110701107 0.45214220601640837 0.9018450184501845 0.4621695533272562 0.8907749077490775 0.4612579762989973 0.8730627306273063 0.4512306289881495 0.8693726937269373
0 0.47675478577939834 0.8878228782287823 0.4749316317228806 0.8915129151291513 0.4804010938924339 0.9077490774907749 0.49134001823154055 0.9055350553505535 0.495897903372835 0.8996309963099631 0.49225159525979945 0.888560885608856 0.48678213309024615 0.8848708487084871
0 0.504102096627165 0.8959409594095941 0.5050136736554239 0.9084870848708487 0.5104831358249772 0.9136531365313653 0.5177757520510483 0.9143911439114392 0.5268915223336372 0.9047970479704797 0.5241567912488605 0.8907749077490775 0.5168641750227895 0.888560885608856
0 0.5350957155879672 0.9070110701107011 0.536007292616226 0.9202952029520295 0.5460346399270738 0.922509225092251 0.5505925250683683 0.9077490774907749 0.5460346399270738 0.9040590405904059
0 0.5278030993618961 0.9350553505535055 0.5278030993618961 0.9431734317343173 0.5323609845031905 0.9476014760147602 0.545123062898815 0.9416974169741698 0.5469462169553327 0.9313653136531366 0.536007292616226 0.9276752767527675 0.5296262534184139 0.9306273062730628
0 0.5633546034639927 0.9298892988929889 0.5606198723792161 0.9431734317343173 0.5679124886052871 0.9446494464944649 0.5715587967183227 0.9416974169741698 0.5715587967183227 0.9321033210332104
0 0.495897903372835 0.8619926199261992 0.495897903372835 0.8789667896678967 0.5059252506836828 0.8826568265682657 0.5177757520510483 0.8819188191881919 0.5232452142206017 0.8738007380073801 0.5186873290793071 0.8590405904059041 0.5077484047402006 0.8560885608856088
0 0.5278030993618961 0.855350553505535 0.5268915223336372 0.862730627306273 0.5305378304466728 0.8693726937269373 0.5378304466727438 0.8730627306273063 0.5460346399270738 0.8723247232472324 0.5524156791248861 0.8634686346863468 0.5460346399270738 0.8487084870848709 0.536007292616226 0.8494464944649447
0 0.5013673655423884 0.8391143911439114 0.5050136736554239 0.8509225092250923 0.5113947128532361 0.8531365313653136 0.5223336371923427 0.8516605166051661 0.5232452142206017 0.8391143911439114 0.5186873290793071 0.8346863468634687
0 0.5177757520510483 0.8125461254612546 0.5177757520510483 0.8265682656826568 0.5223336371923427 0.829520295202952 0.5296262534184139 0.8287822878228782 0.5387420237010028 0.8206642066420664 0.5405651777575206 0.8044280442804428 0.5378304466727438 0.8014760147601476 0.5305378304466728 0.8022140221402214
0 0.5478577939835916 0.8243542435424355 0.5478577939835916 0.8413284132841329 0.5533272561531449 0.8435424354243543 0.5624430264357339 0.8420664206642067 0.5706472196900638 0.8309963099630996 0.5697356426618049 0.8243542435424355 0.5578851412944393 0.818450184501845 0.5496809480401094 0.8199261992619926
0 0.5624430264357339 0.8612546125461255 0.5633546034639927 0.8730627306273063 0.5752051048313582 0.8767527675276753 0.5806745670009116 0.8693726937269373 0.5797629899726527 0.8634686346863468 0.5724703737465816 0.8597785977859779
0 0.44940747493163175 0.822140221402214 0.44849589790337285 0.8273062730627306 0.45578851412944393 0.8376383763837638 0.4667274384685506 0.8383763837638376 0.47037374658158615 0.8354243542435424 0.47128532360984504 0.8280442804428044 0.4667274384685506 0.8199261992619926 0.4594348222424795 0.8177121771217712
0 0.39562443026435734 0.8280442804428044 0.39653600729261623 0.8391143911439114 0.4074749316317229 0.8494464944649447 0.4211485870556062 0.8516605166051661 0.4284412032816773 0.8487084870848709 0.42570647219690066 0.8376383763837638 0.43026435733819507 0.8191881918819188 0.42570647219690066 0.8140221402214022 0.41112123974475845 0.8132841328413284
0 0.3865086599817685 0.8664206642066421 0.38833181403828626 0.8804428044280442 0.4001823154056518 0.8870848708487085 0.41750227894257064 0.8833948339483395 0.4247948951686418 0.8745387453874539 0.4247948951686418 0.8649446494464945 0.41112123974475845 0.8560885608856088 0.39471285323609845 0.8575645756457565
0 0.3226982680036463 0.8878228782287823 0.3217866909753874 0.8981549815498155 0.3309024612579763 0.9025830258302583 0.3381950774840474 0.9025830258302583 0.34275296262534183 0.8929889298892989 0.33546034639927075 0.8797047970479704 0.3309024612579763 0.8789667896678967
0 0.3618960802187785 0.803690036900369 0.3618960802187785 0.8154981549815498 0.3664539653600729 0.8214022140221402 0.37921604375569734 0.8243542435424355 0.3892433910665451 0.8169741697416975 0.3919781221513218 0.8081180811808119 0.3892433910665451 0.796309963099631 0.3701002734731085 0.7970479704797048
0 0.31814038286235186 0.8383763837638376 0.31814038286235186 0.8501845018450185 0.33363719234275296 0.862730627306273 0.34092980856882404 0.8634686346863468 0.34913400182315407 0.8523985239852399 0.3473108477666363 0.8332103321033211 0.34275296262534183 0.829520295202952 0.3318140382862352 0.8287822878228782 0.3226982680036463 0.8324723247232473
0 0.35824977210574294 0.7291512915129151 0.35733819507748404 0.7409594095940959 0.3691886964448496 0.7535055350553506 0.3892433910665451 0.7549815498154981 0.39471285323609845 0.7505535055350554 0.40200546946216953 0.7357933579335794 0.4010938924339107 0.7269372693726938 0.39471285323609845 0.7217712177121771 0.3865086599817685 0.718819188191882 0.3701002734731085 0.718819188191882 0.3609845031905196 0.7239852398523985
0 0.3682771194165907 0.7660516605166051 0.3646308113035551 0.7719557195571956 0.3664539653600729 0.7793357933579336 0.37465815861440294 0.7845018450184502 0.3837739288969918 0.7830258302583026 0.38833181403828626 0.7793357933579336 0.3919781221513218 0.7660516605166051 0.3837739288969918 0.7616236162361624 0.37556973564266183 0.7616236162361624
0 0.4238833181403829 0.7830258302583026 0.4202370100273473 0.788929889298893 0.422971741112124 0.8022140221402214 0.4275296262534184 0.8066420664206642 0.4357338195077484 0.8066420664206642 0.4448495897903373 0.796309963099631 0.4448495897903373 0.7822878228782287 0.43846855059252504 0.7756457564575646
0 0.45214220601640837 0.7933579335793358 0.45305378304466726 0.8066420664206642 0.4594348222424795 0.8125461254612546 0.4658158614402917 0.8125461254612546 0.46946216955332726 0.8059040590405904 0.4676390154968095 0.788929889298893 0.463081130355515 0.785239852398524 0.4585232452142206 0.7859778597785978
0 0.3099361896080219 0.7881918819188192 0.3099361896080219 0.796309963099631 0.3217866909753874 0.8081180811808119 0.3299908842297174 0.8073800738007381 0.3463992707383774 0.792619926199262 0.3454876937101185 0.7837638376383764 0.33546034639927075 0.7741697416974169 0.31996353691886964 0.7771217712177122
0 0.3600729261622607 0.8332103321033211 0.35916134913400183 0.8464944649446494 0.3628076572470374 0.855350553505535 0.37374658158614404 0.8583025830258303 0.3846855059252507 0.8531365313653136 0.38742023701002737 0.8420664206642067 0.3837739288969918 0.8339483394833949 0.37374658158614404 0.8287822878228782 0.3646308113035551 0.8287822878228782
0 0.2725615314494075 0.8538745387453874 0.2707383773928897 0.8664206642066421 0.27347310847766637 0.8715867158671586 0.28258887876025524 0.8760147601476015 0.2935278030993619 0.8738007380073801 0.29899726526891524 0.8642066420664206 0.292616226071103 0.8538745387453874 0.28258887876025524 0.8494464944649447
0 0.23427529626253418 0.8420664206642067 0.2324521422060164 0.8560885608856088 0.23792160437556972 0.8634686346863468 0.2515952597994531 0.8656826568265683 0.2643573381950775 0.8575645756457565 0.268003646308113 0.8472324723247232 0.25888787602552416 0.83690036900369 0.24430264357338194 0.8354243542435424
0 0.27438468550592526 0.8870848708487085 0.27347310847766637 0.8959409594095941 0.27711941659070194 0.9040590405904059 0.28988149498632637 0.9077490774907749 0.29626253418413856 0.9011070110701107 0.29717411121239745 0.8826568265682657 0.2862351868732908 0.8804428044280442
0 0.24612579762989972 0.8730627306273063 0.24612579762989972 0.8833948339483395 0.2543299908842297 0.8907749077490775 0.2689152233363719 0.8863468634686347 0.2689152233363719 0.8760147601476015 0.2643573381950775 0.8708487084870848 0.25797629899726526 0.8686346863468635
0 0.2725615314494075 0.915129151291513 0.27347310847766637 0.9298892988929889 0.27711941659070194 0.933579335793358 0.2835004557885141 0.933579335793358 0.292616226071103 0.9232472324723248 0.292616226071103 0.9143911439114392 0.2889699179580675 0.9114391143911439 0.2780309936189608 0.9114391143911439
0 0.24339106654512307 0.9284132841328413 0.24247948951686418 0.9365313653136531 0.24703737465815861 0.9461254612546125 0.25979945305378305 0.9461254612546125 0.26618049225159524 0.9365313653136531 0.26162260711030083 0.9232472324723248 0.2515952597994531 0.9195571955719557
0 0.22333637192342753 0.974169741697417 0.22242479489516864 0.9830258302583026 0.22698268003646307 0.9881918819188192 0.23792160437556972 0.9896678966789668 0.2479489516864175 0.9867158671586715 0.2515952597994531 0.9763837638376384 0.24612579762989972 0.9675276752767528 0.23518687329079307 0.9660516605166052
0 0.2853236098450319 0.7616236162361624 0.2853236098450319 0.7763837638376384 0.2935278030993619 0.7837638376383764 0.3017319963536919 0.7822878228782287 0.31449407474931634 0.770479704797048 0.31449407474931634 0.759409594095941 0.3062898814949863 0.7512915129151292 0.2935278030993619 0.752029520295203
0 0.31175934366453967 0.7225092250922509 0.3108477666362808 0.7306273062730627 0.32087511394712853 0.7343173431734318 0.3299908842297174 0.7284132841328413 0.3318140382862352 0.7195571955719557 0.3245214220601641 0.7129151291512915 0.31905195989061075 0.7129151291512915
0 0.2780309936189608 0.7291512915129151 0.27894257064721967 0.744649446494465 0.28258887876025524 0.7490774907749077 0.292616226071103 0.7490774907749077 0.3017319963536919 0.7387453874538745 0.300820419325433 0.7306273062730627 0.29626253418413856 0.7269372693726938
0 0.25250683682771197 0.7557195571955719 0.2506836827711942 0.766789667896679 0.2543299908842297 0.7726937269372693 0.26618049225159524 0.7749077490774908 0.27620783956244305 0.7697416974169742 0.27985414767547856 0.7549815498154981 0.2725615314494075 0.7468634686346863 0.2625341841385597 0.7468634686346863
0 0.26071103008204194 0.8073800738007381 0.26162260711030083 0.818450184501845 0.2698268003646308 0.8214022140221402 0.28076572470373745 0.8059040590405904 0.27347310847766637 0.8022140221402214
0 0.4831358249772106 0.7970479704797048 0.4822242479489517 0.803690036900369 0.48678213309024615 0.8132841328413284 0.4968094804010939 0.8154981549815498 0.5159525979945305 0.7955719557195572 0.5086599817684594 0.7837638376383764 0.4968094804010939 0.7808118081180812 0.49042844120328166 0.7837638376383764
0 0.4785779398359161 0.8273062730627306 0.479489516864175 0.8361623616236162 0.4831358249772106 0.8420664206642067 0.4886052871467639 0.8435424354243543 0.49316317228805834 0.8383763837638376 0.4949863263445761 0.8243542435424355 0.48495897903372837 0.8228782287822878
0 0.3299908842297174 0.6760147601476014 0.3318140382862352 0.6959409594095941 0.3381950774840474 0.6988929889298893 0.3482224247948952 0.6981549815498155 0.35551504102096626 0.6863468634686347 0.35095715587967186 0.6686346863468635 0.3391066545123063 0.6649446494464945
0 0.3828623518687329 0.5726937269372694 0.381950774840474 0.5845018450184502 0.38833181403828626 0.5896678966789668 0.406563354603464 0.588929889298893 0.41385597082953507 0.5852398523985239 0.41659070191431175 0.5800738007380074 0.41476754785779396 0.5712177121771218 0.4029170464904284 0.5660516605166052 0.3910665451230629 0.566789667896679
0 0.44849589790337285 0.5380073800738008 0.44849589790337285 0.5490774907749078 0.45487693710118504 0.5564575645756458 0.4731084776663628 0.5527675276752767 0.4785779398359161 0.5461254612546126 0.47675478577939834 0.5357933579335793 0.46855059252506837 0.5306273062730628 0.45578851412944393 0.5306273062730628
0 0.4275296262534184 0.5682656826568265 0.4293527803099362 0.5822878228782288 0.43482224247948953 0.5859778597785977 0.44758432087511396 0.5852398523985239 0.45396536007292615 0.574169741697417 0.45031905195989064 0.5638376383763838 0.4375569735642662 0.5623616236162362
0 0.39471285323609845 0.5446494464944649 0.39288969917958066 0.5520295202952029 0.398359161349134 0.5608856088560885 0.41476754785779396 0.5638376383763838 0.42570647219690066 0.5579335793357934 0.4266180492251595 0.5461254612546126 0.4211485870556062 0.537269372693727 0.4038286235186873 0.537269372693727
0 0.34275296262534183 0.6472324723247233 0.34275296262534183 0.6546125461254613 0.3473108477666363 0.659040590405904 0.35824977210574294 0.6583025830258302 0.3609845031905196 0.6501845018450184 0.35551504102096626 0.6428044280442804 0.3482224247948952 0.6420664206642066
0 0.4785779398359161 0.5188191881918819 0.4785779398359161 0.5306273062730628 0.48678213309024615 0.5365313653136531 0.4995442114858706 0.5343173431734317 0.5077484047402006 0.5195571955719557 0.5050136736554239 0.5136531365313654 0.4968094804010939 0.5107011070110701 0.48495897903372837 0.5129151291512916
0 0.45031905195989064 0.5143911439114391 0.45031905195989064 0.5217712177121772 0.463081130355515 0.5247232472324723 0.47219690063810393 0.5173431734317343 0.4740200546946217 0.5047970479704798 0.463081130355515 0.5033210332103321 0.45396536007292615 0.5084870848708487
0 0.3454876937101185 0.7586715867158672 0.3454876937101185 0.7719557195571956 0.3482224247948952 0.7756457564575646 0.3527803099361896 0.7756457564575646 0.35733819507748404 0.7697416974169742 0.35551504102096626 0.7549815498154981 0.3518687329079307 0.7527675276752768
0 0.2123974475843209 0.759409594095941 0.2123974475843209 0.770479704797048 0.22607110300820418 0.7756457564575646 0.23518687329079307 0.7697416974169742 0.23883318140382861 0.7557195571955719 0.23518687329079307 0.7512915129151292 0.22424794895168643 0.7498154981549815
0 0.31722880583409296 0.6472324723247233 0.31631722880583407 0.6612546125461255 0.325432999088423 0.6642066420664207 0.3318140382862352 0.6597785977859778 0.33272561531449407 0.6472324723247233 0.3272561531449407 0.6450184501845019
0 0.3263445761166819 0.566789667896679 0.3236098450319052 0.5771217712177121 0.3318140382862352 0.5859778597785977 0.34092980856882404 0.5830258302583026 0.35004557885141296 0.574169741697417 0.3445761166818596 0.5616236162361624 0.33363719234275296 0.5616236162361624
0 0.568824065633546 0.7933579335793358 0.5651777575205105 0.8073800738007381 0.5724703737465816 0.811070110701107 0.5806745670009116 0.8081180811808119 0.5879671832269827 0.8 0.5806745670009116 0.7881918819188192
0 0.4603463992707384 0.7675276752767528 0.4585232452142206 0.7726937269372693 0.463081130355515 0.7808118081180812 0.47675478577939834 0.7822878228782287 0.4822242479489517 0.7785977859778598 0.47766636280765723 0.7616236162361624
0 0.3236098450319052 0.629520295202952 0.3245214220601641 0.6398523985239852 0.33454876937101186 0.6435424354243543 0.34275296262534183 0.6391143911439114 0.3436645396536007 0.6302583025830258 0.33546034639927075 0.6280442804428045
0 0.33363719234275296 0.6081180811808118 0.33454876937101186 0.6199261992619927 0.3391066545123063 0.6236162361623616 0.3463992707383774 0.6228782287822878 0.35004557885141296 0.6118081180811809 0.35916134913400183 0.6 0.35733819507748404 0.5940959409594095 0.3436645396536007 0.5977859778597786
0 0.2625341841385597 0.6996309963099631 0.2634457611668186 0.7114391143911439 0.27438468550592526 0.7121771217712177 0.27985414767547856 0.7040590405904059 0.27894257064721967 0.6996309963099631 0.27438468550592526 0.6966789667896679
0 0.2880583409298086 0.7047970479704797 0.2871467639015497 0.7099630996309964 0.2917046490428441 0.7143911439114391 0.30264357338195075 0.7143911439114391 0.3062898814949863 0.7099630996309964 0.30355515041020964 0.7025830258302583 0.2935278030993619 0.7018450184501845
0 0.3217866909753874 0.7542435424354244 0.3226982680036463 0.7675276752767528 0.3281677301731996 0.770479704797048 0.33454876937101186 0.7690036900369004 0.3381950774840474 0.7638376383763837 0.33637192342752964 0.7535055350553506 0.3263445761166819 0.7498154981549815
0 0.406563354603464 0.7424354243542436 0.4047402005469462 0.7527675276752768 0.41385597082953507 0.7608856088560886 0.43208751139471285 0.7645756457564575 0.43938012762078393 0.759409594095941 0.4402917046490428 0.7409594095940959 0.43299908842297175 0.7328413284132841 0.41112123974475845 0.7343173431734318
0 0.1504102096627165 0.8280442804428044 0.15223336371923427 0.8383763837638376 0.15861440291704648 0.8435424354243543 0.17958067456700091 0.844280442804428 0.18687329079307202 0.8354243542435424 0.18505013673655424 0.8243542435424355 0.17866909753874202 0.8191881918819188 0.1577028258887876 0.8228782287822878
0 0.16226071103008205 0.8 0.16043755697356427 0.8103321033210332 0.1659070191431176 0.8140221402214022 0.17684594348222424 0.814760147601476 0.18505013673655424 0.8103321033210332 0.18596171376481313 0.8029520295202952 0.1814038286235187 0.796309963099631 0.16864175022789427 0.7948339483394834
0 0.16773017319963537 0.7306273062730627 0.16773017319963537 0.7409594095940959 0.17866909753874202 0.7490774907749077 0.18960802187784867 0.7498154981549815 0.2014585232452142 0.7416974169741697 0.2014585232452142 0.7306273062730627 0.19234275296262535 0.7232472324723247 0.17775752051048313 0.7232472324723247
0 0.22242479489516864 0.8095940959409594 0.22060164083865086 0.8236162361623616 0.22698268003646307 0.8280442804428044 0.2333637192342753 0.8273062730627306 0.2406563354603464 0.822140221402214 0.2397447584320875 0.8140221402214022 0.2315405651777575 0.8073800738007381
0 0.19051959890610756 0.8132841328413284 0.19051959890610756 0.8236162361623616 0.1959890610756609 0.8273062730627306 0.2023701002734731 0.8250922509225093 0.20601640838650867 0.8177121771217712 0.2041932543299909 0.8125461254612546 0.195077484047402 0.8103321033210332
0 0.17137648131267091 0.7815498154981549 0.17137648131267091 0.7896678966789668 0.18960802187784867 0.7904059040590405 0.19051959890610756 0.785239852398524 0.18596171376481313 0.7808118081180812
0 0.15314494074749316 0.766789667896679 0.1577028258887876 0.777859778597786 0.1722880583409298 0.777859778597786 0.17775752051048313 0.7734317343173431 0.17775752051048313 0.7690036900369004 0.1722880583409298 0.7638376383763837 0.16043755697356427 0.7616236162361624
0 0.19143117593436645 0.6870848708487085 0.19143117593436645 0.6988929889298893 0.19872379216043756 0.7040590405904059 0.2123974475843209 0.7040590405904059 0.22060164083865086 0.6996309963099631 0.22424794895168643 0.6937269372693727 0.22424794895168643 0.6848708487084871 0.2096627164995442 0.6782287822878229 0.20054694621695535 0.6782287822878229
0 0.22971741112123975 0.6339483394833948 0.22789425706472197 0.640590405904059 0.23062898814949864 0.6435424354243543 0.24339106654512307 0.647970479704797 0.2515952597994531 0.647970479704797 0.25797629899726526 0.6398523985239852 0.2561531449407475 0.6317343173431734 0.2515952597994531 0.6287822878228783 0.23883318140382861 0.6280442804428045
0 0.21604375569735643 0.6516605166051661 0.21695533272561532 0.6575645756457564 0.2315405651777575 0.6634686346863469 0.23701002734731086 0.6627306273062731 0.24247948951686418 0.6546125461254613 0.22971741112123975 0.6464944649446495
0 0.19690063810391978 0.6612546125461255 0.1959890610756609 0.6671586715867158 0.2014585232452142 0.6730627306273063 0.2123974475843209 0.6760147601476014 0.22333637192342753 0.6745387453874538 0.22515952597994532 0.6671586715867158 0.21695533272561532 0.6597785977859778 0.20875113947128532 0.6575645756457564
0 0.1814038286235187 0.7099630996309964 0.1804922515952598 0.7166051660516605 0.18322698268003645 0.7180811808118082 0.19963536918869645 0.7195571955719557 0.2041932543299909 0.7151291512915129 0.203281677301732 0.7099630996309964 0.19872379216043756 0.7077490774907749
0 0.15861440291704648 0.7512915129151292 0.1577028258887876 0.7549815498154981 0.16226071103008205 0.7601476014760148 0.17137648131267091 0.7608856088560886 0.17593436645396535 0.7564575645756457 0.1722880583409298 0.7490774907749077 0.16134913400182316 0.7468634686346863
0 0.23518687329079307 0.6081180811808118 0.23427529626253418 0.6169741697416974 0.2415679124886053 0.6236162361623616 0.2543299908842297 0.6250922509225092 0.26618049225159524 0.6162361623616236 0.2643573381950775 0.6059040590405904 0.2543299908842297 0.6014760147601476 0.2415679124886053 0.6014760147601476
0 0.24703737465815861 0.5793357933579336 0.24703737465815861 0.592619926199262 0.2552415679124886 0.5992619926199262 0.2698268003646308 0.6007380073800738 0.27438468550592526 0.5985239852398524 0.27620783956244305 0.5867158671586716 0.2689152233363719 0.5756457564575646 0.2561531449407475 0.5734317343173432
0 0.2652689152233364 0.555719557195572 0.268003646308113 0.570479704797048 0.27529626253418416 0.5771217712177121 0.2862351868732908 0.5785977859778598 0.29535095715587967 0.5734317343173432 0.29717411121239745 0.5638376383763838 0.28988149498632637 0.5549815498154982 0.27347310847766637 0.5520295202952029
0 0.2780309936189608 0.5350553505535055 0.27529626253418416 0.5431734317343173 0.2880583409298086 0.5505535055350553 0.29535095715587967 0.5505535055350553 0.30446672743846853 0.5431734317343173 0.30355515041020964 0.5335793357933579 0.29535095715587967 0.5284132841328413 0.2889699179580675 0.5276752767527675
0 0.2907930720145852 0.5121771217712177 0.2917046490428441 0.5217712177121772 0.3017319963536919 0.5269372693726937 0.3108477666362808 0.5269372693726937 0.3217866909753874 0.5188191881918819 0.31996353691886964 0.5084870848708487 0.309024612579763 0.5018450184501845 0.29717411121239745 0.5040590405904058
0 0.3154056517775752 0.4900369003690037 0.31631722880583407 0.5011070110701107 0.3290793072014585 0.5092250922509225 0.33454876937101186 0.5092250922509225 0.3463992707383774 0.4988929889298893 0.3454876937101185 0.4922509225092251 0.33454876937101186 0.4826568265682657 0.3236098450319052 0.4819188191881919
0 0.34092980856882404 0.4701107011070111 0.3381950774840474 0.4774907749077491 0.34184138559708294 0.4833948339483395 0.3518687329079307 0.4900369003690037 0.3609845031905196 0.48929889298892987 0.3646308113035551 0.4789667896678967 0.35642661804922515 0.4701107011070111 0.3527803099361896 0.46789667896678966
0 0.35824977210574294 0.45682656826568263 0.35824977210574294 0.46715867158671587 0.3664539653600729 0.4752767527675277 0.37556973564266183 0.4782287822878229 0.3828623518687329 0.47601476014760147 0.38833181403828626 0.46346863468634686 0.38012762078395623 0.45166051660516604 0.3691886964448496 0.44944649446494467
0 0.37921604375569734 0.44059040590405907 0.37921604375569734 0.44575645756457566 0.39380127620783956 0.45977859778597785 0.40200546946216953 0.46051660516605164 0.4056517775752051 0.4575645756457565 0.4074749316317229 0.44944649446494467 0.3992707383773929 0.43911439114391143 0.3855970829535096 0.43690036900369006
0 0.4083865086599818 0.43394833948339484 0.406563354603464 0.4398523985239852 0.41294439380127623 0.45166051660516604 0.43026435733819507 0.45018450184501846 0.43208751139471285 0.44132841328413286 0.42570647219690066 0.43247232472324726 0.41203281677301734 0.4317343173431734
0 0.43299908842297175 0.43025830258302583 0.4357338195077484 0.44649446494464945 0.44758432087511396 0.44797047970479703 0.45396536007292615 0.44501845018450187 0.45578851412944393 0.43763837638376385 0.4457611668185962 0.4265682656826568 0.4412032816773017 0.42435424354243545
0 0.47219690063810393 0.46789667896678966 0.47037374658158615 0.4782287822878229 0.47766636280765723 0.48560885608856086 0.4886052871467639 0.48560885608856086 0.4986326344576117 0.4774907749077491 0.4995442114858706 0.46494464944649444 0.49225159525979945 0.45977859778597785 0.4804010938924339 0.4612546125461255
0 0.45578851412944393 0.45239852398523983 0.45487693710118504 0.46273062730627307 0.463081130355515 0.46715867158671587 0.47037374658158615 0.45977859778597785 0.47128532360984504 0.45092250922509225 0.463081130355515 0.44723247232472324
0 0.3764813126709207 0.5284132841328413 0.37739288969917956 0.5380073800738008 0.39288969917958066 0.5365313653136531 0.3992707383773929 0.5269372693726937 0.398359161349134 0.5158671586715867 0.39471285323609845 0.5129151291512916 0.38742023701002737 0.5136531365313654
0 0.41841385597082953 0.5084870848708487 0.41659070191431175 0.5173431734317343 0.4211485870556062 0.5232472324723247 0.43299908842297175 0.5254612546125461 0.4430264357338195 0.5195571955719557 0.4448495897903373 0.5114391143911439 0.43846855059252504 0.5055350553505535 0.4275296262534184 0.5047970479704798
0 0.41203281677301734 0.4915129151291513 0.41112123974475845 0.4981549815498155 0.41567912488605285 0.5025830258302583 0.4211485870556062 0.5025830258302583 0.4293527803099362 0.4974169741697417 0.4293527803099362 0.4915129151291513 0.4247948951686418 0.4870848708487085
0 0.30264357338195075 0.6154981549815498 0.3017319963536919 0.6199261992619927 0.309024612579763 0.6243542435424354 0.3263445761166819 0.6228782287822878 0.3263445761166819 0.6140221402214022 0.32087511394712853 0.6095940959409594
0 0.3108477666362808 0.5328413284132841 0.3099361896080219 0.5439114391143911 0.31267092069279856 0.5468634686346864 0.3226982680036463 0.548339483394834 0.3318140382862352 0.5453874538745388 0.33454876937101186 0.5357933579335793 0.3309024612579763 0.529889298892989 0.3226982680036463 0.5276752767527675
0 0.3646308113035551 0.5180811808118081 0.3618960802187785 0.5276752767527675 0.3664539653600729 0.5321033210332103 0.3701002734731085 0.5306273062730628 0.37739288969917956 0.5158671586715867 0.37192342752962626 0.5136531365313654
0 0.30264357338195075 0.5859778597785977 0.3017319963536919 0.5948339483394834 0.3053783044667274 0.5992619926199262 0.31449407474931634 0.5985239852398524 0.3245214220601641 0.5881918819188192 0.3154056517775752 0.5800738007380074 0.3072014585232452 0.5808118081180812
0 0.2935278030993619 0.6516605166051661 0.2935278030993619 0.6605166051660517 0.30446672743846853 0.6627306273062731 0.3081130355515041 0.6538745387453875 0.300820419325433 0.6494464944649446
0 0.2999088422971741 0.6708487084870849 0.29899726526891524 0.6782287822878229 0.3099361896080219 0.6826568265682657 0.31358249772105745 0.6760147601476014 0.31175934366453967 0.6678966789667896 0.3072014585232452 0.666420664206642
0 0.2999088422971741 0.629520295202952 0.29717411121239745 0.6339483394833948 0.2999088422971741 0.6435424354243543 0.31358249772105745 0.6450184501845019 0.31722880583409296 0.6398523985239852 0.31631722880583407 0.6309963099630996 0.3072014585232452 0.6273062730627307
0 0.2534184138559708 0.6708487084870849 0.2515952597994531 0.6782287822878229 0.25888787602552416 0.6804428044280443 0.2634457611668186 0.6715867158671587 0.26162260711030083 0.6686346863468635
0 0.2716499544211486 0.6051660516605166 0.2698268003646308 0.6162361623616236 0.27620783956244305 0.6191881918819189 0.28258887876025524 0.6110701107011071 0.27620783956244305 0.603690036900369
0 0.25979945305378305 0.6457564575645757 0.26071103008204194 0.6531365313653137 0.2689152233363719 0.6531365313653137 0.27347310847766637 0.647970479704797 0.2725615314494075 0.6398523985239852 0.26618049225159524 0.6391143911439114
0 0.26162260711030083 0.6265682656826568 0.2634457611668186 0.633210332103321 0.2725615314494075 0.6317343173431734 0.2716499544211486 0.6236162361623616
0 0.22515952597994532 0.8863468634686347 0.22698268003646307 0.9040590405904059 0.2406563354603464 0.9062730627306274 0.24521422060164083 0.8988929889298893 0.2415679124886053 0.8833948339483395 0.22971741112123975 0.8819188191881919
0 0.2497721057429353 0.9033210332103321 0.2497721057429353 0.9114391143911439 0.2543299908842297 0.9143911439114392 0.2634457611668186 0.9143911439114392 0.2698268003646308 0.9092250922509225 0.2670920692798541 0.8974169741697416 0.2561531449407475 0.8966789667896679
0 0.5350957155879672 0.8863468634686347 0.5350957155879672 0.8937269372693727 0.5387420237010028 0.8974169741697416 0.5460346399270738 0.8988929889298893 0.5515041020966271 0.8952029520295203 0.5524156791248861 0.8863468634686347 0.5469462169553327 0.8789667896678967 0.5378304466727438 0.8811808118081181
0 0.2561531449407475 0.7269372693726938 0.2543299908842297 0.7343173431734318 0.25706472196900637 0.7402214022140221 0.2707383773928897 0.7402214022140221 0.2725615314494075 0.7321033210332103 0.2698268003646308 0.7269372693726938 0.26618049225159524 0.7247232472324723
0 0.2397447584320875 0.7416974169741697 0.2406563354603464 0.7542435424354244 0.2479489516864175 0.7564575645756457 0.25250683682771197 0.7512915129151292 0.2534184138559708 0.7431734317343174 0.2479489516864175 0.7372693726937269 0.24339106654512307 0.7372693726937269
0 0.2643573381950775 0.7845018450184502 0.26618049225159524 0.7948339483394834 0.27620783956244305 0.7940959409594096 0.28076572470373745 0.7896678966789668 0.28076572470373745 0.7822878228782287 0.27620783956244305 0.7785977859778598
0 0.24430264357338194 0.7800738007380074 0.24247948951686418 0.7904059040590405 0.2479489516864175 0.792619926199262 0.2552415679124886 0.788929889298893 0.25706472196900637 0.7793357933579336 0.2497721057429353 0.7771217712177122
0 0.2397447584320875 0.7114391143911439 0.2397447584320875 0.7202952029520295 0.2479489516864175 0.7202952029520295 0.25250683682771197 0.7143911439114391 0.2515952597994531 0.7099630996309964 0.24430264357338194 0.7077490774907749
0 0.22424794895168643 0.7247232472324723 0.22607110300820418 0.7313653136531365 0.23609845031905197 0.7276752767527676 0.23518687329079307 0.7217712177121771 0.23062898814949864 0.7202952029520295
0 0.20783956244302643 0.7380073800738007 0.20692798541476753 0.7453874538745388 0.21422060164083864 0.7483394833948339 0.22242479489516864 0.7365313653136532 0.21513217866909753 0.7328413284132841
0 0.92616226071103 0.4022140221402214 0.927073837739289 0.4088560885608856 0.9371011850501367 0.418450184501845 0.95897903372835 0.4236162361623616 0.97538742023701 0.422140221402214 0.9845031905195989 0.4051660516605166 0.9826800364630811 0.3985239852398524 0.9744758432087511 0.3940959409594096 0.9562443026435734 0.39114391143911437 0.9389243391066545 0.3933579335793358
0 0.9334548769371012 0.43468634686346863 0.9334548769371012 0.444280442804428 0.9416590701914311 0.44944649446494467 0.9626253418413856 0.44575645756457566 0.96718322698268 0.43690036900369006 0.9644484958979034 0.4317343173431734 0.9535095715587967 0.4280442804428044 0.9389243391066545 0.4280442804428044
0 0.8587055606198724 0.40369003690036903 0.8587055606198724 0.41697416974169743 0.8760255241567912 0.43763837638376385 0.8824065633546034 0.43837638376383764 0.8924339106654512 0.43321033210332105 0.9061075660893345 0.4177121771217712 0.9051959890610757 0.411070110701107 0.8988149498632635 0.4066420664206642 0.8878760255241568 0.40369003690036903
0 0.837739288969918 0.43247232472324726 0.8350045578851413 0.44575645756457566 0.8413855970829535 0.45461254612546126 0.8505013673655424 0.45461254612546126 0.8623518687329079 0.44944649446494467 0.8678213309024613 0.4354243542435424 0.8587055606198724 0.42509225092250924 0.8486782133090246 0.4228782287822878
0 0.7675478577939836 0.4309963099630996 0.7693710118505014 0.44649446494464945 0.7784867821330902 0.45018450184501846 0.7876025524156791 0.44944649446494467 0.8094804010938924 0.43837638376383764 0.8149498632634458 0.42952029520295204 0.8140382862351869 0.42140221402214023 0.8003646308113036 0.414760147601476 0.7912488605287147 0.4154981549815498 0.7793983591613491 0.4199261992619926
0 0.8951686417502279 0.385239852398524 0.8960802187784868 0.3970479704797048 0.9079307201458523 0.4022140221402214 0.9243391066545124 0.3977859778597786 0.9325432999088423 0.3874538745387454 0.927073837739289 0.3793357933579336 0.9170464904284412 0.3771217712177122 0.9015496809480401 0.3793357933579336
0 0.8395624430264357 0.4656826568265683 0.8386508659981768 0.4701107011070111 0.8477666362807658 0.4789667896678967 0.8559708295350957 0.4782287822878229 0.8687329079307201 0.4701107011070111 0.8669097538742023 0.46273062730627307 0.8605287146763901 0.45904059040590406 0.8505013673655424 0.45904059040590406
0 0.8505013673655424 0.4907749077490775 0.8523245214220602 0.5055350553505535 0.8650865998176845 0.5084870848708487 0.8742023701002735 0.5040590405904058 0.8760255241567912 0.4966789667896679 0.8714676390154968 0.4885608856088561 0.854147675478578 0.4870848708487085
0 0.9425706472196901 0.4819188191881919 0.9416590701914311 0.4900369003690037 0.9516864175022789 0.4988929889298893 0.9635369188696444 0.4974169741697417 0.9717411121239745 0.4900369003690037 0.9708295350957156 0.4819188191881919 0.9617137648131268 0.47601476014760147 0.9525979945305378 0.47675276752767526
0 0.8997265268915223 0.45977859778597785 0.8979033728350045 0.4664206642066421 0.9070191431175935 0.4752767527675277 0.9234275296262534 0.47675276752767526 0.9298085688240656 0.46715867158671587 0.9252506836827712 0.45608856088560884 0.9097538742023701 0.45461254612546126
0 0.9744758432087511 0.5084870848708487 0.9772105742935278 0.5202952029520295 0.9863263445761167 0.5232472324723247 0.9990884229717412 0.522509225092251 0.9990884229717412 0.5018450184501845 0.9808568824065633 0.5040590405904058
0 0.9389243391066545 0.45830258302583027 0.9389243391066545 0.4656826568265683 0.9443938012762079 0.4701107011070111 0.9562443026435734 0.47158671586715867 0.96718322698268 0.46715867158671587 0.968094804010939 0.4619926199261993 0.9635369188696444 0.45608856088560884 0.9416590701914311 0.45608856088560884
0 0.8669097538742023 0.5151291512915129 0.8659981768459435 0.5254612546125461 0.8760255241567912 0.5313653136531366 0.8842297174111212 0.5291512915129152 0.8933454876937101 0.5158671586715867 0.886964448495898 0.5084870848708487 0.8751139471285324 0.5092250922509225
0 0.8422971741112124 0.5269372693726937 0.8422971741112124 0.5387453874538746 0.853236098450319 0.5409594095940959 0.8596171376481313 0.5365313653136531 0.8614402917046491 0.529889298892989 0.8568824065633546 0.5247232472324723 0.8477666362807658 0.5239852398523985
0 0.8997265268915223 0.5099630996309963 0.902461257976299 0.5180811808118081 0.9115770282588879 0.522509225092251 0.9206927985414768 0.522509225092251 0.927073837739289 0.5158671586715867 0.9252506836827712 0.5114391143911439 0.9115770282588879 0.5055350553505535 0.9061075660893345 0.5055350553505535
0 0.8796718322698268 0.4738007380073801 0.8796718322698268 0.4789667896678967 0.8887876025524157 0.48929889298892987 0.8969917958067457 0.4907749077490775 0.9015496809480401 0.4885608856088561 0.902461257976299 0.4797047970479705 0.894257064721969 0.47306273062730625 0.8833181403828624 0.47158671586715867
0 0.7383773928896992 0.42066420664206644 0.7365542388331814 0.43025830258302583 0.740200546946217 0.43468634686346863 0.7529626253418414 0.43690036900369006 0.7602552415679125 0.43321033210332105 0.7620783956244302 0.4236162361623616 0.7547857793983591 0.41697416974169743 0.7438468550592525 0.41697416974169743
0 0.7010027347310848 0.42509225092250924 0.699179580674567 0.4317343173431734 0.7037374658158614 0.43837638376383764 0.7146763901549681 0.44206642066420665 0.7256153144940748 0.43837638376383764 0.7256153144940748 0.42435424354243545 0.7201458523245214 0.4191881918819188
0 0.7019143117593437 0.32619926199261995 0.7019143117593437 0.3380073800738007 0.715587967183227 0.34686346863468637 0.7301731996353692 0.34391143911439115 0.7383773928896992 0.33136531365313654 0.7374658158614403 0.3239852398523985 0.7265268915223336 0.3166051660516605 0.7110300820419325 0.31808118081180814
0 0.6563354603463992 0.34907749077490774 0.6572470373746582 0.35793357933579334 0.6672743846855059 0.36605166051660515 0.6763901549680948 0.36678966789667894 0.6836827711941659 0.36236162361623614 0.6855059252506837 0.3549815498154982 0.6754785779398359 0.34391143911439115 0.6627164995442115 0.34317343173431736
0 0.715587967183227 0.36088560885608856 0.7128532360984503 0.3726937269372694 0.7210574293527803 0.3726937269372694 0.7356426618049225 0.36236162361623614 0.740200546946217 0.35129151291512917 0.7283500455788514 0.3505535055350554
0 0.8632634457611669 0.30996309963099633 0.8641750227894257 0.3166051660516605 0.8714676390154968 0.3195571955719557 0.8805834092980857 0.3195571955719557 0.8887876025524157 0.31365313653136534 0.8878760255241568 0.3077490774907749 0.8805834092980857 0.3018450184501845 0.8696444849589791 0.3033210332103321
0 0.8732907930720146 0.36162361623616235 0.8723792160437557 0.36900369003690037 0.8851412944393802 0.3756457564575646 0.8969917958067457 0.37416974169741696 0.9051959890610757 0.36605166051660515 0.9033728350045579 0.35571955719557197 0.894257064721969 0.34833948339483395 0.8842297174111212 0.3505535055350554
0 0.9115770282588879 0.35202952029520296 0.910665451230629 0.36309963099631 0.9179580674567 0.36900369003690037 0.9334548769371012 0.3675276752767528 0.9398359161349134 0.36088560885608856 0.935278030993619 0.34833948339483395 0.918869644484959 0.3461254612546125
0 0.6627164995442115 0.4361623616236162 0.6645396536007293 0.44206642066420665 0.6773017319963537 0.44354243542435423 0.6855059252506837 0.44206642066420665 0.6900638103919782 0.4354243542435424 0.682771194165907 0.42878228782287825 0.6745670009115771 0.42878228782287825
0 0.45578851412944393 0.4022140221402214 0.45578851412944393 0.411070110701107 0.4649042844120328 0.4191881918819188 0.47675478577939834 0.4191881918819188 0.48587055606198726 0.4132841328413284 0.48587055606198726 0.4014760147601476 0.47675478577939834 0.392619926199262 0.4658158614402917 0.3940959409594096
0 0.4448495897903373 0.418450184501845 0.4430264357338195 0.42140221402214023 0.45305378304466726 0.4280442804428044 0.4594348222424795 0.42509225092250924 0.4594348222424795 0.418450184501845 0.45305378304466726 0.41254612546125463
0 0.4813126709206928 0.3837638376383764 0.4822242479489517 0.3933579335793358 0.49042844120328166 0.4014760147601476 0.5050136736554239 0.3970479704797048 0.5068368277119416 0.3881918819188192 0.5013673655423884 0.3800738007380074 0.48495897903372837 0.3793357933579336
0 0.4813126709206928 0.36236162361623614 0.4804010938924339 0.3763837638376384 0.4986326344576117 0.37416974169741696 0.5022789425706472 0.36309963099631 0.4986326344576117 0.359409594095941 0.49042844120328166 0.35793357933579334
0 0.5068368277119416 0.36457564575645757 0.504102096627165 0.36900369003690037 0.5059252506836828 0.3800738007380074 0.5141294439380127 0.385239852398524 0.5250683682771194 0.3837638376383764 0.5278030993618961 0.37859778597785976 0.5250683682771194 0.36974169741697416 0.5186873290793071 0.3638376383763838
0 0.5232452142206017 0.359409594095941 0.5223336371923427 0.3638376383763838 0.5314494074749316 0.37416974169741696 0.5405651777575206 0.3763837638376384 0.545123062898815 0.37047970479704795 0.5414767547857794 0.36014760147601477 0.5332725615314494 0.35571955719557197
0 0.5405651777575206 0.34833948339483395 0.5396536007292616 0.35571955719557197 0.5460346399270738 0.36309963099631 0.5505925250683683 0.36678966789667894 0.5597082953509571 0.36531365313653136 0.5615314494074749 0.36088560885608856 0.5542388331814039 0.34686346863468637 0.5469462169553327 0.34464944649446494
0 0.5597082953509571 0.3372693726937269 0.5533272561531449 0.3416974169741697 0.5533272561531449 0.34538745387453873 0.5578851412944393 0.34686346863468637 0.5633546034639927 0.3549815498154982 0.5706472196900638 0.35571955719557197 0.5761166818596172 0.35202952029520296 0.5742935278030994 0.3416974169741697 0.5679124886052871 0.33653136531365313
0 0.5724703737465816 0.33210332103321033 0.5706472196900638 0.33505535055350555 0.5815861440291704 0.3461254612546125 0.5916134913400183 0.34760147601476016 0.5961713764813127 0.34538745387453873 0.5970829535095715 0.3380073800738007 0.5907019143117593 0.33136531365313654 0.5788514129443938 0.3291512915129151
0 0.5861440291704649 0.3173431734317343 0.585232452142206 0.3239852398523985 0.6007292616226071 0.33431734317343176 0.6144029170464904 0.33136531365313654 0.6189608021877848 0.3247232472324723 0.6189608021877848 0.3129151291512915 0.6089334548769371 0.3047970479704797 0.593436645396536 0.30996309963099633
0 0.6125797629899726 0.2974169741697417 0.6116681859617138 0.3033210332103321 0.6198723792160438 0.3107011070110701 0.6289881494986327 0.30996309963099633 0.6353691886964449 0.3040590405904059 0.6289881494986327 0.2944649446494465 0.6207839562443026 0.2937269372693727
0 0.6280765724703737 0.3129151291512915 0.626253418413856 0.32177121771217715 0.6298997265268915 0.32619926199261995 0.6344576116681859 0.32619926199261995 0.6417502278942571 0.3210332103321033 0.6426618049225159 0.31365313653136534 0.6371923427529627 0.3092250922509225
0 0.6335460346399271 0.2900369003690037 0.6317228805834093 0.29298892988929887 0.6435733819507748 0.3077490774907749 0.649954421148587 0.3070110701107011 0.659070191431176 0.3003690036900369 0.6599817684594348 0.2966789667896679 0.6490428441203282 0.2863468634686347 0.6417502278942571 0.2856088560885609
0 0.6526891522333638 0.2819188191881919 0.6517775752051048 0.2863468634686347 0.6645396536007293 0.2996309963099631 0.6782133090246126 0.3003690036900369 0.6818596171376481 0.2981549815498155 0.6836827711941659 0.2878228782287823 0.6745670009115771 0.2745387453874539 0.6608933454876937 0.27601476014760146
0 0.6773017319963537 0.2686346863468635 0.6763901549680948 0.2745387453874539 0.6864175022789426 0.2848708487084871 0.6918869644484958 0.2863468634686347 0.699179580674567 0.2826568265682657 0.6982680036463081 0.27232472324723245 0.6918869644484958 0.26420664206642064 0.682771194165907 0.2649446494464945
0 0.6955332725615314 0.25830258302583026 0.6937101185050136 0.2649446494464945 0.7010027347310848 0.27232472324723245 0.7101185050136737 0.2730627306273063 0.7192342752962625 0.2693726937269373 0.7164995442114859 0.2568265682656827 0.7064721969006381 0.25461254612546125
0 0.7037374658158614 0.2782287822878229 0.7055606198723792 0.2892988929889299 0.7137648131267093 0.2907749077490775 0.7210574293527803 0.2878228782287823 0.723792160437557 0.2826568265682657 0.7201458523245214 0.2767527675276753
0 0.7274384685505926 0.25535055350553504 0.7228805834092981 0.25904059040590405 0.7265268915223336 0.2789667896678967 0.7474931631722881 0.27970479704797047 0.7511394712853237 0.27527675276752767 0.7502278942570647 0.2605166051660517 0.7392889699179581 0.25461254612546125
0 0.7547857793983591 0.26199261992619927 0.7547857793983591 0.27601476014760146 0.7611668185961714 0.2789667896678967 0.7702825888787602 0.2774907749077491 0.773017319963537 0.27232472324723245 0.7693710118505014 0.26420664206642064 0.7629899726526892 0.2605166051660517
0 0.7711941659070192 0.25535055350553504 0.7693710118505014 0.26199261992619927 0.7766636280765725 0.27527675276752767 0.7894257064721969 0.27527675276752767 0.8003646308113036 0.2686346863468635 0.8012762078395624 0.26199261992619927 0.7912488605287147 0.25018450184501845 0.7812215132178669 0.25018450184501845
0 0.7948951686417502 0.24501845018450186 0.8030993618960802 0.2605166051660517 0.8085688240656336 0.26199261992619927 0.8149498632634458 0.25830258302583026 0.8185961713764813 0.24723247232472326 0.8122151321786691 0.23911439114391145 0.8003646308113036 0.23985239852398524
0 0.8140382862351869 0.23468634686346865 0.8140382862351869 0.23985239852398524 0.821330902461258 0.24723247232472326 0.8295350957155879 0.24354243542435425 0.8268003646308113 0.23025830258302582 0.8195077484047402 0.23025830258302582
0 0.8313582497721057 0.22804428044280442 0.8350045578851413 0.24428044280442804 0.8432087511394712 0.24870848708487084 0.8523245214220602 0.24649446494464944 0.8559708295350957 0.23025830258302582 0.845031905195989 0.22361623616236162 0.8359161349134002 0.22361623616236162
0 0.8577939835916135 0.23394833948339483 0.8577939835916135 0.24501845018450186 0.8678213309024613 0.25092250922509224 0.877848678213309 0.24280442804428043 0.8814949863263446 0.23025830258302582 0.8760255241567912 0.22656826568265684 0.8669097538742023 0.22656826568265684 0.8587055606198724 0.23025830258302582
0 0.8805834092980857 0.23616236162361623 0.8805834092980857 0.24575645756457565 0.8878760255241568 0.25387453874538746 0.8969917958067457 0.25461254612546125 0.9051959890610757 0.25018450184501845 0.9088422971741112 0.24206642066420664 0.9051959890610757 0.23394833948339483 0.886052871467639 0.23025830258302582
0 0.9088422971741112 0.24501845018450186 0.9079307201458523 0.25461254612546125 0.9143117593436645 0.25977859778597784 0.9252506836827712 0.25904059040590405 0.9343664539653601 0.25166051660516603 0.9343664539653601 0.24428044280442804 0.9243391066545124 0.23763837638376384 0.9134001823154057 0.23911439114391145
0 0.9498632634457612 0.23099630996309964 0.9489516864175023 0.23763837638376384 0.9525979945305378 0.23690036900369005 0.959890610756609 0.24280442804428043 0.9690063810391978 0.24280442804428043 0.9726526891522334 0.23911439114391145 0.9735642661804923 0.23394833948339483 0.9662716499544212 0.22583025830258302 0.959890610756609 0.22509225092250923
0 0.9662716499544212 0.2132841328413284 0.9626253418413856 0.22361623616236162 0.9735642661804923 0.22878228782287824 0.9854147675478578 0.22509225092250923 0.9854147675478578 0.21623616236162363 0.9808568824065633 0.211070110701107
0 0.9890610756608933 0.2095940959409594 0.9908842297174111 0.22361623616236162 0.9990884229717412 0.22952029520295203 0.9990884229717412 0.2066420664206642
0 0.98359161349134 0.3121771217712177 0.9845031905195989 0.3239852398523985 0.99179580674567 0.32767527675276753 0.9990884229717412 0.32693726937269374 0.9990884229717412 0.30553505535055353 0.9908842297174111 0.3062730627306273
0 0.9662716499544212 0.33653136531365313 0.9662716499544212 0.34538745387453873 0.9744758432087511 0.35350553505535054 0.9863263445761167 0.35424354243542433 0.9954421148587056 0.3505535055350554 0.9963536918869644 0.33874538745387456 0.9845031905195989 0.33062730627306275 0.97538742023701 0.33062730627306275
0 0.9389243391066545 0.3682656826568266 0.9407474931631723 0.3800738007380074 0.9525979945305378 0.3859778597785978 0.9690063810391978 0.3837638376383764 0.9799453053783045 0.3726937269372694 0.97538742023701 0.36605166051660515 0.9608021877848678 0.36014760147601477 0.9480401093892434 0.36236162361623614
0 0.9790337283500455 0.3808118081180812 0.9744758432087511 0.3896678966789668 0.9881494986326345 0.3948339483394834 0.9945305378304466 0.3763837638376384 0.9863263445761167 0.3756457564575646
0 0.9143117593436645 0.2863468634686347 0.9143117593436645 0.2996309963099631 0.9206927985414768 0.3047970479704797 0.9371011850501367 0.3062730627306273 0.9498632634457612 0.2981549815498155 0.9498632634457612 0.2856088560885609 0.9434822242479489 0.2826568265682657 0.9279854147675478 0.28044280442804426 0.918869644484959 0.2819188191881919
0 0.9571558796718322 0.2952029520295203 0.9553327256153145 0.3040590405904059 0.959890610756609 0.30996309963099633 0.9799453053783045 0.3084870848708487 0.9881494986326345 0.2974169741697417 0.9854147675478578 0.28856088560885607 0.9772105742935278 0.2863468634686347
0 0.9252506836827712 0.3291512915129151 0.92616226071103 0.3380073800738007 0.9334548769371012 0.3416974169741697 0.9471285323609845 0.34022140221402214 0.9535095715587967 0.33505535055350555 0.9535095715587967 0.33062730627306275 0.9471285323609845 0.3239852398523985 0.9343664539653601 0.3239852398523985
0 0.9571558796718322 0.31808118081180814 0.9580674567000912 0.3239852398523985 0.9653600729261622 0.32767527675276753 0.9708295350957156 0.32767527675276753 0.9781221513217867 0.32250922509225094 0.9717411121239745 0.3151291512915129 0.9608021877848678 0.3151291512915129
0 0.9097538742023701 0.3107011070110701 0.9061075660893345 0.3202952029520295 0.9170464904284412 0.3254612546125461 0.9243391066545124 0.3247232472324723 0.9316317228805834 0.3173431734317343 0.9216043755697356 0.3092250922509225
0 0.8933454876937101 0.33505535055350555 0.8924339106654512 0.34243542435424357 0.8997265268915223 0.3461254612546125 0.9079307201458523 0.34538745387453873 0.9179580674567 0.33874538745387456 0.9161349134001823 0.33136531365313654 0.9115770282588879 0.3291512915129151 0.8997265268915223 0.3298892988929889
0 0.8113035551504102 0.35276752767527675 0.8094804010938924 0.36088560885608856 0.813126709206928 0.36974169741697416 0.8222424794895169 0.37416974169741696 0.8313582497721057 0.3726937269372694 0.837739288969918 0.36457564575645757 0.8368277119416591 0.35276752767527675 0.8286235186873291 0.34833948339483395 0.8204193254329991 0.34833948339483395
0 0.8231540565177757 0.3335793357933579 0.8258887876025525 0.34317343173431736 0.8359161349134002 0.3416974169741697 0.8359161349134002 0.3328413284132841 0.8268003646308113 0.33062730627306275
0 0.8404740200546946 0.34391143911439115 0.8404740200546946 0.3505535055350554 0.845031905195989 0.35276752767527675 0.8523245214220602 0.34907749077490774 0.8550592525068368 0.34095940959409593 0.8486782133090246 0.3380073800738007
0 0.8359161349134002 0.3158671586715867 0.8368277119416591 0.32693726937269374 0.8422971741112124 0.3328413284132841 0.8495897903372835 0.33210332103321033 0.8568824065633546 0.3247232472324723 0.8559708295350957 0.3166051660516605 0.8486782133090246 0.31365313653136534
0 0.8596171376481313 0.32767527675276753 0.8587055606198724 0.33505535055350555 0.8623518687329079 0.3380073800738007 0.8714676390154968 0.33579335793357934 0.8760255241567912 0.33136531365313654 0.8705560619872379 0.32324723247232473
0 0.8468550592525068 0.2915129151291513 0.845031905195989 0.2996309963099631 0.8514129443938013 0.3040590405904059 0.8632634457611669 0.3033210332103321 0.8714676390154968 0.2959409594095941 0.8696444849589791 0.2892988929889299 0.8650865998176845 0.2870848708487085 0.8550592525068368 0.2870848708487085
0 0.8933454876937101 0.2996309963099631 0.8933454876937101 0.3107011070110701 0.8969917958067457 0.3129151291512915 0.9051959890610757 0.3107011070110701 0.9070191431175935 0.2996309963099631 0.9015496809480401 0.2974169741697417
0 0.8906107566089334 0.2826568265682657 0.8933454876937101 0.2915129151291513 0.9015496809480401 0.2922509225092251 0.9070191431175935 0.2892988929889299 0.9070191431175935 0.28044280442804426 0.8988149498632635 0.2789667896678967
0 0.7711941659070192 0.3505535055350554 0.773017319963537 0.36605166051660515 0.7766636280765725 0.36900369003690037 0.7939835916134913 0.3712177121771218 0.8003646308113036 0.3586715867158672 0.7976298997265269 0.35129151291512917 0.780309936189608 0.34538745387453873
0 0.7921604375569735 0.33210332103321033 0.7903372835004557 0.34095940959409593 0.7976298997265269 0.34760147601476016 0.8067456700091158 0.34833948339483395 0.8140382862351869 0.34464944649446494 0.8167730173199635 0.33505535055350555 0.8122151321786691 0.3291512915129151 0.8003646308113036 0.3284132841328413
0 0.7429352780309936 0.33505535055350555 0.7438468550592525 0.3461254612546125 0.7547857793983591 0.34686346863468637 0.7593436645396536 0.34391143911439115 0.7611668185961714 0.33579335793357934 0.7566089334548769 0.33062730627306275 0.7474931631722881 0.3298892988929889
0 0.6918869644484958 0.35276752767527675 0.6927985414767548 0.36014760147601477 0.699179580674567 0.3638376383763838 0.7119416590701915 0.35645756457564576 0.7110300820419325 0.35129151291512917 0.7019143117593437 0.34686346863468637 0.6955332725615314 0.34760147601476016
0 0.6809480401093893 0.33505535055350555 0.6800364630811303 0.34243542435424357 0.682771194165907 0.34464944649446494 0.6891522333637192 0.3461254612546125 0.6946216955332726 0.34391143911439115 0.6927985414767548 0.33431734317343176
0 0.6298997265268915 0.3549815498154982 0.6289881494986327 0.3638376383763838 0.6326344576116681 0.36900369003690037 0.6435733819507748 0.37047970479704795 0.6517775752051048 0.36605166051660515 0.6517775752051048 0.3549815498154982 0.6472196900638104 0.35129151291512917 0.6371923427529627 0.34981549815498153
0 0.6171376481312671 0.3859778597785978 0.6189608021877848 0.3970479704797048 0.6335460346399271 0.3992619926199262 0.6444849589790337 0.38671586715867157 0.6435733819507748 0.3763837638376384 0.6271649954421149 0.3756457564575646
0 0.6490428441203282 0.3904059040590406 0.649954421148587 0.3977859778597786 0.659070191431176 0.4014760147601476 0.6681859617137648 0.3970479704797048 0.6718322698268003 0.3874538745387454 0.6572470373746582 0.3837638376383764
0 0.5843208751139471 0.3859778597785978 0.5843208751139471 0.3940959409594096 0.5916134913400183 0.3992619926199262 0.6061987237921604 0.396309963099631 0.6116681859617138 0.3896678966789668 0.6107566089334548 0.381549815498155 0.6025524156791249 0.37785977859778597 0.5916134913400183 0.3800738007380074
0 0.6043755697356427 0.36605166051660515 0.6034639927073838 0.3726937269372694 0.6089334548769371 0.3763837638376384 0.6162260711030082 0.3763837638376384 0.6235186873290793 0.36900369003690037 0.6235186873290793 0.36088560885608856 0.618049225159526 0.35793357933579334
0 0.47766636280765723 0.44354243542435423 0.47766636280765723 0.45092250922509225 0.4813126709206928 0.45461254612546126 0.49134001823154055 0.45535055350553505 0.4986326344576117 0.44944649446494467 0.4986326344576117 0.44059040590405907 0.4949863263445761 0.43690036900369006 0.487693710118505 0.43690036900369006
0 0.5232452142206017 0.43837638376383764 0.5223336371923427 0.44944649446494467 0.5278030993618961 0.4531365313653137 0.5350957155879672 0.45092250922509225 0.5396536007292616 0.44280442804428044 0.5378304466727438 0.43468634686346863 0.5323609845031905 0.4317343173431734
0 0.5022789425706472 0.4317343173431734 0.5022789425706472 0.4398523985239852 0.512306289881495 0.44280442804428044 0.5186873290793071 0.43690036900369006 0.5205104831358249 0.42878228782287825 0.5086599817684594 0.4273062730627306
0 0.5022789425706472 0.45166051660516604 0.504102096627165 0.46420664206642065 0.5186873290793071 0.46273062730627307 0.5223336371923427 0.45977859778597785 0.5232452142206017 0.45608856088560884 0.5168641750227895 0.44944649446494467 0.5059252506836828 0.44797047970479703
0 0.5314494074749316 0.3985239852398524 0.5296262534184139 0.4066420664206642 0.5323609845031905 0.41254612546125463 0.5432999088422972 0.41254612546125463 0.5505925250683683 0.40369003690036903 0.5487693710118505 0.396309963099631 0.536007292616226 0.3948339483394834
0 0.512306289881495 0.4118081180811808 0.5095715587967183 0.4191881918819188 0.5141294439380127 0.422140221402214 0.5223336371923427 0.422140221402214 0.5278030993618961 0.41697416974169743 0.5241567912488605 0.4088560885608856
0 0.5095715587967183 0.3955719557195572 0.5095715587967183 0.4044280442804428 0.5159525979945305 0.4066420664206642 0.5259799453053783 0.4022140221402214 0.528714676390155 0.3933579335793358 0.5259799453053783 0.3904059040590406 0.5159525979945305 0.3896678966789668
0 0.41112123974475845 0.45830258302583027 0.40929808568824066 0.46715867158671587 0.41385597082953507 0.47158671586715867 0.4211485870556062 0.47306273062730625 0.43026435733819507 0.4664206642066421 0.43026435733819507 0.45977859778597785 0.4247948951686418 0.45535055350553505
0 0.38742023701002737 0.4907749077490775 0.3855970829535096 0.4974169741697417 0.39288969917958066 0.5003690036900369 0.406563354603464 0.4878228782287823 0.4038286235186873 0.48487084870848707 0.39653600729261623 0.48487084870848707
0 0.9407474931631723 0.5247232472324723 0.9389243391066545 0.5335793357933579 0.9462169553327257 0.5424354243542435 0.9525979945305378 0.5439114391143911 0.9635369188696444 0.5394833948339484 0.9662716499544212 0.5313653136531366 0.9617137648131268 0.5239852398523985 0.9453053783044667 0.5217712177121772
0 0.9744758432087511 0.5306273062730628 0.9772105742935278 0.5439114391143911 0.9845031905195989 0.5476014760147602 0.9927073837739289 0.5461254612546126 0.9972652689152234 0.537269372693727 0.9954421148587056 0.5306273062730628 0.9890610756608933 0.5269372693726937 0.9799453053783045 0.5269372693726937
0 0.8796718322698268 0.5380073800738008 0.8814949863263446 0.5490774907749078 0.8896991795806746 0.5505535055350553 0.8969917958067457 0.5461254612546126 0.8979033728350045 0.537269372693727 0.894257064721969 0.5321033210332103
0 0.8559708295350957 0.5461254612546126 0.8568824065633546 0.5571955719557196 0.8659981768459435 0.5571955719557196 0.8714676390154968 0.5468634686346864 0.8641750227894257 0.5431734317343173
0 0.9790337283500455 0.4841328413284133 0.9781221513217867 0.4907749077490775 0.9826800364630811 0.4944649446494465 0.9990884229717412 0.4959409594095941 0.9990884229717412 0.4738007380073801 0.9863263445761167 0.4752767527675277
0 0.9808568824065633 0.4361623616236162 0.9790337283500455 0.44944649446494467 0.9872379216043756 0.45239852398523983 0.9990884229717412 0.45166051660516604 0.9990884229717412 0.43468634686346863
0 0.9042844120328167 0.42509225092250924 0.9033728350045579 0.4317343173431734 0.9124886052871468 0.43763837638376385 0.9216043755697356 0.43690036900369006 0.9288969917958068 0.42878228782287825 0.92616226071103 0.422140221402214 0.9179580674567 0.41623616236162364 0.9115770282588879 0.4177121771217712
0 0.8204193254329991 0.4140221402214022 0.8204193254329991 0.4265682656826568 0.8322698268003647 0.4273062730627306 0.8404740200546946 0.422140221402214 0.845031905195989 0.411070110701107 0.8277119416590701 0.4088560885608856
0 0.7575205104831358 0.4007380073800738 0.7593436645396536 0.4132841328413284 0.7739288969917958 0.4154981549815498 0.780309936189608 0.41254612546125463 0.7821330902461258 0.4007380073800738 0.7620783956244302 0.3985239852398524
0 0.7265268915223336 0.3992619926199262 0.7210574293527803 0.40369003690036903 0.723792160437557 0.41254612546125463 0.7383773928896992 0.4132841328413284 0.7438468550592525 0.4095940959409594 0.7456700091157703 0.4044280442804428 0.740200546946217 0.4
0 0.7265268915223336 0.38228782287822877 0.7256153144940748 0.3881918819188192 0.7301731996353692 0.392619926199262 0.7411121239744758 0.3940959409594096 0.7474931631722881 0.388929889298893 0.7474931631722881 0.38228782287822877 0.7411121239744758 0.3771217712177122 0.731084776663628 0.37859778597785976
0 0.6745670009115771 0.4 0.6745670009115771 0.407380073800738 0.682771194165907 0.4191881918819188 0.6946216955332726 0.418450184501845 0.7064721969006381 0.40811808118081183 0.707383773928897 0.3977859778597786 0.6964448495897904 0.3881918819188192 0.6818596171376481 0.388929889298893
0 0.7821330902461258 0.31439114391143913 0.7812215132178669 0.32250922509225094 0.7857793983591613 0.3284132841328413 0.7994530537830447 0.32619926199261995 0.804922515952598 0.3202952029520295 0.8030993618960802 0.3114391143911439 0.796718322698268 0.3077490774907749 0.7857793983591613 0.30996309963099633
0 0.7939835916134913 0.3970479704797048 0.7948951686417502 0.4066420664206642 0.8058340929808568 0.4103321033210332 0.8222424794895169 0.4007380073800738 0.8222424794895169 0.3933579335793358 0.8113035551504102 0.3859778597785978
0 0.8659981768459435 0.3845018450184502 0.8650865998176845 0.39114391143911437 0.8732907930720146 0.3940959409594096 0.8814949863263446 0.3933579335793358 0.886052871467639 0.3874538745387454 0.886052871467639 0.38228782287822877 0.8814949863263446 0.37859778597785976 0.8732907930720146 0.37859778597785976
0 0.7894257064721969 0.3808118081180812 0.7894257064721969 0.385239852398524 0.7930720145852325 0.3859778597785978 0.8067456700091158 0.38302583025830256 0.8085688240656336 0.37859778597785976 0.804922515952598 0.3756457564575646 0.7958067456700091 0.3756457564575646
0 0.8368277119416591 0.3800738007380074 0.837739288969918 0.3896678966789668 0.8505013673655424 0.388929889298893 0.8659981768459435 0.3756457564575646 0.8623518687329079 0.3719557195571956 0.8514129443938013 0.37785977859778597
0 0.7447584320875114 0.36531365313653136 0.7438468550592525 0.3719557195571956 0.7474931631722881 0.37416974169741696 0.7547857793983591 0.37416974169741696 0.7593436645396536 0.36974169741697416 0.7593436645396536 0.36309963099631 0.7556973564266181 0.36014760147601477 0.7511394712853237 0.36014760147601477
0 0.7520510483135825 0.38671586715867157 0.7547857793983591 0.3992619926199262 0.7812215132178669 0.3896678966789668 0.7830446672743847 0.3793357933579336 0.773017319963537 0.37490774907749075 0.764813126709207 0.37490774907749075
0 0.6754785779398359 0.37416974169741696 0.6736554238833181 0.3800738007380074 0.6864175022789426 0.3837638376383764 0.6964448495897904 0.3800738007380074 0.7028258887876025 0.3726937269372694 0.699179580674567 0.3682656826568266 0.6873290793072014 0.3682656826568266
0 0.9525979945305378 0.2730627306273063 0.9516864175022789 0.2811808118081181 0.95897903372835 0.2863468634686347 0.9708295350957156 0.2833948339483395 0.9790337283500455 0.2767527675276753 0.9781221513217867 0.27158671586715866 0.9726526891522334 0.26789667896678965 0.9608021877848678 0.26789667896678965
0 0.9717411121239745 0.25756457564575647 0.9772105742935278 0.2656826568265683 0.9990884229717412 0.2656826568265683 0.9972652689152234 0.25387453874538746 0.9826800364630811 0.2523985239852399
0 0.6472196900638104 0.42140221402214023 0.6472196900638104 0.4265682656826568 0.6572470373746582 0.43025830258302583 0.6672743846855059 0.4273062730627306 0.6700091157702825 0.4228782287822878 0.6681859617137648 0.41623616236162364 0.6627164995442115 0.4140221402214022
0 0.6371923427529627 0.43837638376383764 0.6371923427529627 0.44354243542435423 0.6444849589790337 0.444280442804428 0.6536007292616226 0.44132841328413286 0.6554238833181404 0.4354243542435424 0.6463081130355515 0.43247232472324726
0 0.6235186873290793 0.4317343173431734 0.6226071103008204 0.44059040590405907 0.626253418413856 0.44132841328413286 0.6390154968094804 0.4280442804428044 0.6344576116681859 0.42509225092250924
0 0.7383773928896992 0.3121771217712177 0.7411121239744758 0.32250922509225094 0.7447584320875114 0.3239852398523985 0.7566089334548769 0.3202952029520295 0.7575205104831358 0.3129151291512915 0.7547857793983591 0.3107011070110701 0.7438468550592525 0.3092250922509225
0 0.7556973564266181 0.2966789667896679 0.7511394712853237 0.3003690036900369 0.7538742023701003 0.3077490774907749 0.7620783956244302 0.3062730627306273 0.7711941659070192 0.2966789667896679
0 0.7629899726526892 0.3121771217712177 0.764813126709207 0.3158671586715867 0.7748404740200547 0.3158671586715867 0.7793983591613491 0.3070110701107011 0.772105742935278 0.3047970479704797
0 0.7629899726526892 0.3195571955719557 0.7620783956244302 0.32767527675276753 0.7739288969917958 0.3291512915129151 0.7748404740200547 0.3210332103321033
0 0.8021877848678214 0.2974169741697417 0.8030993618960802 0.30553505535055353 0.8094804010938924 0.3077490774907749 0.8195077484047402 0.3033210332103321 0.8185961713764813 0.2988929889298893 0.8122151321786691 0.2952029520295203
0 0.8331814038286235 0.2811808118081181 0.8313582497721057 0.2863468634686347 0.837739288969918 0.2907749077490775 0.8559708295350957 0.2826568265682657 0.8514129443938013 0.27601476014760146
0 0.8596171376481313 0.2782287822878229 0.8587055606198724 0.2826568265682657 0.8623518687329079 0.2848708487084871 0.8696444849589791 0.2856088560885609 0.8742023701002735 0.2819188191881919 0.8714676390154968 0.27601476014760146
0 0.8249772105742935 0.2686346863468635 0.8249772105742935 0.2767527675276753 0.837739288969918 0.27527675276752767 0.845031905195989 0.2686346863468635 0.8386508659981768 0.2649446494464945 0.8313582497721057 0.2649446494464945
0 0.8687329079307201 0.25535055350553504 0.8678213309024613 0.26199261992619927 0.8760255241567912 0.26789667896678965 0.8805834092980857 0.26715867158671586 0.8824065633546034 0.25461254612546125 0.8751139471285324 0.2523985239852399
0 0.8887876025524157 0.25977859778597784 0.8878760255241568 0.2656826568265683 0.8924339106654512 0.2701107011070111 0.9070191431175935 0.2656826568265683 0.9015496809480401 0.25830258302583026
0 0.9288969917958068 0.27084870848708487 0.9288969917958068 0.2745387453874539 0.9334548769371012 0.2767527675276753 0.9434822242479489 0.27601476014760146 0.9462169553327257 0.2686346863468635 0.9407474931631723 0.26642066420664207
0 0.6800364630811303 0.32250922509225094 0.6809480401093893 0.3291512915129151 0.690975387420237 0.3298892988929889 0.6955332725615314 0.3247232472324723 0.6955332725615314 0.31881918819188193 0.6891522333637192 0.31808118081180814
0 0.6371923427529627 0.33948339483394835 0.6399270738377393 0.3461254612546125 0.649954421148587 0.34686346863468637 0.6545123062898814 0.34464944649446494 0.6563354603463992 0.33653136531365313 0.6490428441203282 0.3335793357933579
0 0.6654512306289881 0.3284132841328413 0.6608933454876937 0.33210332103321033 0.6608933454876937 0.3380073800738007 0.6727438468550593 0.34022140221402214 0.6754785779398359 0.33136531365313654 0.6700091157702825 0.32767527675276753
0 0.601640838650866 0.34317343173431736 0.6007292616226071 0.34833948339483395 0.609845031905196 0.3505535055350554 0.6162260711030082 0.34760147601476016 0.618049225159526 0.33948339483394835 0.6061987237921604 0.33874538745387456
0 0.7101185050136737 0.3040590405904059 0.7082953509571559 0.3070110701107011 0.7128532360984503 0.30996309963099633 0.7274384685505926 0.3070110701107011 0.7201458523245214 0.3018450184501845
0 0.7274384685505926 0.2856088560885609 0.7265268915223336 0.2907749077490775 0.7338195077484048 0.2959409594095941 0.7438468550592525 0.2944649446494465 0.7493163172288059 0.2870848708487085 0.7447584320875114 0.2833948339483395
0 0.1358249772105743 0.9306273062730628 0.13217866909753875 0.9424354243542435 0.14038286235186873 0.9476014760147602 0.14949863263445762 0.9476014760147602 0.15496809480401094 0.9416974169741698 0.15405651777575205 0.9313653136531366 0.14494074749316319 0.9269372693726937
0 0.14858705560619873 0.8590405904059041 0.14949863263445762 0.8723247232472324 0.15679124886052873 0.8774907749077491 0.17137648131267091 0.8767527675276753 0.17958067456700091 0.870110701107011 0.1804922515952598 0.8583025830258303 0.17593436645396535 0.8516605166051661 0.1577028258887876 0.8501845018450185
0 0.20875113947128532 0.9690036900369003 0.20783956244302643 0.9749077490774908 0.2123974475843209 0.9800738007380074 0.21695533272561532 0.9763837638376384 0.2178669097538742 0.9682656826568266 0.21330902461257975 0.9660516605166052
0 0.20875113947128532 0.9845018450184502 0.2105742935278031 0.992619926199262 0.21513217866909753 0.992619926199262 0.21695533272561532 0.9830258302583026 0.21330902461257975 0.981549815498155
0 0.2187784867821331 0.9490774907749078 0.2178669097538742 0.9571955719557196 0.22333637192342753 0.9638376383763838 0.23609845031905197 0.959409594095941 0.23792160437556972 0.9490774907749078 0.2333637192342753 0.9439114391143911 0.22607110300820418 0.9431734317343173
0 0.1276207839562443 0.992619926199262 0.1267092069279854 0.9992619926199262 0.1440291704649043 0.9992619926199262 0.1422060164083865 0.9940959409594096 0.1349134001823154 0.9896678966789668
0 0.2105742935278031 0.9077490774907749 0.21330902461257975 0.9210332103321033 0.22242479489516864 0.922509225092251 0.22607110300820418 0.9180811808118081 0.22424794895168643 0.9099630996309963 0.2178669097538742 0.9062730627306274
0 0.22515952597994532 0.9291512915129151 0.22515952597994532 0.9357933579335793 0.23427529626253418 0.9380073800738007 0.23701002734731086 0.9328413284132842 0.23518687329079307 0.9269372693726937 0.22880583409298086 0.9261992619926199
0 0.22242479489516864 0.7955719557195572 0.22151321786690975 0.8 0.22698268003646307 0.8029520295202952 0.23792160437556972 0.7977859778597786 0.23427529626253418 0.7911439114391144 0.22880583409298086 0.7911439114391144
0 0.2096627164995442 0.7800738007380074 0.2105742935278031 0.7896678966789668 0.2187784867821331 0.7911439114391144 0.22242479489516864 0.7837638376383764 0.22060164083865086 0.7800738007380074 0.21604375569735643 0.777859778597786
0 0.17866909753874202 0.7571955719557195 0.17958067456700091 0.7660516605166051 0.18869644484958978 0.7675276752767528 0.19325432999088424 0.7653136531365313 0.19416590701914313 0.7616236162361624 0.18869644484958978 0.7542435424354244 0.18413855970829535 0.7535055350553506
0 0.195077484047402 0.7690036900369004 0.19690063810391978 0.7771217712177122 0.2041932543299909 0.7785977859778598 0.20601640838650867 0.7682656826568266 0.19872379216043756 0.7660516605166051
0 0.19690063810391978 0.752029520295203 0.19690063810391978 0.759409594095941 0.2041932543299909 0.7623616236162362 0.20692798541476753 0.7512915129151292 0.2023701002734731 0.7490774907749077
0 0.24521422060164083 0.7992619926199263 0.2406563354603464 0.8073800738007381 0.24339106654512307 0.811070110701107 0.2479489516864175 0.811070110701107 0.2543299908842297 0.8014760147601476 0.2515952597994531 0.7985239852398524
0 0.2907930720145852 0.811070110701107 0.292616226071103 0.825830258302583 0.2999088422971741 0.8250922509225093 0.3053783044667274 0.8206642066420664 0.3072014585232452 0.8103321033210332 0.29808568824065634 0.8044280442804428
0 0.33363719234275296 0.8132841328413284 0.33272561531449407 0.8206642066420664 0.3482224247948952 0.8228782287822878 0.3536918869644485 0.8154981549815498 0.3527803099361896 0.8022140221402214 0.34092980856882404 0.8059040590405904
0 0.33363719234275296 0.7313653136531365 0.3309024612579763 0.7424354243542436 0.33454876937101186 0.7461254612546125 0.34275296262534183 0.7476014760147601 0.3482224247948952 0.7416974169741697 0.34913400182315407 0.7269372693726938 0.34275296262534183 0.7254612546125462
0 0.3081130355515041 0.7409594095940959 0.309024612579763 0.7483394833948339 0.31722880583409296 0.7512915129151292 0.3217866909753874 0.7409594095940959 0.31814038286235186 0.7380073800738007
0 0.33546034639927075 0.7047970479704797 0.33546034639927075 0.7166051660516605 0.3454876937101185 0.718819188191882 0.3482224247948952 0.7166051660516605 0.3473108477666363 0.7070110701107011 0.34275296262534183 0.7040590405904059
0 0.3600729261622607 0.6996309963099631 0.3609845031905196 0.7136531365313653 0.3664539653600729 0.7143911439114391 0.381950774840474 0.7070110701107011 0.3865086599817685 0.6959409594095941 0.3810391978122151 0.6907749077490775 0.37192342752962626 0.6907749077490775
0 0.3682771194165907 0.6612546125461255 0.3673655423883318 0.6752767527675276 0.37283500455788515 0.6782287822878229 0.3846855059252507 0.6723247232472325 0.38742023701002737 0.6642066420664207 0.37830446672743845 0.6575645756457564
0 0.41476754785779396 0.6029520295202953 0.41750227894257064 0.6177121771217712 0.4238833181403829 0.6214022140221402 0.43026435733819507 0.6206642066420665 0.4366453965360073 0.6125461254612546 0.4357338195077484 0.5933579335793358 0.4247948951686418 0.5911439114391144
0 0.37283500455788515 0.640590405904059 0.37192342752962626 0.6472324723247233 0.37830446672743845 0.6501845018450184 0.3855970829535096 0.6494464944649446 0.39471285323609845 0.6435424354243543 0.38742023701002737 0.6369003690036901 0.37921604375569734 0.6369003690036901
0 0.3062898814949863 0.8693726937269373 0.3053783044667274 0.8833948339483395 0.31175934366453967 0.8848708487084871 0.31905195989061075 0.8804428044280442 0.32087511394712853 0.8686346863468635 0.31358249772105745 0.8642066420664206
0 0.35095715587967186 0.5343173431734317 0.34913400182315407 0.5431734317343173 0.35733819507748404 0.5468634686346864 0.3609845031905196 0.5431734317343173 0.3609845031905196 0.5343173431734317 0.35733819507748404 0.5313653136531366
0 0.30446672743846853 0.5490774907749078 0.29717411121239745 0.5535055350553506 0.29717411121239745 0.5579335793357934 0.3062898814949863 0.56309963099631 0.31175934366453967 0.5594095940959409 0.31358249772105745 0.5527675276752767 0.3108477666362808 0.5490774907749078
0 0.3099361896080219 0.5675276752767527 0.3108477666362808 0.5734317343173432 0.31814038286235186 0.5712177121771218 0.31631722880583407 0.5653136531365314
0 0.2880583409298086 0.5948339483394834 0.2871467639015497 0.6014760147601476 0.292616226071103 0.6059040590405904 0.29808568824065634 0.5977859778597786 0.292616226071103 0.5933579335793358
0 0.33546034639927075 0.5468634686346864 0.33272561531449407 0.5535055350553506 0.3381950774840474 0.5564575645756458 0.3436645396536007 0.5535055350553506 0.3436645396536007 0.5476014760147602
0 0.31996353691886964 0.5542435424354244 0.31814038286235186 0.5601476014760147 0.3217866909753874 0.5623616236162362 0.3290793072014585 0.555719557195572
0 0.3436645396536007 0.5084870848708487 0.3381950774840474 0.5151291512915129 0.35004557885141296 0.5173431734317343 0.35460346399270737 0.5143911439114391 0.35642661804922515 0.5084870848708487 0.3536918869644485 0.5055350553505535
0 0.3272561531449407 0.5136531365313654 0.3245214220601641 0.522509225092251 0.3281677301731996 0.5239852398523985 0.33363719234275296 0.5217712177121772 0.33454876937101186 0.5180811808118081 0.33272561531449407 0.5143911439114391
0 0.3618960802187785 0.5837638376383764 0.3609845031905196 0.5918819188191882 0.37101185050136737 0.5933579335793358 0.37556973564266183 0.5881918819188192 0.37465815861440294 0.5837638376383764 0.3701002734731085 0.581549815498155
0 0.4412032816773017 0.4745387453874539 0.4421148587055606 0.4841328413284133 0.44758432087511396 0.4885608856088561 0.45487693710118504 0.48929889298892987 0.4603463992707384 0.4863468634686347 0.4621695533272562 0.4738007380073801 0.4576116681859617 0.4708487084870849 0.44758432087511396 0.4693726937269373
0 0.3974475843208751 0.5062730627306273 0.39562443026435734 0.5092250922509225 0.4010938924339107 0.5129151291512916 0.40929808568824066 0.5129151291512916 0.41112123974475845 0.5084870848708487 0.4074749316317229 0.5033210332103321
0 0.5742935278030994 0.4 0.5742935278030994 0.4103321033210332 0.5843208751139471 0.41254612546125463 0.5888787602552416 0.407380073800738 0.5879671832269827 0.4029520295202952 0.5806745670009116 0.3992619926199262
0 0.577028258887876 0.4199261992619926 0.5788514129443938 0.43468634686346863 0.5897903372835005 0.4361623616236162 0.5897903372835005 0.42509225092250924 0.5815861440291704 0.4191881918819188
0 0.5314494074749316 0.38302583025830256 0.5305378304466728 0.3904059040590406 0.5332725615314494 0.392619926199262 0.5460346399270738 0.3904059040590406 0.544211485870556 0.38228782287822877 0.5341841385597083 0.3808118081180812
0 0.49042844120328166 0.4088560885608856 0.49042844120328166 0.414760147601476 0.49407474931631723 0.41697416974169743 0.5050136736554239 0.4154981549815498 0.5086599817684594 0.4103321033210332 0.5050136736554239 0.40369003690036903 0.4977210574293528 0.40369003690036903
0 0.8413855970829535 0.25313653136531367 0.845031905195989 0.26420664206642064 0.8614402917046491 0.2656826568265683 0.8650865998176845 0.26346863468634685 0.8659981768459435 0.25830258302583026 0.8596171376481313 0.25018450184501845 0.854147675478578 0.24870848708487084
0 0.9361896080218779 0.24428044280442804 0.9343664539653601 0.2568265682656827 0.9462169553327257 0.25756457564575647 0.9516864175022789 0.25461254612546125 0.9516864175022789 0.25018450184501845 0.9425706472196901 0.24059040590405903
0 0.8103919781221514 0.31439114391143913 0.8094804010938924 0.32177121771217715 0.8176845943482224 0.32767527675276753 0.8295350957155879 0.3247232472324723 0.8313582497721057 0.3173431734317343 0.8277119416590701 0.30996309963099633 0.8167730173199635 0.30996309963099633
0 0.5487693710118505 0.37343173431734317 0.5496809480401094 0.381549815498155 0.5633546034639927 0.3800738007380074 0.5660893345487694 0.3763837638376384 0.5606198723792161 0.36974169741697416
0 0.3637192342752963 0.5047970479704798 0.365542388331814 0.5099630996309963 0.37830446672743845 0.5062730627306273 0.37921604375569734 0.4974169741697417 0.3701002734731085 0.4988929889298893
0 0.390154968094804 0.47306273062730625 0.3846855059252507 0.4774907749077491 0.3855970829535096 0.4833948339483395 0.398359161349134 0.4782287822878229 0.39653600729261623 0.4738007380073801
0 0.5396536007292616 0.7726937269372693 0.536007292616226 0.7911439114391144 0.5423883318140383 0.7948339483394834 0.5487693710118505 0.7904059040590405 0.5505925250683683 0.7749077490774908 0.5432999088422972 0.770479704797048
0 0.5624430264357339 0.8878228782287823 0.5633546034639927 0.8966789667896679 0.5697356426618049 0.9003690036900369 0.5742935278030994 0.8988929889298893 0.5788514129443938 0.8915129151291513 0.5761166818596172 0.8833948339483395 0.5697356426618049 0.8819188191881919
0 0.5615314494074749 0.7756457564575646 0.5624430264357339 0.7874538745387454 0.577939835916135 0.7859778597785978 0.577939835916135 0.777859778597786
0 0.544211485870556 0.8 0.5469462169553327 0.8125461254612546 0.5597082953509571 0.8095940959409594 0.5578851412944393 0.8
0 0.2041932543299909 0.7210332103321033 0.203281677301732 0.7269372693726938 0.20692798541476753 0.7284132841328413 0.21330902461257975 0.7284132841328413 0.21969006381039197 0.7232472324723247 0.21330902461257975 0.7180811808118082
0 0.22333637192342753 0.7033210332103321 0.21969006381039197 0.7107011070110701 0.22333637192342753 0.7151291512915129 0.22789425706472197 0.7151291512915129 0.2324521422060164 0.7121771217712177 0.23427529626253418 0.7055350553505535 0.23062898814949864 0.7018450184501845
0 0.2333637192342753 0.6878228782287823 0.2333637192342753 0.6959409594095941 0.2397447584320875 0.6966789667896679 0.24430264357338194 0.6937269372693727 0.24612579762989972 0.6878228782287823 0.24339106654512307 0.6848708487084871
0 0.2944393801276208 0.9328413284132842 0.2862351868732908 0.9416974169741698 0.2862351868732908 0.9490774907749078 0.29808568824065634 0.9505535055350554 0.3062898814949863 0.9424354243542435 0.3072014585232452 0.9357933579335793 0.2999088422971741 0.9306273062730628
0 0.4621695533272562 0.5645756457564576 0.4621695533272562 0.574169741697417 0.4658158614402917 0.5785977859778598 0.47675478577939834 0.5793357933579336 0.4822242479489517 0.5756457564575646 0.4840474020054695 0.5660516605166052 0.479489516864175 0.5594095940959409 0.4676390154968095 0.5601476014760147
0 0.9380127620783957 0.5077490774907749 0.9371011850501367 0.5143911439114391 0.9443938012762079 0.5188191881918819 0.9635369188696444 0.5151291512915129 0.9626253418413856 0.5084870848708487 0.9562443026435734 0.5033210332103321 0.9443938012762079 0.5033210332103321
0 0.8322698268003647 0.5601476014760147 0.8304466727438469 0.5675276752767527 0.8350045578851413 0.574169741697417 0.845943482224248 0.5749077490774908 0.8505013673655424 0.5719557195571956 0.8523245214220602 0.5616236162361624 0.8486782133090246 0.5571955719557196 0.8386508659981768 0.555719557195572
0 0.44849589790337285 0.7313653136531365 0.44940747493163175 0.7431734317343174 0.45396536007292615 0.7453874538745388 0.463081130355515 0.7409594095940959 0.4658158614402917 0.7298892988929889 0.4621695533272562 0.7269372693726938 0.45487693710118504 0.7247232472324723
0 0.9170464904284412 0.5527675276752767 0.9161349134001823 0.5571955719557196 0.9225159525979946 0.5616236162361624 0.935278030993619 0.5571955719557196 0.9307201458523245 0.5490774907749078
0 0.8896991795806746 0.5549815498154982 0.8887876025524157 0.5638376383763838 0.902461257976299 0.56309963099631 0.9015496809480401 0.5564575645756458
0 0.9425706472196901 0.5512915129151291 0.9416590701914311 0.5564575645756458 0.9453053783044667 0.5586715867158671 0.9535095715587967 0.5594095940959409 0.959890610756609 0.5549815498154982 0.9544211485870556 0.5476014760147602 0.9453053783044667 0.548339483394834
0 0.968094804010939 0.5549815498154982 0.9717411121239745 0.5594095940959409 0.9790337283500455 0.5571955719557196 0.9744758432087511 0.5520295202952029
0 0.5059252506836828 0.47158671586715867 0.5059252506836828 0.4833948339483395 0.5141294439380127 0.4841328413284133 0.5195989061075661 0.4774907749077491 0.5186873290793071 0.46863468634686345 0.5104831358249772 0.46789667896678966
0 0.4935642661804923 0.5479999999999999 0.0004193254329990884 0.0003911439114391144
0 0.4886052871467639 0.5453874538745388 0.487693710118505 0.5549815498154982 0.49407474931631723 0.5564575645756458 0.5004557885141294 0.5498154981549815 0.5013673655423884 0.5439114391143911 0.49407474931631723 0.5416974169741697
0 0.8678213309024613 0.56309963099631 0.8659981768459435 0.5675276752767527 0.8705560619872379 0.5690036900369003 0.8787602552415679 0.5682656826568265 0.8824065633546034 0.5645756457564576 0.8796718322698268 0.5594095940959409
0 0.2625341841385597 0.6863468634686347 0.26162260711030083 0.6929889298892989 0.268003646308113 0.6929889298892989 0.27347310847766637 0.6885608856088561 0.2707383773928897 0.6833948339483394
0 0.27700455788514133 0.6640339483394834 0.2705907019143118 0.6686789667896679 0.26877301731996356 0.6788221402214022 0.2792771194165907 0.6814391143911439 0.2814995442114859 0.6753867158671587
0 0.9741868732907931 0.2435188191881919 0.9677228805834094 0.24761549815498154 0.965905195989061 0.25366863468634687 0.9725715587967184 0.25366863468634687 0.9802479489516865 0.24941549815498157 0.9804494074749317 0.24499852398523986 0.97842935278031 0.24238081180811807