0 0.6289825282631039 0.655268022181146 0.6279547790339157 0.66728280961183 0.6361767728674204 0.6922365988909427 0.6464542651593012 0.7014787430683919 0.6639260020554985 0.7005545286506469 0.6700924974306269 0.6931608133086876 0.6731757451181911 0.678373382624769 0.671120246659815 0.6626617375231053 0.6639260020554985 0.6497227356746765 0.6546762589928058 0.6432532347504621 0.644398766700925 0.6432532347504621 0.6361767728674204 0.6460258780036968
0 0.5889003083247688 0.6321626617375231 0.5899280575539568 0.6441774491682071 0.6002055498458376 0.6534195933456562 0.6156217882836588 0.655268022181146 0.6289825282631039 0.6414048059149723 0.6258992805755396 0.621996303142329 0.6125385405960946 0.6155268022181146 0.5960945529290853 0.6173752310536045
0 0.5416238437821171 0.6062846580406654 0.5416238437821171 0.6210720887245841 0.5488180883864338 0.6303142329020333 0.5611510791366906 0.6358595194085028 0.5693730729701952 0.6358595194085028 0.5775950668036999 0.6303142329020333 0.5806783144912642 0.6081330868761553 0.5765673175745119 0.6025878003696857 0.5693730729701952 0.5988909426987061 0.5467625899280576 0.5979667282809612
0 0.5580678314491264 0.7005545286506469 0.5570400822199383 0.7097966728280961 0.566289825282631 0.722735674676525 0.5817060637204522 0.7282809611829945 0.591983556012333 0.722735674676525 0.5971223021582733 0.7134935304990758 0.5971223021582733 0.7033271719038817 0.5878725590955807 0.6885397412199631 0.5775950668036999 0.6857670979667283 0.5673175745118191 0.6885397412199631
0 0.671120246659815 0.7763401109057301 0.671120246659815 0.788354898336414 0.6855087358684481 0.8031423290203327 0.7009249743062693 0.8012939001848429 0.710174717368962 0.7911275415896488 0.710174717368962 0.7726432532347505 0.6998972250770812 0.7615526802218114 0.6865364850976362 0.7606284658040665
0 0.7615621788283659 0.7578558225508318 0.7574511819116135 0.7624768946395564 0.7574511819116135 0.777264325323475 0.7646454265159301 0.7855822550831792 0.7790339157245632 0.7865064695009242 0.7923946557040082 0.7754158964879853 0.7954779033915724 0.7643253234750462 0.789311408016444 0.7513863216266173 0.7728674203494348 0.7504621072088724
0 0.7307297019527236 0.7264325323475046 0.7307297019527236 0.7412199630314233 0.7410071942446043 0.7513863216266173 0.7533401849948612 0.7532347504621072 0.7595066803699897 0.7504621072088724 0.7656731757451182 0.7412199630314233 0.7667009249743063 0.7292051756007394 0.7584789311408017 0.7190388170055453 0.7440904419321686 0.7144177449168208 0.7358684480986639 0.7181146025878004
0 0.7194244604316546 0.7578558225508318 0.7163412127440905 0.7634011090573013 0.7194244604316546 0.7846580406654344 0.7286742034943474 0.7902033271719039 0.7420349434737924 0.789279112754159 0.7492291880781089 0.7763401109057301 0.7451181911613566 0.7615526802218114 0.736896197327852 0.755083179297597
0 0.7060637204522097 0.8613678373382625 0.7050359712230215 0.8761552680221811 0.7142857142857143 0.8881700554528651 0.7276464542651593 0.890018484288355 0.7379239465570401 0.8844731977818854 0.7420349434737924 0.8761552680221811 0.7420349434737924 0.8604436229205176 0.736896197327852 0.8493530499075785 0.7163412127440905 0.8512014787430684
0 0.6670092497430626 0.8188539741219963 0.6670092497430626 0.8364140480591498 0.6721479958890031 0.8438077634011091 0.6855087358684481 0.844731977818854 0.696813977389517 0.8373382624768947 0.6998972250770812 0.8207024029574861 0.6927029804727647 0.8105360443622921 0.6803699897225077 0.8096118299445472
0 0.6279547790339157 0.7689463955637708 0.6248715313463515 0.7744916820702403 0.6279547790339157 0.7911275415896488 0.6402877697841727 0.7985212569316081 0.6515930113052415 0.7966728280961183 0.6587872559095581 0.7818853974121996 0.656731757451182 0.7717190388170055 0.6402877697841727 0.7606284658040665
0 0.6372045220966084 0.8096118299445472 0.6351490236382322 0.8280961182994455 0.6382322713257965 0.8364140480591498 0.6474820143884892 0.8428835489833642 0.656731757451182 0.8410351201478743 0.6608427543679343 0.8373382624768947 0.6618705035971223 0.8243992606284658 0.656731757451182 0.8105360443622921 0.6485097636176773 0.8040665434380776
0 0.6608427543679343 0.7421441774491682 0.6598150051387461 0.7532347504621072 0.6639260020554985 0.7587800369685767 0.6762589928057554 0.7597042513863216 0.6865364850976362 0.7532347504621072 0.6855087358684481 0.7421441774491682 0.6783144912641316 0.7365988909426987
0 0.6731757451181911 0.7014787430683919 0.671120246659815 0.7134935304990758 0.6772867420349434 0.7245841035120147 0.6813977389516958 0.7282809611829945 0.6957862281603289 0.7255083179297597 0.7009249743062693 0.7199630314232902 0.697841726618705 0.7024029574861368 0.6855087358684481 0.6959334565619224
0 0.5847893114080165 0.7356746765249538 0.5868448098663926 0.7532347504621072 0.6012332990750257 0.7615526802218114 0.6084275436793423 0.7513863216266173 0.605344295991778 0.7365988909426987 0.5991778006166495 0.7319778188539742
0 0.6063720452209661 0.6931608133086876 0.6032887975334018 0.7033271719038817 0.6104830421377184 0.711645101663586 0.6197327852004111 0.711645101663586 0.632065775950668 0.699630314232902 0.6279547790339157 0.6894639556377079 0.6197327852004111 0.6857670979667283
0 0.6690647482014388 0.6293900184842883 0.6700924974306269 0.6460258780036968 0.6783144912641316 0.6598890942698706 0.6855087358684481 0.666358595194085 0.7019527235354573 0.6635859519408502 0.71120246659815 0.6460258780036968 0.7070914696813977 0.6312384473197782 0.6906474820143885 0.6229205175600739 0.6803699897225077 0.6229205175600739
0 0.5837615621788284 0.5767097966728281 0.5827338129496403 0.5859519408502772 0.5899280575539568 0.6016635859519408 0.6115107913669064 0.6090573012939002 0.6258992805755396 0.6016635859519408 0.6300102774922919 0.5850277264325323 0.6135662898252826 0.5656192236598891 0.5991778006166495 0.5646950092421442
0 0.5354573484069887 0.6561922365988909 0.5334018499486125 0.6691312384473198 0.538540596094553 0.678373382624769 0.5457348406988695 0.6829944547134935 0.5601233299075026 0.6829944547134935 0.566289825282631 0.6737523105360443 0.5601233299075026 0.6561922365988909 0.5498458376156218 0.6487985212569316
0 0.5940390544707091 0.6608133086876156 0.5899280575539568 0.6645101663585952 0.590955806783145 0.6792975970425139 0.5940390544707091 0.6876155268022182 0.6022610483042138 0.6903881700554528 0.6135662898252826 0.6820702402957486 0.6145940390544707 0.6682070240295749 0.6094552929085303 0.6617375231053605
0 0.6824254881808839 0.566543438077634 0.6834532374100719 0.5822550831792976 0.6906474820143885 0.5914972273567468 0.7040082219938335 0.5951940850277264 0.723535457348407 0.588724584103512 0.7245632065775951 0.5730129390018485 0.7122302158273381 0.5600739371534196 0.6937307297019527 0.5582255083179297
0 0.644398766700925 0.5730129390018485 0.644398766700925 0.5859519408502772 0.6526207605344296 0.5970425138632163 0.6608427543679343 0.600739371534196 0.6721479958890031 0.5970425138632163 0.6772867420349434 0.5804066543438078 0.6700924974306269 0.5683918669131238 0.656731757451182 0.5646950092421442
0 0.7019527235354573 0.6035120147874307 0.7019527235354573 0.6201478743068392 0.7142857142857143 0.6238447319778189 0.7245632065775951 0.6136783733826248 0.7245632065775951 0.5988909426987061 0.7122302158273381 0.5979667282809612
0 0.7132579650565262 0.6626617375231053 0.7132579650565262 0.6746765249537893 0.7183967112024666 0.6839186691312384 0.7276464542651593 0.6894639556377079 0.7358684480986639 0.6894639556377079 0.7440904419321686 0.6792975970425139 0.7440904419321686 0.6626617375231053 0.7389516957862282 0.6571164510166358 0.7276464542651593 0.6543438077634011 0.7204522096608428 0.6543438077634011
0 0.697841726618705 0.7338262476894639 0.7009249743062693 0.7541589648798521 0.7070914696813977 0.7578558225508318 0.7163412127440905 0.756007393715342 0.7214799588900308 0.744916820702403 0.7173689619732785 0.7310536044362292 0.7060637204522097 0.7282809611829945
0 0.6793422404933196 0.5258780036968577 0.6783144912641316 0.5360443622920518 0.6865364850976362 0.5471349353049908 0.7019527235354573 0.5526802218114603 0.7122302158273381 0.5489833641404805 0.7122302158273381 0.522181146025878 0.6916752312435765 0.5166358595194085
0 0.6238437821171634 0.5425138632162662 0.6217882836587872 0.5499075785582255 0.6248715313463515 0.55637707948244 0.6361767728674204 0.5637707948243993 0.6464542651593012 0.5637707948243993 0.6587872559095581 0.5573012939001848 0.6587872559095581 0.5452865064695009 0.6505652620760535 0.5378927911275416 0.6330935251798561 0.5378927911275416
0 0.6022610483042138 0.511090573012939 0.6032887975334018 0.5240295748613678 0.6125385405960946 0.5351201478743068 0.6279547790339157 0.5369685767097967 0.6361767728674204 0.532347504621072 0.6382322713257965 0.5184842883548983 0.6279547790339157 0.5055452865064695 0.6145940390544707 0.5027726432532348
0 0.5827338129496403 0.46395563770794823 0.5817060637204522 0.47597042513863214 0.5889003083247688 0.4907578558225508 0.5960945529290853 0.4953789279112754 0.6135662898252826 0.4944547134935305 0.6197327852004111 0.4907578558225508 0.6238437821171634 0.48428835489833644 0.6238437821171634 0.4722735674676525 0.6145940390544707 0.45933456561922364 0.5960945529290853 0.45471349353049906
0 0.5642343268242549 0.5 0.5621788283658787 0.511090573012939 0.5693730729701952 0.5194085027726433 0.5837615621788284 0.5240295748613678 0.593011305241521 0.5203327171903882 0.5960945529290853 0.5101663585951941 0.5878725590955807 0.49353049907578556 0.5765673175745119 0.4926062846580407
0 0.5354573484069887 0.46395563770794823 0.5334018499486125 0.47504621072088726 0.5364850976361768 0.48151571164510165 0.5529290853031861 0.4944547134935305 0.5621788283658787 0.4926062846580407 0.5683453237410072 0.48428835489833644 0.566289825282631 0.4676524953789279 0.5580678314491264 0.4611829944547135
0 0.5467625899280576 0.5683918669131238 0.5467625899280576 0.589648798521257 0.5580678314491264 0.5905730129390019 0.5704008221993834 0.5850277264325323 0.5714285714285714 0.5739371534195934 0.566289825282631 0.5656192236598891 0.5508735868448099 0.5628465804066544
0 0.5652620760534429 0.5471349353049908 0.566289825282631 0.5573012939001848 0.5745118191161357 0.5609981515711645 0.5878725590955807 0.5600739371534196 0.5960945529290853 0.5499075785582255 0.5940390544707091 0.544362292051756 0.5806783144912642 0.5397412199630314 0.5714285714285714 0.5406654343807763
0 0.46557040082219936 0.6118299445471349 0.4635149023638232 0.6229205175600739 0.47070914696813976 0.6321626617375231 0.48715313463514903 0.6349353049907579 0.5025693730729702 0.6229205175600739 0.5005138746145941 0.6090573012939002 0.4943473792394656 0.600739371534196 0.4727646454265159 0.6025878003696857
0 0.4409044193216855 0.5646950092421442 0.4367934224049332 0.5702402957486137 0.4367934224049332 0.5878003696857671 0.4409044193216855 0.5951940850277264 0.447070914696814 0.5988909426987061 0.4748201438848921 0.5961182994454713 0.48201438848920863 0.5868761552680222 0.4830421377183967 0.5785582255083179 0.47584789311408016 0.5600739371534196 0.447070914696814 0.5591497227356746
0 0.4501541623843782 0.6598890942698706 0.44912641315519014 0.6700554528650647 0.4552929085303186 0.6802218114602587 0.4696813977389517 0.6820702402957486 0.4789311408016444 0.6765249537892791 0.48098663926002055 0.6608133086876156 0.4748201438848921 0.6515711645101664 0.45837615621788286 0.6515711645101664
0 0.4840698869475848 0.6460258780036968 0.4830421377183967 0.6543438077634011 0.4892086330935252 0.6645101663585952 0.5066803699897225 0.6635859519408502 0.5107913669064749 0.6515711645101664 0.5046248715313464 0.6395563770794824 0.4933196300102775 0.6386321626617375
0 0.526207605344296 0.7162661737523105 0.5251798561151079 0.7255083179297597 0.5323741007194245 0.7347504621072088 0.5498458376156218 0.7402957486136784 0.5519013360739979 0.7264325323475046 0.5467625899280576 0.7153419593345656 0.5334018499486125 0.711645101663586
0 0.4614594039054471 0.6987060998151571 0.460431654676259 0.7060998151571165 0.4686536485097636 0.7134935304990758 0.4830421377183967 0.7181146025878004 0.49126413155190135 0.7181146025878004 0.49743062692702983 0.7134935304990758 0.49743062692702983 0.6968576709796673 0.4840698869475848 0.6848428835489834 0.47070914696813976 0.6885397412199631
0 0.5632065775950668 0.6441774491682071 0.5652620760534429 0.6571164510166358 0.5806783144912642 0.6635859519408502 0.5837615621788284 0.6598890942698706 0.5806783144912642 0.6469500924214417 0.5724563206577595 0.6432532347504621
0 0.6361767728674204 0.6136783733826248 0.6351490236382322 0.6210720887245841 0.6402877697841727 0.6275415896487985 0.6526207605344296 0.633086876155268 0.6608427543679343 0.6293900184842883 0.6587872559095581 0.6192236598890942 0.6505652620760535 0.6081330868761553 0.6413155190133607 0.6081330868761553
0 0.5097636176772867 0.6238447319778189 0.5107913669064749 0.6358595194085028 0.5190133607399794 0.6469500924214417 0.5303186022610483 0.6478743068391867 0.5375128468653648 0.6441774491682071 0.538540596094553 0.6266173752310537 0.5303186022610483 0.6164510166358595 0.5179856115107914 0.6164510166358595
0 0.6875642343268242 0.677449168207024 0.6906474820143885 0.6903881700554528 0.6988694758478932 0.6959334565619224 0.7029804727646455 0.6940850277264325 0.7081192189105858 0.6866913123844732 0.7050359712230215 0.677449168207024 0.6937307297019527 0.6746765249537893
0 0.5200411099691675 0.5360443622920518 0.5200411099691675 0.5489833641404805 0.526207605344296 0.5582255083179297 0.5405960945529291 0.5573012939001848 0.5457348406988695 0.5536044362292052 0.5488180883864338 0.5462107208872459 0.5467625899280576 0.5351201478743068 0.5292908530318602 0.5286506469500925
0 0.49023638232271327 0.5018484288354899 0.4881808838643371 0.5129390018484289 0.49537512846865367 0.5277264325323475 0.5118191161356629 0.5295748613678374 0.5220966084275437 0.5249537892791127 0.5241521068859198 0.5138632162661737 0.5107913669064749 0.4944547134935305 0.4984583761562179 0.4953789279112754
0 0.46557040082219936 0.5314232902033271 0.4624871531346352 0.5397412199630314 0.47070914696813976 0.5545286506469501 0.4799588900308325 0.55637707948244 0.49023638232271327 0.5517560073937153 0.49229188078108943 0.5369685767097967 0.4881808838643371 0.5304990757855823 0.47584789311408016 0.5268022181146026
0 0.40184994861253853 0.5434380776340111 0.40082219938335045 0.55637707948244 0.41007194244604317 0.566543438077634 0.43268242548818087 0.5646950092421442 0.43782117163412126 0.5600739371534196 0.4367934224049332 0.5425138632162662 0.4295991778006166 0.5351201478743068 0.41109969167523125 0.5351201478743068
0 0.40596094552929085 0.5970425138632163 0.40493319630010277 0.6136783733826248 0.41109969167523125 0.6210720887245841 0.4316546762589928 0.6210720887245841 0.43884892086330934 0.6155268022181146 0.4398766700924974 0.600739371534196 0.43371017471736895 0.5924214417744916 0.41109969167523125 0.5905730129390019
0 0.3761562178828366 0.6192236598890942 0.3751284686536485 0.633086876155268 0.37923946557040084 0.6414048059149723 0.3977389516957862 0.6432532347504621 0.4039054470709147 0.6266173752310537 0.40184994861253853 0.6182994454713494 0.381294964028777 0.6146025878003697
0 0.3545734840698869 0.5942698706099815 0.3545734840698869 0.6044362292051756 0.36279547790339156 0.6136783733826248 0.3751284686536485 0.6136783733826248 0.3802672147995889 0.6090573012939002 0.3823227132579651 0.5998151571164511 0.3771839671120247 0.588724584103512 0.36279547790339156 0.5878003696857671
0 0.3484069886947585 0.5489833641404805 0.35149023638232274 0.5674676524953789 0.36793422404933196 0.5693160813308688 0.3761562178828366 0.5656192236598891 0.37821171634121276 0.5508317929759704 0.3720452209660843 0.544362292051756 0.3617677286742035 0.5415896487985212
0 0.36382322713257964 0.5138632162661737 0.3648509763617677 0.5314232902033271 0.3720452209660843 0.5406654343807763 0.37923946557040084 0.5434380776340111 0.3895169578622816 0.5415896487985212 0.40082219938335045 0.533271719038817 0.40082219938335045 0.5231053604436229 0.3895169578622816 0.511090573012939 0.37923946557040084 0.5092421441774492
0 0.4265159301130524 0.511090573012939 0.4265159301130524 0.5258780036968577 0.43371017471736895 0.533271719038817 0.44809866392600206 0.5369685767097967 0.4563206577595067 0.532347504621072 0.4614594039054471 0.522181146025878 0.45837615621788286 0.5129390018484289 0.4419321685508736 0.5064695009242144 0.43268242548818087 0.5064695009242144
0 0.38848920863309355 0.48151571164510165 0.3874614594039055 0.49630314232902034 0.3987667009249743 0.5092421441774492 0.4090441932168551 0.512014787430684 0.4234326824254882 0.5036968576709797 0.42548818088386436 0.4898336414048059 0.4131551901336074 0.477818853974122 0.3987667009249743 0.47504621072088726
0 0.45837615621788286 0.4833641404805915 0.4645426515930113 0.5073937153419593 0.4748201438848921 0.5073937153419593 0.48612538540596095 0.5009242144177449 0.4881808838643371 0.488909426987061 0.4840698869475848 0.47966728280961185 0.46557040082219936 0.4787430683918669
0 0.42137718396711205 0.4602587800369686 0.42034943473792397 0.4704251386321627 0.4295991778006166 0.4824399260628466 0.44912641315519014 0.4833641404805915 0.460431654676259 0.47412199630314233 0.460431654676259 0.46395563770794823 0.44912641315519014 0.45009242144177447 0.4357656731757451 0.4510166358595194
0 0.4563206577595067 0.43253234750462105 0.45426515930113054 0.44824399260628467 0.45837615621788286 0.45471349353049906 0.4676258992805755 0.4611829944547135 0.4799588900308325 0.4602587800369686 0.4881808838643371 0.4510166358595194 0.4830421377183967 0.433456561922366 0.4748201438848921 0.42791127541589646
0 0.4892086330935252 0.42513863216266173 0.4933196300102775 0.4436229205175601 0.5005138746145941 0.4510166358595194 0.5056526207605344 0.45009242144177447 0.5149023638232272 0.4408502772643253 0.5149023638232272 0.4288354898336414 0.5015416238437821 0.4214417744916821
0 0.5035971223021583 0.4565619223659889 0.5025693730729702 0.466728280961183 0.5107913669064749 0.4722735674676525 0.5231243576567317 0.46950092421441775 0.5313463514902363 0.46210720887245843 0.5303186022610483 0.45286506469500926 0.5241521068859198 0.44824399260628467 0.5149023638232272 0.4491682070240296
0 0.5313463514902363 0.42051756007393715 0.5231243576567317 0.42791127541589646 0.5303186022610483 0.44731977818853974 0.5436793422404933 0.4491682070240296 0.5498458376156218 0.4463955637707948 0.5590955806783144 0.43530499075785584 0.5560123329907503 0.4214417744916821 0.5488180883864338 0.41589648798521256
0 0.5960945529290853 0.4288354898336414 0.5940390544707091 0.4408502772643253 0.60431654676259 0.4510166358595194 0.6197327852004111 0.4519408502772643 0.6310380267214799 0.4417744916820702 0.6279547790339157 0.4242144177449168 0.6125385405960946 0.42051756007393715
0 0.5899280575539568 0.39186691312384475 0.5899280575539568 0.400184842883549 0.6002055498458376 0.4075785582255083 0.6115107913669064 0.40850277264325324 0.6187050359712231 0.4011090573012939 0.6166495375128469 0.39371534195933455 0.6094552929085303 0.38909426987060997 0.5991778006166495 0.38724584103512016
0 0.5621788283658787 0.36044362292051757 0.5601233299075026 0.37430683918669133 0.5673175745118191 0.3844731977818854 0.5868448098663926 0.38724584103512016 0.5960945529290853 0.3807763401109057 0.5971223021582733 0.3659889094269871 0.5878725590955807 0.35489833641404805 0.5745118191161357 0.3539741219963031
0 0.566289825282631 0.41035120147874304 0.5652620760534429 0.42051756007393715 0.5734840698869476 0.4297597042513863 0.5878725590955807 0.4288354898336414 0.593011305241521 0.42513863216266173 0.5950668036998972 0.41589648798521256 0.5899280575539568 0.4075785582255083 0.5745118191161357 0.4048059149722736
0 0.539568345323741 0.3853974121996303 0.539568345323741 0.3974121996303142 0.5488180883864338 0.4075785582255083 0.5549845837615622 0.40850277264325324 0.5693730729701952 0.400184842883549 0.5704008221993834 0.3955637707948244 0.5590955806783144 0.3789279112754159 0.5436793422404933 0.3789279112754159
0 0.49640287769784175 0.3955637707948244 0.49640287769784175 0.4121996303142329 0.5025693730729702 0.41866913123844735 0.5190133607399794 0.4214417744916821 0.5292908530318602 0.41404805914972276 0.5334018499486125 0.3974121996303142 0.5251798561151079 0.3900184842883549 0.5046248715313464 0.38817005545286504
0 0.5066803699897225 0.3632162661737523 0.5077081192189106 0.37430683918669133 0.5200411099691675 0.3807763401109057 0.5282631038026722 0.38170055452865065 0.5364850976361768 0.37615526802218113 0.5334018499486125 0.35951940850277264 0.526207605344296 0.3539741219963031 0.5149023638232272 0.35304990757855825
0 0.42034943473792397 0.3909426987060998 0.4193216855087359 0.4020332717190388 0.4265159301130524 0.41312384473197783 0.4409044193216855 0.41866913123844735 0.45323741007194246 0.41404805914972276 0.4573484069886948 0.4029574861367837 0.44912641315519014 0.39186691312384475 0.43268242548818087 0.38724584103512016
0 0.4141829393627955 0.42606284658040666 0.4141829393627955 0.4399260628465804 0.42137718396711205 0.4463955637707948 0.43268242548818087 0.44731977818853974 0.447070914696814 0.43530499075785584 0.447070914696814 0.42791127541589646 0.4419321685508736 0.4232902033271719 0.42754367934224047 0.42051756007393715
0 0.3391572456320658 0.45471349353049906 0.3381294964028777 0.46487985212569316 0.34532374100719426 0.4852125693160813 0.3617677286742035 0.4898336414048059 0.381294964028777 0.48151571164510165 0.3854059609455293 0.4611829944547135 0.3771839671120247 0.4510166358595194 0.35765673175745116 0.44731977818853974 0.3484069886947585 0.44824399260628467
0 0.31551901336073995 0.4944547134935305 0.31654676258992803 0.511090573012939 0.32682425488180883 0.5203327171903882 0.34121274409044194 0.5240295748613678 0.35765673175745116 0.5157116451016636 0.3597122302158273 0.5027726432532348 0.35149023638232274 0.4944547134935305 0.33093525179856115 0.48706099815157117 0.31963001027749227 0.488909426987061
0 0.3237410071942446 0.533271719038817 0.32168550873586843 0.544362292051756 0.32682425488180883 0.5499075785582255 0.33607399794450155 0.5508317929759704 0.3432682425488181 0.5452865064695009 0.3432682425488181 0.5360443622920518 0.3381294964028777 0.5295748613678374 0.33093525179856115 0.5286506469500925
0 0.2970195272353546 0.5166358595194085 0.29290853031860226 0.5184842883548983 0.2959917780061665 0.533271719038817 0.30318602261048305 0.5369685767097967 0.31449126413155193 0.5351201478743068 0.3186022610483042 0.5286506469500925 0.3175745118191161 0.5212569316081331
0 0.27646454265159304 0.46950092421441775 0.2774922918807811 0.4787430683918669 0.289825282631038 0.49168207024029575 0.302158273381295 0.4926062846580407 0.3103802672147996 0.4879852125693161 0.30935251798561153 0.47504621072088726 0.29804727646454265 0.466728280961183 0.28365878725590954 0.46487985212569316
0 0.289825282631038 0.43807763401109057 0.28879753340184994 0.45286506469500926 0.2959917780061665 0.4630314232902033 0.31551901336073995 0.466728280961183 0.3278520041109969 0.46210720887245843 0.32990750256937307 0.44731977818853974 0.3237410071942446 0.43622920517560076 0.3001027749229188 0.43253234750462105
0 0.37923946557040084 0.3974121996303142 0.3823227132579651 0.41589648798521256 0.394655704008222 0.4269870609981516 0.40493319630010277 0.42791127541589646 0.41109969167523125 0.4214417744916821 0.4141829393627955 0.40850277264325324 0.41007194244604317 0.3927911275415896 0.39671120246659813 0.38909426987060997
0 0.2970195272353546 0.39926062846580407 0.29907502569373073 0.41497227356746763 0.30935251798561153 0.42513863216266173 0.32476875642343267 0.43253234750462105 0.34121274409044194 0.4297597042513863 0.35354573484069884 0.4195933456561922 0.3494347379239466 0.39833641404805914 0.3381294964028777 0.3900184842883549 0.31963001027749227 0.38909426987060997
0 0.2579650565262076 0.49630314232902034 0.25590955806783144 0.5129390018484289 0.26002055498458376 0.522181146025878 0.2692702980472765 0.5249537892791127 0.2867420349434738 0.5175600739371534 0.2857142857142857 0.49907578558225507 0.2723535457348407 0.49168207024029575 0.2641315519013361 0.49168207024029575
0 0.35251798561151076 0.37615526802218113 0.3494347379239466 0.38724584103512016 0.3566289825282631 0.3974121996303142 0.3771839671120247 0.39186691312384475 0.37821171634121276 0.3798521256931608 0.37307297019527236 0.37615526802218113 0.3648509763617677 0.3724584103512015 0.3566289825282631 0.3724584103512015
0 0.3597122302158273 0.4242144177449168 0.35868448098663924 0.433456561922366 0.36279547790339156 0.4399260628465804 0.3761562178828366 0.4408502772643253 0.3864337101747174 0.43253234750462105 0.3864337101747174 0.42513863216266173 0.37923946557040084 0.4195933456561922 0.3658787255909558 0.4195933456561922
0 0.4193216855087359 0.34842883548983367 0.4182939362795478 0.36044362292051757 0.4234326824254882 0.36968576709796674 0.4367934224049332 0.3687615526802218 0.4419321685508736 0.3585951940850277 0.4367934224049332 0.34473197781885395 0.42754367934224047 0.3419593345656192
0 0.4501541623843782 0.3299445471349353 0.4501541623843782 0.33826247689463956 0.4573484069886948 0.34935304990757854 0.4686536485097636 0.35304990757855825 0.4850976361767729 0.34935304990757854 0.4850976361767729 0.33733826247689463 0.47687564234326824 0.32809611829944546 0.45940390544707094 0.3243992606284658
0 0.36896197327852004 0.333641404805915 0.3699897225077081 0.34935304990757854 0.39054470709146966 0.3585951940850277 0.40493319630010277 0.355822550831793 0.41521068859198357 0.33733826247689463 0.4141829393627955 0.3299445471349353 0.3997944501541624 0.32255083179297594 0.3823227132579651 0.3234750462107209
0 0.42034943473792397 0.2744916820702403 0.4182939362795478 0.2929759704251386 0.4244604316546763 0.30129390018484287 0.43782117163412126 0.30591497227356745 0.45323741007194246 0.29852125693160814 0.45426515930113054 0.2846580406654344 0.4460431654676259 0.2744916820702403 0.43371017471736895 0.2707948243992606
0 0.4182939362795478 0.3123844731977819 0.41623843782117165 0.3243992606284658 0.42857142857142855 0.3317929759704251 0.447070914696814 0.3243992606284658 0.4398766700924974 0.3123844731977819
0 0.48715313463514903 0.3142329020332717 0.4840698869475848 0.32255083179297594 0.49023638232271327 0.3364140480591497 0.499486125385406 0.34288354898336415 0.512846865364851 0.3419593345656192 0.5179856115107914 0.333641404805915 0.5118191161356629 0.32162661737523107 0.4984583761562179 0.3123844731977819
0 0.5231243576567317 0.32255083179297594 0.5282631038026722 0.33271719038817005 0.5344295991778006 0.3345656192236599 0.5405960945529291 0.33086876155268025 0.538540596094553 0.3197781885397412 0.5292908530318602 0.3179297597042514
0 0.5477903391572456 0.34011090573012936 0.5498458376156218 0.35304990757855825 0.5601233299075026 0.355822550831793 0.566289825282631 0.3521256931608133 0.5683453237410072 0.34473197781885395 0.5632065775950668 0.33826247689463956 0.5539568345323741 0.3364140480591497
0 0.38335046248715315 0.2902033271719039 0.3823227132579651 0.2975970425138632 0.3895169578622816 0.3077634011090573 0.3987667009249743 0.31146025878003697 0.41007194244604317 0.3077634011090573 0.4131551901336074 0.29944547134935307 0.40698869475847893 0.2874306839186691 0.3926002055498458 0.2846580406654344
0 0.44809866392600206 0.37430683918669133 0.44912641315519014 0.3835489833641405 0.46557040082219936 0.400184842883549 0.4881808838643371 0.3955637707948244 0.5005138746145941 0.378003696857671 0.49640287769784175 0.36414048059149723 0.48201438848920863 0.3576709796672828 0.460431654676259 0.35951940850277264
0 0.6361767728674204 0.422365988909427 0.6361767728674204 0.43530499075785584 0.644398766700925 0.4454713493530499 0.6546762589928058 0.4463955637707948 0.6618705035971223 0.44269870609981515 0.6628982528263104 0.43068391866913125 0.6515930113052415 0.4177449168207024 0.644398766700925 0.41589648798521256
0 0.6526207605344296 0.455637707948244 0.6495375128468653 0.4611829944547135 0.6526207605344296 0.47689463955637706 0.6680369989722508 0.4852125693160813 0.6783144912641316 0.48151571164510165 0.6824254881808839 0.4722735674676525 0.6783144912641316 0.45471349353049906 0.6628982528263104 0.4491682070240296
0 0.6258992805755396 0.45286506469500926 0.6248715313463515 0.4602587800369686 0.6289825282631039 0.4658040665434381 0.6372045220966084 0.466728280961183 0.6433710174717369 0.4630314232902033 0.644398766700925 0.45286506469500926 0.6402877697841727 0.44824399260628467 0.632065775950668 0.44731977818853974
0 0.632065775950668 0.4722735674676525 0.632065775950668 0.48151571164510165 0.6402877697841727 0.48151571164510165 0.644398766700925 0.47689463955637706 0.6402877697841727 0.4704251386321627
0 0.6382322713257965 0.4879852125693161 0.6382322713257965 0.49815157116451014 0.6433710174717369 0.5055452865064695 0.6505652620760535 0.511090573012939 0.65775950668037 0.5092421441774492 0.6598150051387461 0.4953789279112754 0.656731757451182 0.488909426987061 0.6474820143884892 0.48428835489833644
0 0.6546762589928058 0.5175600739371534 0.6495375128468653 0.522181146025878 0.6495375128468653 0.5286506469500925 0.656731757451182 0.5351201478743068 0.6680369989722508 0.5360443622920518 0.6680369989722508 0.5240295748613678 0.6608427543679343 0.5175600739371534
0 0.6659815005138746 0.5471349353049908 0.6659815005138746 0.5582255083179297 0.6772867420349434 0.5646950092421442 0.6803699897225077 0.5609981515711645 0.6783144912641316 0.5471349353049908
0 0.5190133607399794 0.48706099815157117 0.5179856115107914 0.4944547134935305 0.5251798561151079 0.5083179297597042 0.5313463514902363 0.512014787430684 0.5426515930113053 0.5083179297597042 0.5447070914696814 0.5 0.5375128468653648 0.49168207024029575 0.5282631038026722 0.48428835489833644
0 0.5447070914696814 0.5157116451016636 0.5436793422404933 0.522181146025878 0.5498458376156218 0.532347504621072 0.5642343268242549 0.532347504621072 0.566289825282631 0.5212569316081331 0.5621788283658787 0.5166358595194085
0 0.6742034943473793 0.4898336414048059 0.6700924974306269 0.49353049907578556 0.671120246659815 0.5018484288354899 0.6752312435765673 0.5092421441774492 0.68448098663926 0.5138632162661737 0.6947584789311408 0.5046210720887245 0.6937307297019527 0.4944547134935305 0.6865364850976362 0.488909426987061
0 0.7029804727646455 0.5 0.7019527235354573 0.5092421441774492 0.71120246659815 0.5157116451016636 0.7163412127440905 0.5157116451016636 0.723535457348407 0.5083179297597042 0.7163412127440905 0.49630314232902034
0 0.6896197327852004 0.46950092421441775 0.6885919835560124 0.47689463955637706 0.6947584789311408 0.4879852125693161 0.7019527235354573 0.4907578558225508 0.7132579650565262 0.488909426987061 0.7142857142857143 0.477818853974122 0.7060637204522097 0.4676524953789279 0.6957862281603289 0.46487985212569316
0 0.7225077081192189 0.5203327171903882 0.7225077081192189 0.533271719038817 0.736896197327852 0.5378927911275416 0.7420349434737924 0.5314232902033271 0.7399794450154162 0.5231053604436229 0.7307297019527236 0.5166358595194085
0 0.7183967112024666 0.5462107208872459 0.7173689619732785 0.5600739371534196 0.7307297019527236 0.5656192236598891 0.7338129496402878 0.5609981515711645 0.7327852004110997 0.5452865064695009 0.7214799588900308 0.5425138632162662
0 0.7399794450154162 0.5462107208872459 0.7399794450154162 0.5628465804066544 0.7440904419321686 0.5683918669131238 0.750256937307297 0.5683918669131238 0.7564234326824255 0.5591497227356746 0.7564234326824255 0.5415896487985212 0.7482014388489209 0.5378927911275416
0 0.4295991778006166 0.6349353049907579 0.42857142857142855 0.6414048059149723 0.434737923946557 0.6487985212569316 0.4511819116135663 0.6497227356746765 0.45837615621788286 0.6432532347504621 0.45940390544707094 0.6284658040665434 0.45426515930113054 0.621996303142329 0.4419321685508736 0.6210720887245841 0.43371017471736895 0.6256931608133087
0 0.5035971223021583 0.678373382624769 0.5025693730729702 0.6885397412199631 0.5077081192189106 0.6977818853974121 0.513874614594039 0.7024029574861368 0.5251798561151079 0.7014787430683919 0.527235354573484 0.6950092421441775 0.5179856115107914 0.6792975970425139 0.512846865364851 0.6765249537892791
0 0.6742034943473793 0.6025878003696857 0.6700924974306269 0.6081330868761553 0.6731757451181911 0.6155268022181146 0.6865364850976362 0.6155268022181146 0.6937307297019527 0.6081330868761553 0.6916752312435765 0.5998151571164511 0.6865364850976362 0.5979667282809612
0 0.7194244604316546 0.6266173752310537 0.7194244604316546 0.6414048059149723 0.7255909558067831 0.6460258780036968 0.7379239465570401 0.6469500924214417 0.7420349434737924 0.6423290203327172 0.7410071942446043 0.6312384473197782 0.7286742034943474 0.621996303142329
0 0.7471736896197327 0.6192236598890942 0.7471736896197327 0.6321626617375231 0.7533401849948612 0.6395563770794824 0.7584789311408017 0.6395563770794824 0.7646454265159301 0.6303142329020333 0.7615621788283659 0.6210720887245841 0.7523124357656732 0.6155268022181146
0 0.7307297019527236 0.6081330868761553 0.7338129496402878 0.6192236598890942 0.7410071942446043 0.6201478743068392 0.7440904419321686 0.6146025878003697 0.7410071942446043 0.6044362292051756 0.7338129496402878 0.6016635859519408
0 0.7677286742034943 0.6404805914972274 0.7667009249743063 0.6487985212569316 0.774922918807811 0.6608133086876156 0.7862281603288798 0.6626617375231053 0.7944501541623844 0.6580406654343808 0.7944501541623844 0.6478743068391867 0.7852004110996916 0.6367837338262476 0.775950668036999 0.6358595194085028
0 0.6145940390544707 0.7319778188539742 0.6156217882836588 0.7486136783733827 0.6228160328879754 0.7569316081330869 0.6310380267214799 0.7578558225508318 0.6351490236382322 0.7541589648798521 0.6351490236382322 0.7347504621072088 0.6217882836587872 0.7282809611829945
0 0.6464542651593012 0.7144177449168208 0.645426515930113 0.7310536044362292 0.65775950668037 0.7319778188539742 0.6639260020554985 0.7218114602587801 0.6628982528263104 0.7125693160813309 0.6557040082219938 0.710720887245841
0 0.49640287769784175 0.7273567467652495 0.4943473792394656 0.7402957486136784 0.49743062692702983 0.7467652495378928 0.5046248715313464 0.7513863216266173 0.5179856115107914 0.7504621072088724 0.5231243576567317 0.7421441774491682 0.5190133607399794 0.7282809611829945 0.5077081192189106 0.7245841035120147
0 0.460431654676259 0.743992606284658 0.460431654676259 0.7578558225508318 0.46659815005138744 0.7643253234750462 0.47687564234326824 0.7661737523105361 0.4840698869475848 0.7587800369685767 0.48098663926002055 0.7486136783733827 0.47173689619732784 0.7412199630314233
0 0.5190133607399794 0.5794824399260629 0.5200411099691675 0.588724584103512 0.5282631038026722 0.5924214417744916 0.538540596094553 0.589648798521257 0.539568345323741 0.577634011090573 0.5344295991778006 0.5739371534195934 0.5251798561151079 0.5711645101663586
0 0.7482014388489209 0.46487985212569316 0.7461459403905447 0.47412199630314233 0.7564234326824255 0.4852125693160813 0.7769784172661871 0.47689463955637706 0.7769784172661871 0.4658040665434381 0.7667009249743063 0.455637707948244 0.7615621788283659 0.45471349353049906
0 0.7595066803699897 0.49168207024029575 0.7584789311408017 0.49815157116451014 0.7646454265159301 0.5055452865064695 0.7841726618705036 0.4953789279112754 0.7790339157245632 0.4852125693160813 0.7656731757451182 0.48706099815157117
0 0.7677286742034943 0.5101663585951941 0.7677286742034943 0.5184842883548983 0.775950668036999 0.5268022181146026 0.7821171634121274 0.5268022181146026 0.7954779033915724 0.5147874306839186 0.7882836587872559 0.5036968576709797
0 0.7882836587872559 0.5277264325323475 0.7882836587872559 0.5378927911275416 0.8047276464542652 0.5360443622920518 0.8047276464542652 0.5295748613678374 0.7995889003083247 0.5240295748613678
0 0.7872559095580678 0.5471349353049908 0.7862281603288798 0.55637707948244 0.7923946557040082 0.5637707948243993 0.8088386433710175 0.55637707948244 0.8098663926002055 0.5489833641404805 0.8036998972250771 0.5415896487985212 0.7934224049331963 0.5425138632162662
0 0.7944501541623844 0.5683918669131238 0.7965056526207606 0.5804066543438078 0.8036998972250771 0.5841035120147874 0.8191161356628982 0.5739371534195934 0.8139773895169579 0.5637707948243993
0 0.8047276464542652 0.589648798521257 0.8047276464542652 0.5979667282809612 0.8139773895169579 0.6062846580406654 0.8304213771839671 0.5988909426987061 0.8314491264131552 0.5914972273567468 0.8242548818088387 0.5822550831792976 0.8150051387461459 0.5822550831792976
0 0.8078108941418294 0.6155268022181146 0.8067831449126414 0.6266173752310537 0.817060637204522 0.6432532347504621 0.8345323741007195 0.6451016635859519 0.8437821171634121 0.6395563770794824 0.8458376156217883 0.6229205175600739 0.8355601233299075 0.6090573012939002 0.8273381294964028 0.6062846580406654
0 0.8386433710174718 0.6478743068391867 0.8376156217882836 0.6524953789279113 0.8448098663926003 0.6617375231053605 0.8530318602261048 0.6617375231053605 0.8602261048304214 0.6543438077634011 0.8591983556012333 0.6451016635859519 0.8520041109969168 0.6404805914972274
0 0.8386433710174718 0.6700554528650647 0.8376156217882836 0.6829944547134935 0.8448098663926003 0.6913123844731978 0.8622816032887975 0.6894639556377079 0.8705035971223022 0.6820702402957486 0.8705035971223022 0.6691312384473198 0.8530318602261048 0.6654343807763401
0 0.8468653648509764 0.7005545286506469 0.8458376156217883 0.7134935304990758 0.8489208633093526 0.7171903881700554 0.8591983556012333 0.7171903881700554 0.8715313463514902 0.7097966728280961 0.8715313463514902 0.7024029574861368 0.8653648509763617 0.6968576709796673 0.8530318602261048 0.6968576709796673
0 0.8550873586844809 0.7264325323475046 0.8550873586844809 0.7347504621072088 0.8612538540596094 0.7412199630314233 0.8674203494347379 0.7412199630314233 0.8787255909558068 0.7338262476894639 0.880781089414183 0.7236598890942699 0.869475847893114 0.7181146025878004
0 0.789311408016444 0.6987060998151571 0.7913669064748201 0.711645101663586 0.802672147995889 0.7153419593345656 0.8057553956834532 0.7051756007393716 0.8016443987667009 0.6959334565619224 0.7934224049331963 0.6940850277264325
0 0.763617677286742 0.6866913123844732 0.7646454265159301 0.7005545286506469 0.775950668036999 0.7033271719038817 0.7841726618705036 0.699630314232902 0.7862281603288798 0.6885397412199631 0.7810894141829393 0.6829944547134935 0.7728674203494348 0.6811460258780037
0 0.7656731757451182 0.7079482439926063 0.7656731757451182 0.7162661737523105 0.775950668036999 0.7255083179297597 0.7862281603288798 0.7264325323475046 0.789311408016444 0.7236598890942699 0.7821171634121274 0.710720887245841
0 0.7482014388489209 0.6469500924214417 0.7461459403905447 0.6543438077634011 0.7492291880781089 0.6598890942698706 0.7584789311408017 0.6598890942698706 0.7574511819116135 0.6506469500924215
0 0.8242548818088387 0.7661737523105361 0.8221993833504625 0.7800369685767098 0.829393627954779 0.7939001848428835 0.8458376156217883 0.7957486136783734 0.8489208633093526 0.7902033271719039 0.8468653648509764 0.7754158964879853 0.8314491264131552 0.7652495378927912
0 0.7358684480986639 0.8068391866913124 0.7358684480986639 0.8234750462107209 0.7430626927029804 0.8354898336414048 0.763617677286742 0.833641404805915 0.7728674203494348 0.8271719038817006 0.774922918807811 0.8114602587800369 0.7656731757451182 0.7948243992606284 0.7471736896197327 0.7939001848428835
0 0.7070914696813977 0.822550831792976 0.7060637204522097 0.8364140480591498 0.7091469681397738 0.8401109057301294 0.7194244604316546 0.8382624768946395 0.7286742034943474 0.8271719038817006 0.7276464542651593 0.8170055452865065 0.7204522096608428 0.8133086876155268 0.7122302158273381 0.8151571164510166
0 0.6731757451181911 0.8622920517560074 0.6742034943473793 0.8752310536044362 0.6803699897225077 0.8817005545286506 0.6865364850976362 0.8807763401109058 0.6927029804727647 0.8715341959334566 0.6916752312435765 0.8632162661737524 0.6855087358684481 0.8576709796672828
0 0.6762589928057554 0.890018484288355 0.6742034943473793 0.9029574861367837 0.6783144912641316 0.9131238447319778 0.6906474820143885 0.9251386321626618 0.7060637204522097 0.9242144177449169 0.7142857142857143 0.9094269870609981 0.7132579650565262 0.8955637707948244 0.697841726618705 0.8863216266173752
0 0.7852004110996916 0.7929759704251387 0.7831449126413155 0.8059149722735675 0.7923946557040082 0.8123844731977818 0.8016443987667009 0.8114602587800369 0.8067831449126414 0.8031423290203327 0.8036998972250771 0.7874306839186691 0.7954779033915724 0.7828096118299446
0 0.7841726618705036 0.822550831792976 0.7831449126413155 0.8290203327171903 0.7934224049331963 0.8391866913123844 0.8098663926002055 0.8354898336414048 0.8108941418293937 0.8253234750462107 0.8057553956834532 0.8197781885397413 0.7934224049331963 0.8179297597042514
0 0.8201438848920863 0.8197781885397413 0.8191161356628982 0.8290203327171903 0.8232271325796505 0.8317929759704251 0.8345323741007195 0.8280961182994455 0.8345323741007195 0.8170055452865065 0.8273381294964028 0.8151571164510166
0 0.8437821171634121 0.8142329020332717 0.8427543679342241 0.8253234750462107 0.8520041109969168 0.8308687615526802 0.8591983556012333 0.8207024029574861 0.8591983556012333 0.8133086876155268 0.8509763617677287 0.8105360443622921
0 0.8345323741007195 0.8354898336414048 0.8335046248715313 0.8465804066543438 0.8396711202466598 0.8512014787430684 0.8448098663926003 0.8502772643253235 0.8458376156217883 0.8364140480591498 0.841726618705036 0.833641404805915
0 0.8561151079136691 0.8354898336414048 0.8561151079136691 0.8465804066543438 0.8653648509763617 0.8512014787430684 0.869475847893114 0.8382624768946395 0.8633093525179856 0.83271719038817
0 0.9033915724563206 0.8040665434380776 0.9033915724563206 0.8142329020332717 0.9116135662898253 0.822550831792976 0.9177800616649537 0.8234750462107209 0.9311408016443987 0.8170055452865065 0.9321685508735869 0.8096118299445472 0.9270298047276464 0.8022181146025879 0.9075025693730729 0.8012939001848429
0 0.9064748201438849 0.7818853974121996 0.9105858170606372 0.7966728280961183 0.9280575539568345 0.7948243992606284 0.9290853031860226 0.7855822550831792 0.9239465570400822 0.7791127541589649 0.9116135662898253 0.777264325323475
0 0.895169578622816 0.7680221811460258 0.8910585817060637 0.7754158964879853 0.8972250770811921 0.7809611829944547 0.9075025693730729 0.7763401109057301 0.9116135662898253 0.7689463955637708 0.9085303186022611 0.7652495378927912
0 0.8776978417266187 0.7624768946395564 0.8756423432682425 0.7652495378927912 0.8797533401849948 0.7707948243992606 0.8869475847893115 0.7707948243992606 0.8920863309352518 0.7652495378927912 0.8869475847893115 0.7569316081330869
0 0.8674203494347379 0.744916820702403 0.8643371017471737 0.7476894639556377 0.8663926002055499 0.755083179297597 0.8766700924974307 0.7587800369685767 0.880781089414183 0.7495378927911276 0.8735868448098664 0.743992606284658
0 0.802672147995889 0.7652495378927912 0.802672147995889 0.7791127541589649 0.8067831449126414 0.7837338262476895 0.8139773895169579 0.7837338262476895 0.8139773895169579 0.7652495378927912
0 0.8550873586844809 0.7744916820702403 0.8571428571428571 0.7874306839186691 0.8663926002055499 0.7902033271719039 0.8705035971223022 0.7846580406654344 0.869475847893114 0.7763401109057301 0.8633093525179856 0.7717190388170055
0 0.8355601233299075 0.7495378927911276 0.8345323741007195 0.755083179297597 0.8448098663926003 0.7661737523105361 0.8520041109969168 0.7680221811460258 0.8561151079136691 0.7652495378927912 0.8561151079136691 0.7606284658040665 0.8478931140801644 0.7532347504621072
0 0.8468653648509764 0.7375231053604436 0.8437821171634121 0.7402957486136784 0.8458376156217883 0.7467652495378928 0.8550873586844809 0.7541589648798521 0.8591983556012333 0.7532347504621072 0.8602261048304214 0.744916820702403 0.8520041109969168 0.7375231053604436
0 0.8920863309352518 0.8253234750462107 0.8920863309352518 0.8382624768946395 0.9064748201438849 0.8410351201478743 0.9095580678314491 0.8271719038817006 0.9044193216855088 0.8234750462107209
0 0.9157245632065776 0.8299445471349353 0.9136690647482014 0.8419593345656192 0.9218910585817061 0.8502772643253235 0.9373072970195272 0.8475046210720887 0.9403905447070915 0.83271719038817 0.935251798561151 0.8262476894639557 0.9249743062692704 0.8253234750462107
0 0.8180883864337102 0.8567467652495379 0.8180883864337102 0.8761552680221811 0.8273381294964028 0.8807763401109058 0.8376156217882836 0.8789279112754159 0.8427543679342241 0.8706099815157117 0.8396711202466598 0.8558225508317929 0.8252826310380267 0.8530499075785583
0 0.7584789311408017 0.8539741219963032 0.7574511819116135 0.8641404805914972 0.763617677286742 0.8706099815157117 0.7718396711202467 0.8724584103512015 0.7821171634121274 0.866913123844732 0.7852004110996916 0.8512014787430684 0.7790339157245632 0.844731977818854 0.7687564234326825 0.8428835489833642
0 0.7975334018499486 0.8475046210720887 0.7975334018499486 0.8585951940850277 0.8098663926002055 0.8595194085027726 0.8108941418293937 0.8475046210720887 0.8067831449126414 0.844731977818854
0 0.8653648509763617 0.8595194085027726 0.8663926002055499 0.8706099815157117 0.8746145940390545 0.8715341959334566 0.8776978417266187 0.8622920517560074
0 0.7461459403905447 0.8927911275415896 0.7451181911613566 0.9048059149722736 0.7543679342240494 0.9168207024029574 0.7697841726618705 0.9121996303142329 0.7738951695786228 0.8946395563770795 0.7677286742034943 0.8863216266173752 0.7543679342240494 0.8863216266173752
0 0.7852004110996916 0.8798521256931608 0.7872559095580678 0.8909426987060998 0.8036998972250771 0.8918669131238447 0.8119218910585817 0.8798521256931608 0.8098663926002055 0.8687615526802218 0.7975334018499486 0.865988909426987 0.7903391572456321 0.8696857670979667
0 0.7852004110996916 0.9066543438077634 0.7852004110996916 0.9158964879852126 0.7934224049331963 0.9242144177449169 0.802672147995889 0.9232902033271719 0.8119218910585817 0.9085027726432532 0.8098663926002055 0.9020332717190388 0.802672147995889 0.8974121996303143 0.7923946557040082 0.899260628465804
0 0.7225077081192189 0.9001848428835489 0.7214799588900308 0.911275415896488 0.7307297019527236 0.9168207024029574 0.736896197327852 0.9038817005545287 0.7317574511819116 0.8983364140480592
0 0.7286742034943474 0.9269870609981515 0.7276464542651593 0.9426987060998152 0.736896197327852 0.9537892791127541 0.7512846865364851 0.9547134935304991 0.7584789311408017 0.9500924214417745 0.7605344295991778 0.9325323475046211 0.7553956834532374 0.9214417744916821 0.7358684480986639 0.9195933456561922
0 0.7656731757451182 0.9491682070240296 0.7687564234326825 0.9713493530499075 0.7862281603288798 0.9741219963031423 0.7913669064748201 0.9639556377079482 0.7862281603288798 0.94362292051756 0.7708119218910586 0.9417744916820703
0 0.6865364850976362 0.9408502772643254 0.6855087358684481 0.9510166358595195 0.6916752312435765 0.9713493530499075 0.7050359712230215 0.9787430683918669 0.7142857142857143 0.9750462107208873 0.723535457348407 0.9630314232902033 0.7245632065775951 0.9491682070240296 0.7204522096608428 0.9390018484288355 0.71120246659815 0.9325323475046211 0.6988694758478932 0.9325323475046211
0 0.7286742034943474 0.9704251386321626 0.7286742034943474 0.9842883548983364 0.736896197327852 0.9944547134935305 0.7482014388489209 0.9944547134935305 0.7533401849948612 0.9907578558225508 0.7574511819116135 0.9768946395563771 0.7512846865364851 0.9630314232902033 0.7379239465570401 0.9621072088724584
0 0.6485097636176773 0.9473197781885397 0.6485097636176773 0.9621072088724584 0.6598150051387461 0.9787430683918669 0.6659815005138746 0.9824399260628466 0.6783144912641316 0.9805914972273567 0.6813977389516958 0.967652495378928 0.6762589928057554 0.9454713493530499 0.6598150051387461 0.9371534195933456
0 0.6115107913669064 0.9519408502772643 0.6104830421377184 0.9593345656192237 0.6166495375128469 0.9685767097966729 0.6238437821171634 0.9713493530499075 0.6351490236382322 0.9685767097966729 0.6402877697841727 0.9491682070240296 0.6361767728674204 0.9408502772643254 0.6238437821171634 0.9399260628465804
0 0.7995889003083247 0.9639556377079482 0.7995889003083247 0.9852125693160814 0.8067831449126414 0.9916820702402958 0.8180883864337102 0.9926062846580407 0.8242548818088387 0.9852125693160814 0.8211716341212744 0.9685767097966729 0.8119218910585817 0.9621072088724584
0 0.8468653648509764 0.9528650646950092 0.8427543679342241 0.9602587800369686 0.8437821171634121 0.9685767097966729 0.8530318602261048 0.9713493530499075 0.8581706063720452 0.9639556377079482 0.8581706063720452 0.955637707948244 0.8550873586844809 0.9519408502772643
0 0.579650565262076 0.8826247689463955 0.579650565262076 0.899260628465804 0.590955806783145 0.9066543438077634 0.6002055498458376 0.9066543438077634 0.6104830421377184 0.8937153419593346 0.6063720452209661 0.8798521256931608 0.5991778006166495 0.8752310536044362 0.5899280575539568 0.8752310536044362
0 0.5775950668036999 0.9269870609981515 0.5775950668036999 0.9426987060998152 0.5847893114080165 0.9510166358595195 0.5950668036998972 0.9537892791127541 0.6063720452209661 0.9491682070240296 0.6115107913669064 0.9362292051756007 0.6115107913669064 0.9214417744916821 0.605344295991778 0.9140480591497228 0.5899280575539568 0.9168207024029574
0 0.6156217882836588 0.8391866913123844 0.6125385405960946 0.8493530499075785 0.6176772867420349 0.8632162661737524 0.6258992805755396 0.8678373382624769 0.6351490236382322 0.866913123844732 0.6413155190133607 0.8595194085027726 0.6423432682425488 0.8484288354898336 0.632065775950668 0.8373382624768947
0 0.5827338129496403 0.8521256931608133 0.5827338129496403 0.8585951940850277 0.5899280575539568 0.866913123844732 0.6032887975334018 0.8696857670979667 0.6094552929085303 0.8650646950092421 0.6084275436793423 0.8539741219963032 0.6012332990750257 0.8438077634011091 0.591983556012333 0.8438077634011091
0 0.5323741007194245 0.8724584103512015 0.5334018499486125 0.8789279112754159 0.5436793422404933 0.8844731977818854 0.5519013360739979 0.8798521256931608 0.5508735868448099 0.865988909426987 0.5436793422404933 0.8604436229205176 0.5375128468653648 0.8622920517560074
0 0.5457348406988695 0.9177449168207024 0.5436793422404933 0.9288354898336414 0.5467625899280576 0.9362292051756007 0.5539568345323741 0.9408502772643254 0.5632065775950668 0.9399260628465804 0.5683453237410072 0.933456561922366 0.5642343268242549 0.9149722735674677 0.5560123329907503 0.9121996303142329
0 0.5477903391572456 0.8881700554528651 0.5488180883864338 0.9001848428835489 0.5601233299075026 0.9038817005545287 0.5652620760534429 0.8974121996303143 0.5642343268242549 0.8863216266173752 0.5601233299075026 0.8835489833641405
0 0.5971223021582733 0.7781885397412199 0.5971223021582733 0.789279112754159 0.6125385405960946 0.7975970425138632 0.6145940390544707 0.7828096118299446 0.6022610483042138 0.7744916820702403
0 0.5005138746145941 0.8160813308687616 0.5025693730729702 0.8290203327171903 0.5097636176772867 0.8345656192236599 0.5159301130524152 0.8345656192236599 0.5220966084275437 0.8234750462107209 0.5149023638232272 0.8086876155268022 0.5097636176772867 0.8068391866913124
0 0.48201438848920863 0.777264325323475 0.48612538540596095 0.7929759704251387 0.49640287769784175 0.7939001848428835 0.5035971223021583 0.789279112754159 0.49743062692702983 0.7791127541589649 0.49023638232271327 0.7754158964879853
0 0.5508735868448099 0.7504621072088724 0.5508735868448099 0.7606284658040665 0.5560123329907503 0.767097966728281 0.5673175745118191 0.7698706099815157 0.5734840698869476 0.7661737523105361 0.5734840698869476 0.7504621072088724 0.5611510791366906 0.744916820702403
0 0.5169578622816033 0.7680221811460258 0.5210688591983555 0.7828096118299446 0.5313463514902363 0.7855822550831792 0.5344295991778006 0.7744916820702403 0.5303186022610483 0.7661737523105361 0.5251798561151079 0.7643253234750462
0 0.8427543679342241 0.8817005545286506 0.8376156217882836 0.8863216266173752 0.8376156217882836 0.8955637707948244 0.8427543679342241 0.9038817005545287 0.8489208633093526 0.9048059149722736 0.8561151079136691 0.8983364140480592 0.8561151079136691 0.8872458410351202 0.8499486125385406 0.8807763401109058
0 0.8129496402877698 0.88909426987061 0.816032887975334 0.9011090573012939 0.8242548818088387 0.9011090573012939 0.829393627954779 0.8937153419593346 0.828365878725591 0.8863216266173752 0.817060637204522 0.8844731977818854
0 0.8211716341212744 0.9140480591497228 0.8221993833504625 0.9232902033271719 0.829393627954779 0.9242144177449169 0.8335046248715313 0.9075785582255084 0.8273381294964028 0.9066543438077634
0 0.8489208633093526 0.9140480591497228 0.8468653648509764 0.9242144177449169 0.8509763617677287 0.9297597042513863 0.8561151079136691 0.9297597042513863 0.8591983556012333 0.9177449168207024
0 0.8715313463514902 0.9205175600739371 0.8674203494347379 0.9242144177449169 0.868448098663926 0.9353049907578558 0.8746145940390545 0.9380776340110906 0.881808838643371 0.9362292051756007 0.8838643371017472 0.922365988909427
0 0.8705035971223022 0.944547134935305 0.8653648509763617 0.9547134935304991 0.8766700924974307 0.9621072088724584 0.880781089414183 0.9584103512014788 0.880781089414183 0.9482439926062847
0 0.8838643371017472 0.8863216266173752 0.880781089414183 0.88909426987061 0.8828365878725591 0.899260628465804 0.894141829393628 0.9001848428835489 0.8961973278520041 0.8872458410351202 0.8910585817060637 0.8844731977818854
0 0.8653648509763617 0.8798521256931608 0.8622816032887975 0.8826247689463955 0.8643371017471737 0.8909426987060998 0.8735868448098664 0.8937153419593346 0.8735868448098664 0.8826247689463955
0 0.8633093525179856 0.9011090573012939 0.8622816032887975 0.910351201478743 0.8663926002055499 0.9149722735674677 0.8766700924974307 0.9057301293900185 0.8705035971223022 0.8983364140480592
0 0.8982528263103803 0.8484288354898336 0.8972250770811921 0.8530499075785583 0.9023638232271326 0.8595194085027726 0.9085303186022611 0.8613678373382625 0.9146968139773896 0.8576709796672828 0.9157245632065776 0.8521256931608133 0.9095580678314491 0.8465804066543438
0 0.9198355601233299 0.8558225508317929 0.9177800616649537 0.8641404805914972 0.920863309352518 0.8678373382624769 0.9301130524152107 0.8696857670979667 0.9383350462487153 0.865988909426987 0.9373072970195272 0.8604436229205176 0.9280575539568345 0.8530499075785583
0 0.8787255909558068 0.8465804066543438 0.880781089414183 0.8567467652495379 0.8920863309352518 0.8548983364140481 0.8910585817060637 0.8456561922365989
0 0.8931140801644398 0.788354898336414 0.8910585817060637 0.7939001848428835 0.895169578622816 0.7985212569316081 0.9064748201438849 0.7966728280961183 0.9003083247687564 0.789279112754159
0 0.8119218910585817 0.8049907578558225 0.8119218910585817 0.8142329020332717 0.8191161356628982 0.8142329020332717 0.8221993833504625 0.8068391866913124
0 0.8150051387461459 0.788354898336414 0.8119218910585817 0.7966728280961183 0.8211716341212744 0.800369685767098 0.8242548818088387 0.7920517560073937
0 0.8016443987667009 0.743992606284658 0.7995889003083247 0.756007393715342 0.8098663926002055 0.7587800369685767 0.8150051387461459 0.7412199630314233 0.8098663926002055 0.7384473197781886
0 0.7780061664953751 0.7347504621072088 0.7790339157245632 0.7430683918669131 0.7862281603288798 0.743992606284658 0.7934224049331963 0.7393715341959335 0.7903391572456321 0.7338262476894639
0 0.7040082219938335 0.7014787430683919 0.7060637204522097 0.7153419593345656 0.7132579650565262 0.7218114602587801 0.7297019527235354 0.7125693160813309 0.7317574511819116 0.6987060998151571 0.7276464542651593 0.6950092421441775 0.7153134635149023 0.6922365988909427
0 0.7677286742034943 0.666358595194085 0.7667009249743063 0.6746765249537893 0.775950668036999 0.678373382624769 0.7800616649537513 0.6709796672828097 0.775950668036999 0.666358595194085
0 0.7512846865364851 0.6719038817005545 0.750256937307297 0.6839186691312384 0.7553956834532374 0.6876155268022182 0.7615621788283659 0.6829944547134935 0.7615621788283659 0.6746765249537893 0.7564234326824255 0.6691312384473198
0 0.7379239465570401 0.4491682070240296 0.7379239465570401 0.4565619223659889 0.7440904419321686 0.4630314232902033 0.7584789311408017 0.4537892791127542 0.7512846865364851 0.4436229205175601 0.7451181911613566 0.4436229205175601
0 0.7317574511819116 0.4297597042513863 0.7297019527235354 0.43253234750462105 0.7348406988694759 0.4399260628465804 0.7482014388489209 0.4390018484288355 0.7492291880781089 0.43253234750462105 0.7440904419321686 0.42606284658040666
0 0.7276464542651593 0.4066543438077634 0.7225077081192189 0.411275415896488 0.7255909558067831 0.4214417744916821 0.7307297019527236 0.42513863216266173 0.7410071942446043 0.422365988909427 0.7410071942446043 0.411275415896488 0.7317574511819116 0.4048059149722736
0 0.7050359712230215 0.39648798521256934 0.7050359712230215 0.4048059149722736 0.7132579650565262 0.40942698706099817 0.7194244604316546 0.41035120147874304 0.7276464542651593 0.40388170055452866 0.7266187050359713 0.39648798521256934 0.7194244604316546 0.3909426987060998
0 0.6783144912641316 0.37707948243992606 0.6772867420349434 0.3900184842883549 0.6896197327852004 0.39833641404805914 0.697841726618705 0.3974121996303142 0.7142857142857143 0.3835489833641405 0.7132579650565262 0.378003696857671 0.6998972250770812 0.3706099815157117 0.6906474820143885 0.3706099815157117
0 0.6639260020554985 0.3567467652495379 0.6639260020554985 0.36506469500924216 0.671120246659815 0.3733826247689464 0.6916752312435765 0.3659889094269871 0.6906474820143885 0.355822550831793 0.6813977389516958 0.34750462107208874 0.6752312435765673 0.3456561922365989
0 0.6557040082219938 0.33733826247689463 0.6536485097636177 0.34288354898336415 0.656731757451182 0.34750462107208874 0.6659815005138746 0.34935304990757854 0.6721479958890031 0.34473197781885395 0.6721479958890031 0.33826247689463956 0.6649537512846866 0.3317929759704251
0 0.632065775950668 0.3179297597042514 0.6341212744090442 0.3364140480591497 0.6382322713257965 0.3419593345656192 0.6433710174717369 0.3419593345656192 0.6546762589928058 0.3317929759704251 0.6546762589928058 0.32070240295748614 0.6433710174717369 0.3096118299445471 0.6392600205549845 0.3096118299445471
0 0.6012332990750257 0.3031423290203327 0.6022610483042138 0.3123844731977819 0.6115107913669064 0.3197781885397412 0.6258992805755396 0.3179297597042514 0.6351490236382322 0.3068391866913124 0.6330935251798561 0.2966728280961183 0.6269270298047277 0.2902033271719039 0.6094552929085303 0.2948243992606285
0 0.5704008221993834 0.28373382624768945 0.5693730729701952 0.2957486136783734 0.579650565262076 0.3077634011090573 0.590955806783145 0.3068391866913124 0.60431654676259 0.29390018484288355 0.5981500513874615 0.28188539741219965 0.590955806783145 0.27726432532347506
0 0.5436793422404933 0.27264325323475047 0.5405960945529291 0.27911275415896486 0.5467625899280576 0.2846580406654344 0.5590955806783144 0.28650646950092423 0.5632065775950668 0.28373382624768945 0.5580678314491264 0.2754158964879852
0 0.5529290853031861 0.25693160813308685 0.5488180883864338 0.266173752310536 0.5611510791366906 0.2689463955637708 0.5673175745118191 0.2578558225508318 0.5621788283658787 0.2541589648798521
0 0.5149023638232272 0.24676524953789278 0.513874614594039 0.256007393715342 0.5210688591983555 0.26524953789279115 0.5364850976361768 0.2707948243992606 0.5447070914696814 0.2680221811460259 0.5508735868448099 0.256007393715342 0.5508735868448099 0.2476894639556377 0.5447070914696814 0.2412199630314233 0.5282631038026722 0.23844731977818853
0 0.5066803699897225 0.22735674676524953 0.5046248715313464 0.23752310536044363 0.5107913669064749 0.24214417744916822 0.5149023638232272 0.24306839186691312 0.527235354573484 0.23475046210720887 0.5251798561151079 0.22365988909426987 0.5118191161356629 0.22181146025878004
0 0.48201438848920863 0.21534195933456562 0.4789311408016444 0.22365988909426987 0.49023638232271327 0.23290203327171904 0.499486125385406 0.23105360443622922 0.5077081192189106 0.2199630314232902 0.5056526207605344 0.21256931608133087 0.4933196300102775 0.20702402957486138
0 0.22199383350462487 0.47597042513863214 0.2199383350462487 0.4953789279112754 0.22713257965056527 0.5018484288354899 0.2394655704008222 0.5 0.249743062692703 0.49168207024029575 0.2517985611510791 0.48428835489833644 0.24665981500513876 0.47597042513863214 0.23843782117163412 0.4722735674676525
0 0.23638232271325796 0.4491682070240296 0.2394655704008222 0.4630314232902033 0.249743062692703 0.4704251386321627 0.25488180883864336 0.4731977818853974 0.27029804727646456 0.4676524953789279 0.27029804727646456 0.45286506469500926 0.26104830421377184 0.444547134935305 0.25077081192189105 0.4417744916820702
0 0.19218910585817062 0.4611829944547135 0.19116135662898254 0.4731977818853974 0.19527235354573483 0.4787430683918669 0.2147995889003083 0.47597042513863214 0.2158273381294964 0.466728280961183 0.21068859198355602 0.45933456561922364 0.197327852004111 0.45748613678373384
0 0.17677286742034942 0.48706099815157117 0.17677286742034942 0.4926062846580407 0.18602261048304214 0.49815157116451014 0.197327852004111 0.49722735674676527 0.197327852004111 0.48706099815157117 0.19218910585817062 0.4824399260628466 0.18191161356628982 0.4824399260628466
0 0.20452209660842754 0.49907578558225507 0.20349434737923947 0.5036968576709797 0.20863309352517986 0.5092421441774492 0.2158273381294964 0.5083179297597042 0.2147995889003083 0.49907578558225507
0 0.3062692702980473 0.55637707948244 0.3052415210688592 0.5637707948243993 0.3114080164439877 0.5693160813308688 0.32168550873586843 0.5711645101663586 0.32579650565262075 0.5683918669131238 0.32476875642343267 0.555452865064695 0.31449126413155193 0.5526802218114603
0 0.28365878725590954 0.5425138632162662 0.2846865364850976 0.5536044362292052 0.29804727646454265 0.5573012939001848 0.29907502569373073 0.5425138632162662
0 0.2579650565262076 0.532347504621072 0.2569373072970195 0.5378927911275416 0.2620760534429599 0.544362292051756 0.2682425488180884 0.5471349353049908 0.27543679342240496 0.5452865064695009 0.27646454265159304 0.5369685767097967 0.2723535457348407 0.532347504621072
0 0.11099691675231244 0.45933456561922364 0.10894141829393628 0.4704251386321627 0.11613566289825282 0.47966728280961185 0.12744090441932168 0.4824399260628466 0.13874614594039056 0.4787430683918669 0.1408016443987667 0.46950092421441775 0.12949640287769784 0.4537892791127542 0.11819116135662898 0.45471349353049906
0 0.08016443987667009 0.4519408502772643 0.08016443987667009 0.4611829944547135 0.0842754367934224 0.4658040665434381 0.09455292908530319 0.4658040665434381 0.10071942446043165 0.4602587800369686 0.09763617677286741 0.45009242144177447 0.09249743062692703 0.44731977818853974 0.08530318602261049 0.44731977818853974
0 0.07810894141829394 0.4713493530499076 0.07810894141829394 0.47966728280961185 0.09249743062692703 0.47966728280961185 0.09146968139773895 0.4722735674676525
0 0.1223021582733813 0.4316081330868762 0.12127440904419322 0.4399260628465804 0.1264131551901336 0.44731977818853974 0.1397738951695786 0.4519408502772643 0.14902363823227133 0.44824399260628467 0.1510791366906475 0.43807763401109057 0.14388489208633093 0.4297597042513863 0.12949640287769784 0.42606284658040666
0 0.16238437821171633 0.422365988909427 0.16238437821171633 0.4390018484288355 0.17163412127440905 0.4454713493530499 0.18602261048304214 0.4454713493530499 0.19527235354573483 0.43530499075785584 0.19013360739979446 0.4177449168207024 0.17060637204522097 0.41404805914972276
0 0.19835560123329907 0.4075785582255083 0.20041109969167523 0.42051756007393715 0.21274409044193218 0.4288354898336414 0.22816032887975335 0.4297597042513863 0.23638232271325796 0.4214417744916821 0.23535457348406988 0.40850277264325324 0.21891058581706063 0.3955637707948244 0.20863309352517986 0.3974121996303142
0 0.2579650565262076 0.3438077634011091 0.2569373072970195 0.3613678373382625 0.2682425488180884 0.37615526802218113 0.2846865364850976 0.378003696857671 0.30318602261048305 0.36691312384473196 0.3052415210688592 0.35489833641404805 0.29804727646454265 0.3391866913123845 0.27132579650565264 0.3364140480591497
0 0.31243576567317577 0.36229205175600737 0.3114080164439877 0.36968576709796674 0.3227132579650565 0.3807763401109057 0.3329907502569373 0.3798521256931608 0.3432682425488181 0.37153419593345655 0.3432682425488181 0.36506469500924216 0.3340184994861254 0.3576709796672828 0.3227132579650565 0.3567467652495379
0 0.19527235354573483 0.3299445471349353 0.19835560123329907 0.3539741219963031 0.20760534429599178 0.36229205175600737 0.22713257965056527 0.3632162661737523 0.2394655704008222 0.3521256931608133 0.23843782117163412 0.3299445471349353 0.23329907502569372 0.3243992606284658 0.2065775950668037 0.3234750462107209
0 0.24665981500513876 0.3068391866913124 0.24357656731757452 0.3188539741219963 0.24871531346351491 0.32532347504621073 0.2682425488180884 0.3299445471349353 0.2795477903391572 0.32162661737523107 0.2795477903391572 0.3142329020332717 0.27543679342240496 0.31146025878003697 0.25590955806783144 0.30406654343807765
0 0.2158273381294964 0.3752310536044362 0.2117163412127441 0.3789279112754159 0.2158273381294964 0.38817005545286504 0.23227132579650564 0.3955637707948244 0.24357656731757452 0.39186691312384475 0.23227132579650564 0.3733826247689464
0 0.3329907502569373 0.33826247689463956 0.3371017471736896 0.35304990757855825 0.3484069886947585 0.3576709796672828 0.3607399794450154 0.35489833641404805 0.36279547790339156 0.3456561922365989 0.35149023638232274 0.3345656192236599
0 0.39568345323741005 0.3659889094269871 0.394655704008222 0.3733826247689464 0.4039054470709147 0.3844731977818854 0.41212744090441933 0.38817005545286504 0.41623843782117165 0.3807763401109057 0.4141829393627955 0.36968576709796674
0 0.34018499486125386 0.3022181146025878 0.3391572456320658 0.31608133086876156 0.34635149023638234 0.32624768946395566 0.355601233299075 0.3290203327171904 0.3710174717368962 0.3234750462107209 0.3751284686536485 0.31515711645101663 0.3658787255909558 0.29852125693160814 0.3484069886947585 0.2966728280961183
0 0.34121274409044194 0.2680221811460259 0.34018499486125386 0.28188539741219965 0.35149023638232274 0.2920517560073937 0.36793422404933196 0.2911275415896488 0.37821171634121276 0.2828096118299446 0.37923946557040084 0.27264325323475047 0.37307297019527236 0.266173752310536 0.35046248715313466 0.2634011090573013
0 0.3854059609455293 0.256007393715342 0.38437821171634123 0.2689463955637708 0.394655704008222 0.27818853974122 0.40493319630010277 0.27911275415896486 0.41521068859198357 0.2707948243992606 0.41521068859198357 0.2587800369685767 0.4039054470709147 0.2476894639556377 0.39568345323741005 0.2476894639556377
0 0.35046248715313466 0.24491682070240295 0.3494347379239466 0.25508317929759705 0.3617677286742035 0.2587800369685767 0.3761562178828366 0.25508317929759705 0.38437821171634123 0.24584103512014788 0.3771839671120247 0.23937153419593346 0.36279547790339156 0.23937153419593346
0 0.2589928057553957 0.24306839186691312 0.26002055498458376 0.26247689463955637 0.27543679342240496 0.2735674676524954 0.2949640287769784 0.2735674676524954 0.3103802672147996 0.26524953789279115 0.31449126413155193 0.25693160813308685 0.31346351490236385 0.24399260628465805 0.2908530318602261 0.22920517560073936 0.2682425488180884 0.23197781885397412
0 0.32168550873586843 0.22920517560073936 0.3237410071942446 0.24029574861367836 0.3340184994861254 0.24491682070240295 0.34635149023638234 0.24306839186691312 0.3545734840698869 0.23382624768946395 0.35046248715313466 0.2255083179297597 0.34224049331963 0.22181146025878004 0.328879753340185 0.22273567467652494
0 0.21685508735868447 0.256007393715342 0.21891058581706063 0.27171903881700554 0.23535457348406988 0.27264325323475047 0.24871531346351491 0.25970425138632164 0.25077081192189105 0.2476894639556377 0.24871531346351491 0.24399260628465805 0.23741007194244604 0.2412199630314233 0.22302158273381295 0.2476894639556377
0 0.17677286742034942 0.28188539741219965 0.1747173689619733 0.2911275415896488 0.18191161356628982 0.3031423290203327 0.1963001027749229 0.29944547134935307 0.20452209660842754 0.2920517560073937 0.2014388489208633 0.2744916820702403 0.18602261048304214 0.2735674676524954
0 0.2394655704008222 0.27726432532347506 0.23638232271325796 0.28927911275415896 0.24563206577595068 0.2966728280961183 0.26002055498458376 0.2966728280961183 0.27029804727646456 0.28927911275415896 0.2723535457348407 0.2828096118299446 0.26104830421377184 0.27171903881700554 0.249743062692703 0.2707948243992606
0 0.20760534429599178 0.30129390018484287 0.20863309352517986 0.31053604436229204 0.2302158273381295 0.3142329020332717 0.23638232271325796 0.3096118299445471 0.2394655704008222 0.29944547134935307 0.23329907502569372 0.2929759704251386 0.22302158273381295 0.2911275415896488 0.21377183967112023 0.29390018484288355
0 0.27852004110996914 0.2902033271719039 0.2774922918807811 0.2975970425138632 0.2918807810894142 0.3031423290203327 0.3001027749229188 0.30129390018484287 0.30832476875642345 0.29390018484288355 0.3001027749229188 0.2809611829944547 0.2867420349434738 0.28373382624768945
0 0.3114080164439877 0.27264325323475047 0.3114080164439877 0.27818853974122 0.31963001027749227 0.28373382624768945 0.32682425488180883 0.2846580406654344 0.3329907502569373 0.2800369685767098 0.32682425488180883 0.266173752310536 0.3186022610483042 0.266173752310536
0 0.2857142857142857 0.3234750462107209 0.2959917780061665 0.33548983364140483 0.3052415210688592 0.3391866913123845 0.31449126413155193 0.33826247689463956 0.3227132579650565 0.3317929759704251 0.3227132579650565 0.32532347504621073 0.31654676258992803 0.3197781885397412 0.30318602261048305 0.31608133086876156 0.29393627954779034 0.3170055452865065
0 0.1695786228160329 0.39186691312384475 0.16752312435765673 0.4011090573012939 0.17163412127440905 0.4066543438077634 0.17985611510791366 0.40942698706099817 0.1932168550873587 0.4066543438077634 0.19527235354573483 0.39926062846580407 0.1880781089414183 0.3835489833641405 0.17985611510791366 0.3826247689463956
0 0.13566289825282632 0.36506469500924216 0.13566289825282632 0.37707948243992606 0.14696813977389517 0.38817005545286504 0.1593011305241521 0.3900184842883549 0.17163412127440905 0.3798521256931608 0.17266187050359713 0.36968576709796674 0.16032887975334018 0.3576709796672828 0.1459403905447071 0.3576709796672828
0 0.1510791366906475 0.33271719038817005 0.1459403905447071 0.3419593345656192 0.15210688591983557 0.35027726432532347 0.16649537512846865 0.35489833641404805 0.17985611510791366 0.35027726432532347 0.17985611510791366 0.33733826247689463 0.1747173689619733 0.3290203327171904
0 0.12949640287769784 0.39926062846580407 0.13052415210688592 0.41589648798521256 0.13874614594039056 0.422365988909427 0.15416238437821173 0.4195933456561922 0.16238437821171633 0.41035120147874304 0.16238437821171633 0.4020332717190388 0.15724563206577596 0.3946395563770795 0.1397738951695786 0.39371534195933455
0 0.08016443987667009 0.42051756007393715 0.08119218910585817 0.43253234750462105 0.09249743062692703 0.4408502772643253 0.10277492291880781 0.4417744916820702 0.11408016443987667 0.43530499075785584 0.11408016443987667 0.4288354898336414 0.0986639260020555 0.4168207024029575 0.08941418293936279 0.41497227356746763
0 0.0842754367934224 0.38632162661737524 0.08324768756423433 0.39648798521256934 0.09146968139773895 0.4075785582255083 0.10380267214799589 0.411275415896488 0.12024665981500514 0.40573012939001846 0.11921891058581706 0.39648798521256934 0.1079136690647482 0.38632162661737524 0.10174717368961973 0.3835489833641405
0 0.03494347379239465 0.41404805914972276 0.03391572456320658 0.4269870609981516 0.041109969167523124 0.4399260628465804 0.06166495375128469 0.44269870609981515 0.06783144912641316 0.43807763401109057 0.07297019527235354 0.41866913123844735 0.06474820143884892 0.4066543438077634 0.046248715313463515 0.4048059149722736
0 0.015416238437821172 0.4048059149722736 0 0.4075785582255083 0 0.4297597042513863 0.018499486125385406 0.42791127541589646 0.022610483042137718 0.40942698706099817
0 0.0041109969167523125 0.43530499075785584 0 0.43530499075785584 0 0.46210720887245843 0.006166495375128468 0.4630314232902033 0.017471736896197326 0.455637707948244 0.019527235354573486 0.4491682070240296 0.013360739979445015 0.4390018484288355
0 0.003083247687564234 0.3733826247689464 0 0.3946395563770795 0.012332990750256937 0.400184842883549 0.020554984583761562 0.39833641404805914 0.029804727646454265 0.38817005545286504 0.029804727646454265 0.3798521256931608 0.018499486125385406 0.3678373382624769
0 0.03597122302158273 0.34473197781885395 0.03494347379239465 0.35489833641404805 0.04933196300102775 0.3659889094269871 0.06783144912641316 0.3678373382624769 0.08324768756423433 0.35951940850277264 0.08324768756423433 0.3521256931608133 0.05858170606372045 0.3364140480591497 0.04933196300102775 0.3364140480591497
0 0.08941418293936279 0.3243992606284658 0.08941418293936279 0.3410351201478743 0.09455292908530319 0.34935304990757854 0.11819116135662898 0.34842883548983367 0.13771839671120248 0.3317929759704251 0.1366906474820144 0.32070240295748614 0.12024665981500514 0.31608133086876156 0.10277492291880781 0.3170055452865065
0 0.07091469681397738 0.2634011090573013 0.07194244604316546 0.27818853974122 0.08633093525179857 0.29390018484288355 0.10277492291880781 0.2975970425138632 0.1130524152106886 0.2920517560073937 0.11921891058581706 0.2754158964879852 0.10380267214799589 0.256007393715342 0.08119218910585817 0.2532347504621072
0 0.12846865364850976 0.2365988909426987 0.12538540596094552 0.24306839186691312 0.12744090441932168 0.256007393715342 0.13463514902363824 0.2634011090573013 0.1459403905447071 0.26247689463955637 0.1510791366906475 0.256007393715342 0.14696813977389517 0.2412199630314233 0.13771839671120248 0.23290203327171904
0 0.15621788283658788 0.23197781885397412 0.15724563206577596 0.2513863216266174 0.1644398766700925 0.26247689463955637 0.1736896197327852 0.2689463955637708 0.18499486125385406 0.266173752310536 0.18910585817060638 0.26155268022181144 0.18602261048304214 0.2412199630314233 0.1747173689619733 0.23197781885397412
0 0.19424460431654678 0.22273567467652494 0.19013360739979446 0.22643253234750463 0.19013360739979446 0.23475046210720887 0.1963001027749229 0.24491682070240295 0.2117163412127441 0.24676524953789278 0.2250770811921891 0.23752310536044363 0.2250770811921891 0.2301293900184843 0.2199383350462487 0.2245841035120148
0 0.19013360739979446 0.1987060998151571 0.19013360739979446 0.21072088724584104 0.1963001027749229 0.21534195933456562 0.21685508735868447 0.2144177449168207 0.22302158273381295 0.2033271719038817 0.21377183967112023 0.18853974121996303 0.19835560123329907 0.19038817005545286
0 0.1593011305241521 0.18114602587800369 0.16032887975334018 0.19316081330868762 0.16752312435765673 0.20147874306839186 0.17574511819116137 0.2024029574861368 0.18602261048304214 0.19593345656192238 0.18910585817060638 0.18853974121996303 0.18191161356628982 0.17837338262476896 0.1685508735868448 0.17652495378927913
0 0.12949640287769784 0.18207024029574861 0.13257965056526208 0.2033271719038817 0.14696813977389517 0.20794824399260628 0.15416238437821173 0.19963031423290203 0.1510791366906475 0.1876155268022181 0.1408016443987667 0.17929759704251386
0 0.08838643371017471 0.21811460258780038 0.08838643371017471 0.22920517560073936 0.09455292908530319 0.23844731977818853 0.1079136690647482 0.2412199630314233 0.11819116135662898 0.2356746765249538 0.1223021582733813 0.22643253234750463 0.11819116135662898 0.21811460258780038 0.10483042137718397 0.2134935304990758
0 0.0421377183967112 0.22920517560073936 0.045220966084275435 0.24399260628465805 0.05447070914696814 0.2476894639556377 0.0698869475847893 0.2476894639556377 0.08324768756423433 0.24029574861367836 0.08119218910585817 0.2255083179297597 0.07399794450154162 0.21811460258780038 0.05755395683453238 0.21903881700554528
0 0.01644398766700925 0.2634011090573013 0.017471736896197326 0.2800369685767098 0.02877697841726619 0.2902033271719039 0.052415210688591986 0.2846580406654344 0.05858170606372045 0.27911275415896486 0.05755395683453238 0.26062846580406657 0.045220966084275435 0.25231053604436227 0.029804727646454265 0.25231053604436227
0 0.1223021582733813 0.29944547134935307 0.12127440904419322 0.30868761552680224 0.12538540596094552 0.3123844731977819 0.14696813977389517 0.3142329020332717 0.15313463514902365 0.3096118299445471 0.14902363823227133 0.300369685767098 0.1408016443987667 0.2957486136783734
0 0.09558067831449127 0.355822550831793 0.09249743062692703 0.3687615526802218 0.09763617677286741 0.37707948243992606 0.11510791366906475 0.38170055452865065 0.12435765673175746 0.3752310536044362 0.12744090441932168 0.3613678373382625 0.1223021582733813 0.3539741219963031
0 0.03802672147995889 0.37615526802218113 0.03597122302158273 0.38724584103512016 0.045220966084275435 0.39926062846580407 0.06680369989722508 0.4020332717190388 0.07810894141829394 0.3946395563770795 0.0750256937307297 0.3807763401109057 0.06474820143884892 0.37153419593345655 0.046248715313463515 0.3706099815157117
0 0.003083247687564234 0.1922365988909427 0 0.1922365988909427 0 0.22273567467652494 0.007194244604316547 0.22181146025878004 0.018499486125385406 0.21072088724584104 0.01644398766700925 0.1987060998151571
0 0.02774922918807811 0.1922365988909427 0.024665981500513873 0.20794824399260628 0.03494347379239465 0.21903881700554528 0.06269270298047276 0.21256931608133087 0.07194244604316546 0.19685767097966728 0.06885919835560124 0.18299445471349354 0.05447070914696814 0.17652495378927913 0.041109969167523124 0.17929759704251386
0 0.003083247687564234 0.16543438077634012 0 0.17652495378927913 0.008221993833504625 0.1866913123844732 0.018499486125385406 0.1876155268022181 0.02774922918807811 0.18299445471349354 0.03186022610483042 0.1756007393715342 0.02774922918807811 0.16081330868761554 0.012332990750256937 0.1598890942698706
0 0.0010277492291880781 0.13031423290203328 0 0.16173752310536044 0.008221993833504625 0.1534195933456562 0.008221993833504625 0.1423290203327172
0 0.014388489208633094 0.13585951940850277 0.013360739979445015 0.14417744916820702 0.018499486125385406 0.15157116451016636 0.02877697841726619 0.1534195933456562 0.03699897225077081 0.1487985212569316 0.03802672147995889 0.1414048059149723 0.03186022610483042 0.13401109057301294 0.018499486125385406 0.1321626617375231
0 0.03597122302158273 0.15711645101663585 0.03802672147995889 0.16913123844731978 0.048304213771839674 0.17190388170055454 0.05344295991778006 0.16358595194085027 0.051387461459403906 0.15711645101663585 0.047276464542651594 0.1534195933456562
0 0.09660842754367935 0.16173752310536044 0.09558067831449127 0.17005545286506468 0.10277492291880781 0.17929759704251386 0.11819116135662898 0.18207024029574861 0.1264131551901336 0.17744916820702403 0.12744090441932168 0.16820702402957485 0.11510791366906475 0.15711645101663585 0.10585817060637205 0.15526802218114602
0 0.09763617677286741 0.18853974121996303 0.09558067831449127 0.19593345656192238 0.10277492291880781 0.20609981515711645 0.11819116135662898 0.21072088724584104 0.1264131551901336 0.20794824399260628 0.1171634121274409 0.1876155268022181
0 0.07194244604316546 0.15064695009242143 0.0698869475847893 0.1598890942698706 0.0750256937307297 0.16728280961182995 0.08941418293936279 0.16266173752310537 0.08838643371017471 0.1478743068391867
0 0.07297019527235354 0.20702402957486138 0.07194244604316546 0.21256931608133087 0.08119218910585817 0.21719038817005545 0.09249743062692703 0.20609981515711645 0.08119218910585817 0.1977818853974122
0 0.21891058581706063 0.1709796672828096 0.21685508735868447 0.18299445471349354 0.22302158273381295 0.19038817005545286 0.23843782117163412 0.1922365988909427 0.2446043165467626 0.18853974121996303 0.24665981500513876 0.17744916820702403 0.24254881808838644 0.17282809611829944 0.2343268242548818 0.16913123844731978
0 0.2528263103802672 0.18391866913123844 0.2528263103802672 0.19408502772643252 0.2589928057553957 0.19963031423290203 0.26618705035971224 0.20055452865064696 0.2733812949640288 0.19593345656192238 0.2733812949640288 0.18853974121996303 0.26618705035971224 0.18207024029574861 0.25590955806783144 0.18114602587800369
0 0.23741007194244604 0.1987060998151571 0.23329907502569372 0.20702402957486138 0.2394655704008222 0.2134935304990758 0.25077081192189105 0.21534195933456562 0.2569373072970195 0.21256931608133087 0.2538540596094553 0.20147874306839186
0 0.4552929085303186 0.2024029574861368 0.4522096608427544 0.21164510166358594 0.4635149023638232 0.2199630314232902 0.473792394655704 0.21811460258780038 0.4850976361767729 0.2033271719038817 0.4840698869475848 0.1987060998151571 0.473792394655704 0.1922365988909427 0.4624871531346352 0.19500924214417745
0 0.42548818088386436 0.19500924214417745 0.4306269270298047 0.21256931608133087 0.4398766700924974 0.21256931608133087 0.45323741007194246 0.19963031423290203 0.45426515930113054 0.1922365988909427 0.44809866392600206 0.18484288354898337 0.43782117163412126 0.18299445471349354
0 0.40184994861253853 0.16820702402957485 0.39671120246659813 0.1866913123844732 0.40698869475847893 0.19685767097966728 0.4182939362795478 0.1977818853974122 0.4306269270298047 0.18391866913123844 0.4295991778006166 0.1709796672828096 0.4141829393627955 0.16266173752310537 0.40698869475847893 0.16266173752310537
0 0.37821171634121276 0.15249537892791126 0.3771839671120247 0.16913123844731978 0.38848920863309355 0.17467652495378927 0.39568345323741005 0.17282809611829944 0.4039054470709147 0.1589648798521257 0.40082219938335045 0.15249537892791126 0.3936279547790339 0.1478743068391867
0 0.34635149023638234 0.15619223659889095 0.3442959917780062 0.17005545286506468 0.3473792394655704 0.17467652495378927 0.3566289825282631 0.17744916820702403 0.3699897225077081 0.17467652495378927 0.37307297019527236 0.16173752310536044 0.3699897225077081 0.14972273567467653 0.35765673175745116 0.14695009242144177
0 0.30935251798561153 0.15157116451016636 0.30935251798561153 0.16358595194085027 0.3237410071942446 0.16913123844731978 0.33607399794450155 0.1645101663585952 0.3432682425488181 0.14695009242144177 0.3371017471736896 0.1414048059149723 0.3175745118191161 0.13955637707948243
0 0.28263103802672146 0.1423290203327172 0.2816032887975334 0.1534195933456562 0.2857142857142857 0.15804066543438078 0.2949640287769784 0.1598890942698706 0.302158273381295 0.15619223659889095 0.3103802672147996 0.1377079482439926 0.30729701952723537 0.1321626617375231 0.2970195272353546 0.12939001848428835 0.28879753340184994 0.1321626617375231
0 0.26104830421377184 0.1321626617375231 0.2579650565262076 0.14695009242144177 0.2692702980472765 0.1534195933456562 0.2795477903391572 0.14417744916820702 0.28365878725590954 0.13123844731977818 0.27132579650565264 0.1256931608133087
0 0.22816032887975335 0.1256931608133087 0.22713257965056527 0.14048059149722736 0.23329907502569372 0.1478743068391867 0.24563206577595068 0.1487985212569316 0.25488180883864336 0.1423290203327172 0.2589928057553957 0.1256931608133087 0.2538540596094553 0.11922365988909427 0.23741007194244604 0.11737523105360444
0 0.19013360739979446 0.1266173752310536 0.19013360739979446 0.1367837338262477 0.19835560123329907 0.14510166358595195 0.2147995889003083 0.1478743068391867 0.22302158273381295 0.14325323475046212 0.22404933196300103 0.12754158964879853 0.21788283658787255 0.12014787430683918 0.19938335046248715 0.11829944547134935
0 0.16032887975334018 0.11829944547134935 0.16238437821171633 0.13031423290203328 0.18088386433710174 0.13493530499075784 0.18602261048304214 0.13123844731977818 0.19116135662898254 0.11460258780036968 0.18499486125385406 0.10813308687615526 0.17163412127440905 0.10720887245841035
0 0.14696813977389517 0.09704251386321626 0.1408016443987667 0.10536044362292052 0.14182939362795477 0.11275415896487985 0.1459403905447071 0.11737523105360444 0.15724563206577596 0.11737523105360444 0.16649537512846865 0.10258780036968576 0.15724563206577596 0.0933456561922366
0 0.1223021582733813 0.09149722735674677 0.12024665981500514 0.0988909426987061 0.1366906474820144 0.1044362292051756 0.1510791366906475 0.08502772643253234 0.1459403905447071 0.0767097966728281 0.13463514902363824 0.07578558225508318
0 0.09455292908530319 0.06284658040665435 0.09660842754367935 0.07763401109057301 0.10174717368961973 0.08040665434380777 0.10894141829393628 0.07763401109057301 0.11613566289825282 0.06561922365988909 0.11408016443987667 0.05822550831792976 0.10483042137718397 0.053604436229205174 0.0986639260020555 0.05545286506469501
0 0.07297019527235354 0.05545286506469501 0.07091469681397738 0.06469500924214418 0.07399794450154162 0.0711645101663586 0.09146968139773895 0.06839186691312385 0.09352517985611511 0.051756007393715345 0.08838643371017471 0.04621072088724584 0.07810894141829394 0.04621072088724584
0 0.041109969167523124 0.036044362292051754 0.03699897225077081 0.03974121996303143 0.041109969167523124 0.06099815157116451 0.046248715313463515 0.06469500924214418 0.065775950668037 0.06284658040665435 0.07399794450154162 0.04251386321626617 0.0565262076053443 0.033271719038817
0 0.010277492291880781 0.038817005545286505 0.006166495375128468 0.04251386321626617 0.010277492291880781 0.059149722735674676 0.019527235354573486 0.06561922365988909 0.02774922918807811 0.06469500924214418 0.03494347379239465 0.054528650646950096 0.0328879753340185 0.041589648798521256 0.023638232271325797 0.03789279112754159
0 0.06885919835560124 0.12939001848428835 0.06783144912641316 0.13585951940850277 0.0750256937307297 0.1423290203327172 0.08838643371017471 0.1423290203327172 0.09352517985611511 0.1367837338262477 0.09249743062692703 0.13031423290203328 0.08530318602261049 0.1256931608133087 0.07399794450154162 0.12476894639556377
0 0.024665981500513873 0.11737523105360444 0.025693730729701953 0.1266173752310536 0.0328879753340185 0.13031423290203328 0.03905447070914697 0.1321626617375231 0.045220966084275435 0.1266173752310536 0.041109969167523124 0.11460258780036968 0.0328879753340185 0.11275415896487985
0 0.050359712230215826 0.11645101663585952 0.051387461459403906 0.1266173752310536 0.05755395683453238 0.13123844731977818 0.06269270298047276 0.13031423290203328 0.065775950668037 0.12476894639556377 0.06372045220966084 0.11737523105360444 0.05960945529290853 0.11460258780036968
0 0.06783144912641316 0.09981515711645102 0.06474820143884892 0.10628465804066543 0.0698869475847893 0.11645101663585952 0.07708119218910586 0.12014787430683918 0.08633093525179857 0.11922365988909427 0.08838643371017471 0.10536044362292052 0.07605344295991778 0.0988909426987061
0 0.046248715313463515 0.0711645101663586 0.044193216855087356 0.07763401109057301 0.051387461459403906 0.08687615526802218 0.0565262076053443 0.08964879852125693 0.06783144912641316 0.0878003696857671 0.06680369989722508 0.07024029574861368
0 0.003083247687564234 0.09519408502772643 0 0.09519408502772643 0 0.11090573012939002 0.012332990750256937 0.10258780036968576 0.011305241521068859 0.09796672828096119
0 0.09455292908530319 0.14048059149722736 0.09558067831449127 0.15157116451016636 0.10996916752312436 0.14695009242144177 0.10585817060637205 0.1367837338262477 0.0986639260020555 0.13585951940850277
0 0.16032887975334018 0.16081330868761554 0.16135662898252826 0.1709796672828096 0.1829393627954779 0.17005545286506468 0.1829393627954779 0.1645101663585952 0.17574511819116137 0.1598890942698706 0.16752312435765673 0.15804066543438078
0 0.15313463514902365 0.2134935304990758 0.15416238437821173 0.2208872458410351 0.17060637204522097 0.2255083179297597 0.17677286742034942 0.2245841035120148 0.18396711202466598 0.21626617375231053 0.1695786228160329 0.2088724584103512
0 0.1963001027749229 0.2541589648798521 0.1963001027749229 0.2634011090573013 0.20452209660842754 0.2643253234750462 0.20966084275436794 0.25508317929759705 0.20554984583761562 0.2513863216266174
0 0.1408016443987667 0.2735674676524954 0.1397738951695786 0.2846580406654344 0.1500513874614594 0.2911275415896488 0.16238437821171633 0.2920517560073937 0.17060637204522097 0.2846580406654344 0.1685508735868448 0.2754158964879852 0.15724563206577596 0.266173752310536 0.1459403905447071 0.2680221811460259
0 0.23329907502569372 0.2255083179297597 0.2343268242548818 0.2356746765249538 0.25077081192189105 0.2365988909426987 0.2589928057553957 0.23197781885397412 0.25488180883864336 0.2245841035120148
0 0.26515930113052416 0.21072088724584104 0.2641315519013361 0.2199630314232902 0.2692702980472765 0.2245841035120148 0.2949640287769784 0.22273567467652494 0.29393627954779034 0.21256931608133087 0.2867420349434738 0.2033271719038817 0.27543679342240496 0.20425138632162662
0 0.5488180883864338 0.9519408502772643 0.5457348406988695 0.9574861367837338 0.5488180883864338 0.9713493530499075 0.5621788283658787 0.9815157116451017 0.5734840698869476 0.9805914972273567 0.5837615621788284 0.9630314232902033 0.578622816032888 0.9500924214417745 0.5734840698869476 0.9454713493530499 0.5621788283658787 0.944547134935305
0 0.5118191161356629 0.9565619223659889 0.5118191161356629 0.9685767097966729 0.5169578622816033 0.9768946395563771 0.5313463514902363 0.9815157116451017 0.5375128468653648 0.9741219963031423 0.5334018499486125 0.9528650646950092 0.5200411099691675 0.9510166358595195
0 0.5868448098663926 0.9944547134935305 0.5858170606372045 0.9990757855822551 0.6207605344295992 0.9990757855822551 0.6073997944501541 0.9870609981515711 0.5950668036998972 0.987985212569316
0 0.5169578622816033 0.9935304990757856 0.5149023638232272 0.9990757855822551 0.5436793422404933 0.9990757855822551 0.5323741007194245 0.9870609981515711 0.526207605344296 0.9870609981515711
0 0.6659815005138746 0.9944547134935305 0.6649537512846866 0.9990757855822551 0.6916752312435765 0.9990757855822551 0.6896197327852004 0.9907578558225508 0.6813977389516958 0.9861367837338263 0.671120246659815 0.988909426987061
0 0.7718396711202467 0.9870609981515711 0.7718396711202467 0.9990757855822551 0.7923946557040082 0.9990757855822551 0.7862281603288798 0.987985212569316 0.7810894141829393 0.9852125693160814
0 0.513874614594039 0.9260628465804066 0.513874614594039 0.9390018484288355 0.526207605344296 0.9408502772643254 0.5303186022610483 0.9353049907578558 0.527235354573484 0.922365988909427 0.5210688591983555 0.9195933456561922
0 0.48715313463514903 0.9011090573012939 0.48612538540596095 0.910351201478743 0.49126413155190135 0.9149722735674677 0.49640287769784175 0.911275415896488 0.49743062692702983 0.9029574861367837 0.49126413155190135 0.899260628465804
0 0.49743062692702983 0.9510166358595195 0.49640287769784175 0.9565619223659889 0.5015416238437821 0.9630314232902033 0.5056526207605344 0.9547134935304991
0 0.5775950668036999 0.9796672828096118 0.5755395683453237 0.9842883548983364 0.5847893114080165 0.988909426987061 0.5950668036998972 0.9805914972273567 0.5889003083247688 0.9741219963031423
0 0.5570400822199383 0.9907578558225508 0.5549845837615622 0.9990757855822551 0.578622816032888 0.9990757855822551 0.5734840698869476 0.9870609981515711
0 0.538540596094553 0.9805914972273567 0.5364850976361768 0.9842883548983364 0.5457348406988695 0.9916820702402958 0.5529290853031861 0.9926062846580407 0.5601233299075026 0.9870609981515711 0.5498458376156218 0.9750462107208873
0 0.6248715313463515 0.910351201478743 0.6258992805755396 0.9269870609981515 0.6289825282631039 0.9316081330868762 0.6372045220966084 0.9316081330868762 0.6413155190133607 0.9269870609981515 0.6413155190133607 0.911275415896488 0.6341212744090442 0.9057301293900185
0 0.7965056526207606 0.9353049907578558 0.7944501541623844 0.9463955637707948 0.7975334018499486 0.9528650646950092 0.816032887975334 0.9528650646950092 0.8078108941418294 0.9353049907578558 0.8036998972250771 0.9325323475046211
0 0.8633093525179856 0.9916820702402958 0.8643371017471737 0.9990757855822551 0.8735868448098664 0.9990757855822551 0.8725590955806783 0.987985212569316 0.8653648509763617 0.987985212569316
0 0.8448098663926003 0.9796672828096118 0.8448098663926003 0.9944547134935305 0.8550873586844809 0.9926062846580407 0.8561151079136691 0.9805914972273567 0.8530318602261048 0.977818853974122
0 0.6402877697841727 0.8715341959334566 0.6402877697841727 0.8872458410351202 0.656731757451182 0.890018484288355 0.6618705035971223 0.8835489833641405 0.65775950668037 0.866913123844732 0.6474820143884892 0.8650646950092421
0 0.60431654676259 0.8105360443622921 0.6073997944501541 0.8290203327171903 0.6156217882836588 0.833641404805915 0.6289825282631039 0.8299445471349353 0.6300102774922919 0.8123844731977818 0.6238437821171634 0.8068391866913124 0.6145940390544707 0.8049907578558225
0 0.512846865364851 0.8484288354898336 0.513874614594039 0.8622920517560074 0.5251798561151079 0.8622920517560074 0.5292908530318602 0.8576709796672828 0.527235354573484 0.8475046210720887 0.5179856115107914 0.844731977818854
0 0.02774922918807811 0.44824399260628467 0.02672147995889003 0.45286506469500926 0.03186022610483042 0.45933456561922364 0.046248715313463515 0.4565619223659889 0.041109969167523124 0.444547134935305 0.03391572456320658 0.44269870609981515
0 0.05960945529290853 0.44731977818853974 0.05447070914696814 0.4519408502772643 0.05447070914696814 0.4584103512014787 0.05858170606372045 0.4630314232902033 0.06680369989722508 0.46395563770794823 0.07194244604316546 0.45471349353049906 0.06680369989722508 0.44824399260628467
0 0.14696813977389517 0.47597042513863214 0.14902363823227133 0.48706099815157117 0.16135662898252826 0.4907578558225508 0.16649537512846865 0.4879852125693161 0.1685508735868448 0.48151571164510165 0.1644398766700925 0.4731977818853974 0.1510791366906475 0.4722735674676525
0 0.16341212744090441 0.45286506469500926 0.16238437821171633 0.4630314232902033 0.1685508735868448 0.4676524953789279 0.1736896197327852 0.466728280961183 0.1778006166495375 0.4611829944547135 0.17677286742034942 0.45471349353049906 0.16752312435765673 0.4510166358595194
0 0.01644398766700925 0.3077634011090573 0.015416238437821172 0.3142329020332717 0.03597122302158273 0.3243992606284658 0.046248715313463515 0.32162661737523107 0.050359712230215826 0.31515711645101663 0.046248715313463515 0.3049907578558225 0.03905447070914697 0.300369685767098 0.02774922918807811 0.30129390018484287
0 0.06063720452209661 0.3022181146025878 0.05858170606372045 0.31146025878003697 0.065775950668037 0.32070240295748614 0.07399794450154162 0.32070240295748614 0.09146968139773895 0.31053604436229204 0.08941418293936279 0.3049907578558225 0.07708119218910586 0.2966728280961183 0.065775950668037 0.2975970425138632
0 0.0041109969167523125 0.2966728280961183 0 0.3049907578558225 0.0020554984583761563 0.31053604436229204 0.015416238437821172 0.30591497227356745 0.020554984583761562 0.2975970425138632 0.015416238437821172 0.2911275415896488 0.009249743062692703 0.2911275415896488
0 0.006166495375128468 0.24676524953789278 0 0.25046210720887246 0 0.2707948243992606 0.0041109969167523125 0.27171903881700554 0.008221993833504625 0.2707948243992606 0.015416238437821172 0.25508317929759705 0.014388489208633094 0.24861367837338263
0 0.31346351490236385 0.20147874306839186 0.30935251798561153 0.20794824399260628 0.32065775950668035 0.21719038817005545 0.3371017471736896 0.21164510166358594 0.3371017471736896 0.2033271719038817 0.3319630010277492 0.1987060998151571
0 0.3062692702980473 0.21534195933456562 0.30421377183967113 0.22365988909426987 0.31551901336073995 0.22828096118299446 0.31654676258992803 0.22273567467652494
0 0.34532374100719426 0.20517560073937152 0.3442959917780062 0.2134935304990758 0.35149023638232274 0.21903881700554528 0.3669064748201439 0.2134935304990758 0.3597122302158273 0.20517560073937152
0 0.2908530318602261 0.18207024029574861 0.289825282631038 0.1913123844731978 0.3001027749229188 0.19316081330868762 0.302158273381295 0.18207024029574861
0 0.18910585817060638 0.17005545286506468 0.19218910585817062 0.18299445471349354 0.19938335046248715 0.18391866913123844 0.20863309352517986 0.17929759704251386 0.20760534429599178 0.17190388170055454 0.20041109969167523 0.16728280961182995
0 0.07810894141829394 0.17744916820702403 0.07708119218910586 0.18484288354898337 0.08941418293936279 0.18946395563770796 0.09044193216855087 0.17837338262476896 0.08530318602261049 0.17467652495378927
0 0.046248715313463515 0.133086876155268 0.04316546762589928 0.13585951940850277 0.045220966084275435 0.14510166358595195 0.05344295991778006 0.15249537892791126 0.06166495375128469 0.1534195933456562 0.06166495375128469 0.1377079482439926
0 0.11510791366906475 0.10813308687615526 0.11510791366906475 0.11737523105360444 0.1223021582733813 0.12384473197781885 0.1366906474820144 0.12292051756007394 0.13771839671120248 0.11460258780036968 0.131551901336074 0.10813308687615526
0 0.1510791366906475 0.1377079482439926 0.1500513874614594 0.14048059149722736 0.15827338129496402 0.14602587800369685 0.1695786228160329 0.14417744916820702 0.16032887975334018 0.13493530499075784
0 0.17677286742034942 0.14048059149722736 0.17266187050359713 0.1423290203327172 0.1747173689619733 0.1487985212569316 0.18910585817060638 0.14602587800369685 0.18602261048304214 0.13955637707948243
0 0.14285714285714285 0.12384473197781885 0.14388489208633093 0.1321626617375231 0.15416238437821173 0.12939001848428835 0.15313463514902365 0.12384473197781885
0 0.01644398766700925 0.07024029574861368 0.014388489208633094 0.07763401109057301 0.019527235354573486 0.0822550831792976 0.024665981500513873 0.08040665434380777 0.029804727646454265 0.07393715341959335 0.023638232271325797 0.06931608133086876
0 0.45426515930113054 0.30406654343807765 0.4511819116135663 0.3133086876155268 0.4573484069886948 0.3197781885397412 0.47584789311408016 0.3197781885397412 0.48201438848920863 0.31053604436229204 0.48098663926002055 0.3049907578558225 0.4748201438848921 0.30129390018484287 0.4635149023638232 0.29944547134935307
0 0.23843782117163412 0.3687615526802218 0.23741007194244604 0.3724584103512015 0.2446043165467626 0.3807763401109057 0.25077081192189105 0.38170055452865065 0.26104830421377184 0.37615526802218113 0.2517985611510791 0.36506469500924216
0 0.4224049331963001 0.6728280961182994 0.42137718396711205 0.6829944547134935 0.42548818088386436 0.6894639556377079 0.434737923946557 0.6922365988909427 0.44398766700924974 0.6857670979667283 0.44295991778006166 0.6746765249537893 0.4367934224049332 0.6691312384473198 0.4295991778006166 0.6682070240295749
0 0.40184994861253853 0.6469500924214417 0.40082219938335045 0.6571164510166358 0.40698869475847893 0.6654343807763401 0.42137718396711205 0.666358595194085 0.42754367934224047 0.6543438077634011 0.42034943473792397 0.6432532347504621 0.41007194244604317 0.6404805914972274
0 0.4357656731757451 0.6977818853974121 0.4357656731757451 0.7097966728280961 0.44809866392600206 0.7125693160813309 0.45323741007194246 0.7060998151571165 0.45323741007194246 0.6977818853974121 0.4460431654676259 0.6940850277264325
0 0.3823227132579651 0.5693160813308688 0.3823227132579651 0.5822550831792976 0.3895169578622816 0.588724584103512 0.40698869475847893 0.5831792975970426 0.40596094552929085 0.5711645101663586 0.3977389516957862 0.5656192236598891 0.3864337101747174 0.5656192236598891
0 0.31449126413155193 0.30129390018484287 0.31346351490236385 0.3068391866913124 0.3186022610483042 0.3142329020332717 0.32579650565262075 0.31608133086876156 0.3340184994861254 0.31053604436229204 0.32990750256937307 0.2975970425138632 0.3227132579650565 0.2966728280961183
0 0.4624871531346352 0.2800369685767098 0.46557040082219936 0.2929759704251386 0.4779033915724563 0.29390018484288355 0.4840698869475848 0.2902033271719039 0.48098663926002055 0.27818853974122 0.473792394655704 0.2754158964879852
0 0.40493319630010277 0.2255083179297597 0.4039054470709147 0.2301293900184843 0.41109969167523125 0.23752310536044363 0.4234326824254882 0.2365988909426987 0.4224049331963001 0.22643253234750463 0.4141829393627955 0.22365988909426987
0 0.460431654676259 0.22735674676524953 0.45837615621788286 0.23382624768946395 0.4614594039054471 0.23844731977818853 0.4779033915724563 0.24584103512014788 0.4840698869475848 0.24491682070240295 0.4850976361767729 0.23752310536044363 0.4748201438848921 0.22643253234750463
0 0.4295991778006166 0.22181146025878004 0.4295991778006166 0.22920517560073936 0.43371017471736895 0.23197781885397412 0.45426515930113054 0.22365988909426987 0.44912641315519014 0.21626617375231053
0 0.37410071942446044 0.17929759704251386 0.37410071942446044 0.18853974121996303 0.3802672147995889 0.19316081330868762 0.3864337101747174 0.1913123844731978 0.38848920863309355 0.18114602587800369 0.3802672147995889 0.17744916820702403
0 0.34635149023638234 0.18299445471349354 0.3442959917780062 0.18946395563770796 0.35046248715313466 0.19408502772643252 0.36793422404933196 0.1922365988909427 0.3658787255909558 0.18207024029574861
0 0.408016443987667 0.20425138632162662 0.40596094552929085 0.2134935304990758 0.41007194244604317 0.21719038817005545 0.42034943473792397 0.2199630314232902 0.4265159301130524 0.21719038817005545 0.42137718396711205 0.20425138632162662
0 0.44912641315519014 0.26062846580406657 0.44912641315519014 0.2680221811460259 0.4563206577595067 0.2744916820702403 0.4676258992805755 0.2707948243992606 0.4635149023638232 0.2643253234750462
0 0.4511819116135663 0.24306839186691312 0.447070914696814 0.24399260628465805 0.4501541623843782 0.2513863216266174 0.47070914696813976 0.2578558225508318 0.47070914696813976 0.2513863216266174 0.45940390544707094 0.24399260628465805
0 0.4265159301130524 0.2532347504621072 0.4295991778006166 0.26247689463955637 0.4398766700924974 0.26247689463955637 0.434737923946557 0.2532347504621072
0 0.5097636176772867 0.30406654343807765 0.5107913669064749 0.31053604436229204 0.5190133607399794 0.3179297597042514 0.526207605344296 0.30406654343807765 0.5200411099691675 0.300369685767098
0 0.5827338129496403 0.31608133086876156 0.5817060637204522 0.32532347504621073 0.5878725590955807 0.33086876155268025 0.5960945529290853 0.3317929759704251 0.6032887975334018 0.32532347504621073 0.5960945529290853 0.3133086876155268
0 0.5950668036998972 0.34842883548983367 0.5950668036998972 0.355822550831793 0.6022610483042138 0.36506469500924216 0.6176772867420349 0.36506469500924216 0.6197327852004111 0.35951940850277264 0.6145940390544707 0.35027726432532347
0 0.605344295991778 0.3724584103512015 0.60431654676259 0.3789279112754159 0.6094552929085303 0.3835489833641405 0.6248715313463515 0.3835489833641405 0.6197327852004111 0.37430683918669133
0 0.6197327852004111 0.40942698706099817 0.6187050359712231 0.4168207024029575 0.6300102774922919 0.42051756007393715 0.6372045220966084 0.4075785582255083 0.6279547790339157 0.4029574861367837
0 0.6618705035971223 0.41404805914972276 0.6608427543679343 0.41866913123844735 0.6659815005138746 0.42513863216266173 0.6762589928057554 0.42513863216266173 0.6783144912641316 0.4177449168207024 0.6742034943473793 0.41404805914972276
0 0.6546762589928058 0.39648798521256934 0.6536485097636177 0.400184842883549 0.6608427543679343 0.4075785582255083 0.6742034943473793 0.4029574861367837 0.6690647482014388 0.3946395563770795
0 0.644398766700925 0.3733826247689464 0.6464542651593012 0.3835489833641405 0.6598150051387461 0.3826247689463956 0.6557040082219938 0.37430683918669133
0 0.5334018499486125 0.9426987060998152 0.5334018499486125 0.9491682070240296 0.539568345323741 0.9547134935304991 0.5436793422404933 0.9547134935304991 0.5519013360739979 0.9454713493530499 0.5467625899280576 0.9390018484288355 0.539568345323741 0.9380776340110906
0 0.8828365878725591 0.977818853974122 0.8797533401849948 0.9805914972273567 0.8797533401849948 0.9861367837338263 0.880781089414183 0.9870609981515711 0.8869475847893115 0.988909426987061 0.8910585817060637 0.9842883548983364 0.8890030832476875 0.9796672828096118 0.8869475847893115 0.977818853974122
0 0.8242548818088387 0.6515711645101664 0.8273381294964028 0.6626617375231053 0.8345323741007195 0.6654343807763401 0.8355601233299075 0.655268022181146
0 0.7029804727646455 0.41497227356746763 0.7009249743062693 0.4232902033271719 0.7050359712230215 0.43068391866913125 0.7122302158273381 0.43530499075785584 0.7225077081192189 0.43530499075785584 0.7245632065775951 0.42791127541589646 0.7194244604316546 0.4195933456561922 0.7122302158273381 0.41497227356746763
0 0.7214799588900308 0.44269870609981515 0.7225077081192189 0.45286506469500926 0.7307297019527236 0.455637707948244 0.7317574511819116 0.4454713493530499
0 0.68448098663926 0.4232902033271719 0.6834532374100719 0.4316081330868762 0.6916752312435765 0.4408502772643253 0.697841726618705 0.4399260628465804 0.7009249743062693 0.4343807763401109 0.696813977389517 0.42791127541589646 0.6896197327852004 0.4214417744916821
0 0.7297019527235354 0.4602587800369686 0.7266187050359713 0.4676524953789279 0.7307297019527236 0.47412199630314233 0.7379239465570401 0.47597042513863214 0.7410071942446043 0.4685767097966728
0 0.7410071942446043 0.477818853974122 0.7389516957862282 0.4898336414048059 0.750256937307297 0.49630314232902034 0.7533401849948612 0.488909426987061
0 0.750256937307297 0.5027726432532348 0.7523124357656732 0.5147874306839186 0.7595066803699897 0.5147874306839186 0.7605344295991778 0.5055452865064695
0 0.7564234326824255 0.5194085027726433 0.7574511819116135 0.5277264325323475 0.7677286742034943 0.5304990757855823 0.7667009249743063 0.522181146025878
0 0.6947584789311408 0.4454713493530499 0.6916752312435765 0.45286506469500926 0.7070914696813977 0.4611829944547135 0.7040082219938335 0.45009242144177447
0 0.3617677286742035 0.22643253234750463 0.3617677286742035 0.23382624768946395 0.3751284686536485 0.22920517560073936 0.3720452209660843 0.22273567467652494
0 0.18191161356628982 0.36691312384473196 0.18499486125385406 0.37615526802218113 0.19938335046248715 0.37615526802218113 0.197327852004111 0.36506469500924216