0 0.6908212560386473 0.9632525410476935 0.6900161030595813 0.9781078967943706 0.6972624798711755 0.9921813917122753 0.7012882447665056 0.9953088350273651 0.71658615136876 0.9929632525410477 0.7190016103059581 0.9679437060203284 0.7133655394524959 0.9593432369038312 0.6972624798711755 0.9569976544175137
0 0.6586151368760065 0.9554339327599687 0.6578099838969405 0.9616888193901486 0.6674718196457327 0.9812353401094606 0.677133655394525 0.982017200938233 0.6851851851851852 0.9781078967943706 0.6859903381642513 0.9640344018764659 0.678743961352657 0.9546520719311963 0.6674718196457327 0.9483971853010165
0 0.71658615136876 0.9452697419859265 0.715780998389694 0.9499609069585614 0.7238325281803543 0.9663799843627834 0.7342995169082126 0.9679437060203284 0.7415458937198067 0.965598123534011 0.7471819645732689 0.9515246286161063 0.7431561996779388 0.9421422986708365 0.7270531400966184 0.9366692728694292
0 0.6191626409017713 0.9632525410476935 0.6183574879227053 0.9765441751368257 0.6272141706924316 0.9851446442533229 0.6384863123993558 0.982017200938233 0.6481481481481481 0.9695074276778733 0.6473429951690821 0.962470680218921 0.6352657004830918 0.9499609069585614 0.6280193236714976 0.9523064894448788
0 0.5853462157809984 0.9593432369038312 0.5845410628019324 0.9702892885066459 0.5909822866344605 0.9812353401094606 0.5990338164251208 0.9827990617670055 0.6095008051529791 0.9757623143080532 0.6111111111111112 0.9601250977326036 0.605475040257649 0.9491790461297889 0.5917874396135265 0.9515246286161063
0 0.7520128824476651 0.9382329945269742 0.7528180354267311 0.9483971853010165 0.7632850241545893 0.9546520719311963 0.7697262479871175 0.9538702111024238 0.7769726247987118 0.946051602814699 0.7761674718196457 0.9358874120406567 0.7689210950080515 0.9272869429241595 0.7592592592592593 0.928068803752932
0 0.7769726247987118 0.962470680218921 0.7777777777777778 0.9734167318217357 0.7914653784219001 0.9796716184519155 0.8003220611916264 0.9726348709929633 0.8051529790660226 0.9562157935887412 0.7987117552334944 0.9523064894448788 0.7898550724637681 0.9523064894448788 0.78341384863124 0.9546520719311963
0 0.8421900161030595 0.9671618451915559 0.8421900161030595 0.9773260359655981 0.8510466988727858 0.982017200938233 0.8615136876006442 0.9812353401094606 0.8663446054750402 0.9734167318217357 0.8647342995169082 0.9671618451915559 0.856682769726248 0.9616888193901486 0.8470209339774557 0.9616888193901486
0 0.8743961352657005 0.9687255668491008 0.8727858293075684 0.980453479280688 0.8784219001610306 0.9867083659108679 0.8896940418679549 0.9882720875684128 0.8993558776167472 0.983580922595778 0.9017713365539453 0.9718530101641908 0.8961352657004831 0.9640344018764659 0.8816425120772947 0.9632525410476935
0 0.8607085346215781 0.9491790461297889 0.8599033816425121 0.9538702111024238 0.8655394524959742 0.9601250977326036 0.8752012882447665 0.9601250977326036 0.8792270531400966 0.9554339327599687 0.8784219001610306 0.9491790461297889 0.8735909822866345 0.9452697419859265 0.8663446054750402 0.944487881157154
0 0.8832528180354268 0.9241594996090696 0.8832528180354268 0.9351055512118843 0.8904991948470209 0.9390148553557467 0.8993558776167472 0.9366692728694292 0.9041867954911433 0.9288506645817045 0.9025764895330113 0.9218139171227522 0.8961352657004831 0.9179046129788898 0.8896940418679549 0.9186864738076622
0 0.8703703703703703 0.9053948397185301 0.8687600644122383 0.9147771696637998 0.8752012882447665 0.9186864738076622 0.8832528180354268 0.9171227521501173 0.8888888888888888 0.910086004691165 0.8880837359098228 0.9038311180609852 0.8816425120772947 0.8991399530883503
0 0.856682769726248 0.8795934323690383 0.855877616747182 0.8928850664581705 0.8631239935587761 0.8967943706020328 0.8735909822866345 0.8944487881157154 0.8800322061191627 0.8858483189992181 0.8800322061191627 0.8795934323690383 0.8735909822866345 0.8717748240813136 0.8655394524959742 0.8717748240813136
0 0.8341384863123994 0.8623924941360438 0.8349436392914654 0.8788115715402658 0.8413848631239935 0.8835027365129007 0.8478260869565217 0.8819390148553558 0.856682769726248 0.8694292415949961 0.856682769726248 0.8600469116497264 0.8429951690821256 0.8553557466770915
0 0.8059581320450886 0.8647380766223612 0.8059581320450886 0.8819390148553558 0.8123993558776168 0.8858483189992181 0.8236714975845411 0.8842845973416732 0.8293075684380032 0.8733385457388585 0.8260869565217391 0.8616106333072713 0.8172302737520128 0.8569194683346364
0 0.7520128824476651 0.872556684910086 0.7544283413848631 0.8921032056293979 0.7648953301127214 0.8960125097732604 0.7737520128824477 0.8952306489444879 0.7793880837359098 0.8866301798279906 0.7793880837359098 0.8756841282251759 0.7737520128824477 0.8655199374511336 0.7689210950080515 0.8631743549648163 0.7584541062801933 0.8647380766223612
0 0.7230273752012882 0.9022673964034402 0.7222222222222222 0.9077404222048475 0.7270531400966184 0.9179046129788898 0.7351046698872786 0.9210320562939797 0.7415458937198067 0.9194683346364347 0.7528180354267311 0.9046129788897577 0.749597423510467 0.8960125097732604 0.7415458937198067 0.890539483971853 0.7334943639291466 0.8913213448006255
0 0.7914653784219001 0.9038311180609852 0.7906602254428341 0.9124315871774824 0.7954911433172303 0.9186864738076622 0.8059581320450886 0.9194683346364347 0.8115942028985508 0.9139953088350273 0.8123993558776168 0.9038311180609852 0.8075684380032206 0.8991399530883503 0.7995169082125604 0.8991399530883503
0 0.7809983896940419 0.9272869429241595 0.78341384863124 0.9437060203283816 0.7971014492753623 0.946051602814699 0.8035426731078905 0.9421422986708365 0.8051529790660226 0.9311962470680218 0.8019323671497585 0.9265050820953871 0.785829307568438 0.9233776387802971
0 0.6876006441223832 0.8279906176700548 0.6859903381642513 0.8373729476153244 0.6884057971014492 0.8459734167318217 0.6996779388083736 0.853010164190774 0.7061191626409018 0.8514464425332291 0.71658615136876 0.8342455043002346 0.7133655394524959 0.8217357310398749 0.7053140096618358 0.8162627052384676 0.6980676328502415 0.8162627052384676 0.6908212560386473 0.8209538702111024
0 0.6594202898550725 0.8358092259577795 0.6570048309178744 0.8475371383893667 0.6634460547504025 0.856137607505864 0.6714975845410628 0.8592650508209538 0.679549114331723 0.8498827208756842 0.6803542673107891 0.835027365129007 0.6755233494363929 0.8287724784988272 0.6698872785829307 0.8279906176700548
0 0.6481481481481481 0.800625488663018 0.6465378421900161 0.8053166536356529 0.6497584541062802 0.818608287724785 0.6553945249597424 0.8217357310398749 0.6714975845410628 0.8201720093823299 0.6739130434782609 0.8021892103205629 0.6698872785829307 0.7974980453479281 0.6561996779388084 0.7943706020328382
0 0.6272141706924316 0.8326817826426895 0.6264090177133655 0.8420641125879593 0.6304347826086957 0.8506645817044566 0.6360708534621579 0.854573885848319 0.644927536231884 0.853010164190774 0.6513687600644122 0.8389366692728695 0.6481481481481481 0.8248631743549648 0.643317230273752 0.8217357310398749 0.6328502415458938 0.8240813135261923
0 0.6151368760064412 0.8764659890539483 0.6159420289855072 0.8944487881157154 0.6247987117552335 0.9014855355746677 0.6376811594202898 0.9022673964034402 0.6481481481481481 0.8897576231430805 0.6481481481481481 0.8733385457388585 0.6368760064412239 0.8623924941360438 0.6215780998389694 0.8694292415949961
0 0.5950080515297906 0.8897576231430805 0.5950080515297906 0.9014855355746677 0.6006441223832528 0.9053948397185301 0.6078904991948471 0.9046129788897577 0.6119162640901772 0.8975762314308053 0.6095008051529791 0.8889757623143081 0.5990338164251208 0.8858483189992181
0 0.572463768115942 0.8889757623143081 0.57085346215781 0.8975762314308053 0.5748792270531401 0.9030492572322126 0.5877616747181964 0.9007036747458952 0.5885668276972624 0.8928850664581705 0.5837359098228664 0.8858483189992181 0.5764895330112721 0.8842845973416732
0 0.5740740740740741 0.9132134480062549 0.5740740740740741 0.9225957779515246 0.5805152979066023 0.9241594996090696 0.5837359098228664 0.9202501954652071 0.5813204508856683 0.910086004691165 0.5780998389694042 0.9077404222048475
0 0.572463768115942 0.9304143862392494 0.5740740740740741 0.9413604378420641 0.5813204508856683 0.9413604378420641 0.5853462157809984 0.9319781078967944 0.5805152979066023 0.9272869429241595
0 0.5668276972624798 0.9491790461297889 0.5668276972624798 0.9609069585613761 0.5780998389694042 0.9632525410476935 0.5845410628019324 0.9491790461297889 0.5780998389694042 0.944487881157154 0.57085346215781 0.944487881157154
0 0.5676328502415459 0.9687255668491008 0.5660225442834138 0.9796716184519155 0.5740740740740741 0.9843627834245504 0.5797101449275363 0.980453479280688 0.5805152979066023 0.9718530101641908 0.5748792270531401 0.965598123534011
0 0.5644122383252818 0.9921813917122753 0.5603864734299517 0.9992181391712275 0.5805152979066023 0.9992181391712275 0.5748792270531401 0.9898358092259578
0 0.5861513687600645 0.9953088350273651 0.5853462157809984 0.9992181391712275 0.6095008051529791 0.9992181391712275 0.5998389694041868 0.9882720875684128 0.5917874396135265 0.9898358092259578
0 0.7455716586151369 0.9663799843627834 0.7439613526570048 0.9718530101641908 0.749597423510467 0.9788897576231431 0.7592592592592593 0.9757623143080532 0.7600644122383253 0.9616888193901486 0.7544283413848631 0.9601250977326036
0 0.8454106280193237 0.9116497263487099 0.8470209339774557 0.924941360437842 0.8518518518518519 0.9265050820953871 0.8599033816425121 0.9218139171227522 0.8623188405797102 0.9108678655199375 0.8590982286634461 0.9053948397185301 0.8510466988727858 0.9046129788897577
0 0.8607085346215781 0.9265050820953871 0.8623188405797102 0.9405785770132916 0.8719806763285024 0.9390148553557467 0.8760064412238325 0.9351055512118843 0.8727858293075684 0.9233776387802971 0.8655394524959742 0.9218139171227522
0 0.8389694041867954 0.9397967161845192 0.8365539452495975 0.946051602814699 0.8389694041867954 0.9538702111024238 0.8462157809983897 0.9562157935887412 0.855877616747182 0.946051602814699 0.855877616747182 0.9366692728694292 0.8526570048309179 0.9335418295543393 0.8462157809983897 0.9335418295543393
0 0.8872785829307569 0.8827208756841283 0.8864734299516909 0.890539483971853 0.8904991948470209 0.8960125097732604 0.9009661835748792 0.8960125097732604 0.9090177133655395 0.890539483971853 0.9082125603864735 0.8819390148553558 0.9017713365539453 0.8772478498827209 0.893719806763285 0.8772478498827209
0 0.8961352657004831 0.9030492572322126 0.8961352657004831 0.9108678655199375 0.9057971014492754 0.9155590304925724 0.9122383252818036 0.9139953088350273 0.9170692431561996 0.9053948397185301 0.9162640901771336 0.8999218139171228 0.9114331723027376 0.8960125097732604
0 0.784219001610306 0.8240813135261923 0.784219001610306 0.8358092259577795 0.7930756843800322 0.8420641125879593 0.8043478260869565 0.8420641125879593 0.8123993558776168 0.835027365129007 0.8132045088566827 0.8248631743549648 0.8075684380032206 0.8131352619233776 0.7930756843800322 0.8139171227521501
0 0.7528180354267311 0.8037529319781079 0.7536231884057971 0.8217357310398749 0.7576489533011272 0.8256450351837373 0.7689210950080515 0.8287724784988272 0.7785829307568438 0.8232994526974199 0.78341384863124 0.8115715402658327 0.78341384863124 0.800625488663018 0.7793880837359098 0.7951524628616107 0.7648953301127214 0.7912431587177482 0.7560386473429952 0.7974980453479281
0 0.7874396135265701 0.7826426896012509 0.7866344605475041 0.799061767005473 0.7898550724637681 0.8037529319781079 0.7962962962962963 0.8060985144644254 0.8107890499194848 0.800625488663018 0.8140096618357487 0.7857701329163409 0.8067632850241546 0.7756059421422987 0.7946859903381642 0.7740422204847537
0 0.7608695652173914 0.7584050039093041 0.7584541062801933 0.7615324472243941 0.7608695652173914 0.7802971071149335 0.7689210950080515 0.7849882720875684 0.7801932367149759 0.7834245504300235 0.785829307568438 0.7740422204847537 0.782608695652174 0.7599687255668491 0.7729468599033816 0.7544956997654417
0 0.7326892109500805 0.7834245504300235 0.7326892109500805 0.7904612978889758 0.7375201288244766 0.7974980453479281 0.7479871175523349 0.7982799061767005 0.7552334943639292 0.7920250195465207 0.7544283413848631 0.7818608287724785 0.7455716586151369 0.7763878029710711 0.7375201288244766 0.7763878029710711
0 0.789049919484702 0.7474589523064894 0.7898550724637681 0.7584050039093041 0.7962962962962963 0.764659890539484 0.8051529790660226 0.764659890539484 0.8115942028985508 0.7607505863956215 0.8132045088566827 0.7474589523064894 0.8107890499194848 0.7419859265050821 0.7995169082125604 0.7412040656763096
0 0.8156199677938808 0.764659890539484 0.8148148148148148 0.7724784988272088 0.821256038647343 0.7826426896012509 0.8325281803542673 0.7834245504300235 0.8389694041867954 0.7787333854573886 0.8389694041867954 0.7677873338545739 0.8333333333333334 0.7607505863956215 0.8236714975845411 0.7599687255668491
0 0.8196457326892109 0.7333854573885848 0.8172302737520128 0.7443315089913995 0.8236714975845411 0.7529319781078968 0.8341384863123994 0.7537138389366693 0.8421900161030595 0.746677091477717 0.8438003220611916 0.7357310398749023 0.8381642512077294 0.72869429241595 0.8285024154589372 0.7279124315871774
0 0.8429951690821256 0.7576231430805317 0.8454106280193237 0.7677873338545739 0.8526570048309179 0.7685691946833464 0.857487922705314 0.7654417513682564 0.855877616747182 0.7537138389366693 0.8510466988727858 0.7521501172791243
0 0.8526570048309179 0.7787333854573886 0.8518518518518519 0.7888975762314308 0.855877616747182 0.7951524628616107 0.8631239935587761 0.7982799061767005 0.8735909822866345 0.7920250195465207 0.8752012882447665 0.7826426896012509 0.8695652173913043 0.7740422204847537
0 0.8301127214170693 0.8037529319781079 0.8325281803542673 0.818608287724785 0.8381642512077294 0.8225175918686474 0.8446054750402576 0.8209538702111024 0.8518518518518519 0.8068803752931978 0.8502415458937198 0.8021892103205629 0.8397745571658615 0.7974980453479281
0 0.8623188405797102 0.8107896794370602 0.8623188405797102 0.8248631743549648 0.8760064412238325 0.8272087568412823 0.8808373590982287 0.8240813135261923 0.8832528180354268 0.8100078186082877 0.8792270531400966 0.8068803752931978 0.8679549114331723 0.8045347928068803
0 0.8719806763285024 0.8420641125879593 0.8711755233494364 0.8498827208756842 0.8743961352657005 0.8537920250195465 0.8808373590982287 0.8553557466770915 0.8864734299516909 0.8522283033620016 0.8880837359098228 0.8451915559030493 0.8840579710144928 0.836591086786552 0.8792270531400966 0.8358092259577795
0 0.8921095008051529 0.8444096950742768 0.8921095008051529 0.853010164190774 0.8993558776167472 0.8592650508209538 0.9074074074074074 0.8584831899921814 0.9130434782608695 0.8522283033620016 0.9130434782608695 0.8436278342455042 0.9082125603864735 0.8373729476153244 0.9001610305958132 0.8373729476153244
0 0.9130434782608695 0.8772478498827209 0.9130434782608695 0.8897576231430805 0.9202898550724637 0.8983580922595777 0.9331723027375202 0.8983580922595777 0.9428341384863124 0.8913213448006255 0.9436392914653784 0.8795934323690383 0.9347826086956522 0.8670836591086787 0.9235104669887279 0.8678655199374511
0 0.6932367149758454 0.8670836591086787 0.6916264090177133 0.8795934323690383 0.6948470209339774 0.893666927286943 0.7061191626409018 0.8991399530883503 0.714170692431562 0.8983580922595777 0.7278582930756844 0.8819390148553558 0.7254428341384863 0.8655199374511336 0.7125603864734299 0.8537920250195465 0.7020933977455717 0.8569194683346364
0 0.6570048309178744 0.8795934323690383 0.6553945249597424 0.8944487881157154 0.6594202898550725 0.9007036747458952 0.6666666666666666 0.9030492572322126 0.6819645732689211 0.893666927286943 0.6851851851851852 0.870992963252541 0.678743961352657 0.8655199374511336 0.6698872785829307 0.8647380766223612
0 0.5950080515297906 0.7967161845191556 0.5974235104669887 0.8170445660672401 0.6151368760064412 0.8287724784988272 0.6231884057971014 0.8295543393275997 0.6288244766505636 0.8193901485535575 0.6231884057971014 0.8076622361219703 0.6223832528180354 0.7904612978889758 0.607085346215781 0.784206411258796 0.5990338164251208 0.7896794370602033
0 0.6127214170692431 0.7599687255668491 0.6119162640901772 0.7756059421422987 0.6151368760064412 0.7834245504300235 0.6264090177133655 0.7865519937451134 0.6409017713365539 0.7756059421422987 0.643317230273752 0.7623143080531666 0.6352657004830918 0.7537138389366693 0.6223832528180354 0.7505863956215794
0 0.5789049919484702 0.7615324472243941 0.5780998389694042 0.7756059421422987 0.5845410628019324 0.784206411258796 0.5966183574879227 0.7865519937451134 0.6038647342995169 0.7818608287724785 0.607085346215781 0.7576231430805317 0.6014492753623188 0.7513682564503519 0.5885668276972624 0.7513682564503519
0 0.6634460547504025 0.7357310398749023 0.6626409017713365 0.7482408131352619 0.6666666666666666 0.7568412822517592 0.678743961352657 0.764659890539484 0.6884057971014492 0.763096168881939 0.6940418679549114 0.7529319781078968 0.6900161030595813 0.7326035965598123 0.6819645732689211 0.7279124315871774 0.6731078904991948 0.7279124315871774
0 0.677133655394525 0.7787333854573886 0.6747181964573269 0.784206411258796 0.6803542673107891 0.8029710711493354 0.6876006441223832 0.8084440969507428 0.6996779388083736 0.8068803752931978 0.7053140096618358 0.7943706020328382 0.6996779388083736 0.7795152462861611 0.6916264090177133 0.7740422204847537 0.6819645732689211 0.7740422204847537
0 0.6473429951690821 0.7654417513682564 0.6473429951690821 0.7740422204847537 0.6537842190016103 0.7849882720875684 0.6626409017713365 0.7865519937451134 0.6690821256038647 0.781078967943706 0.6690821256038647 0.7677873338545739 0.6626409017713365 0.7599687255668491 0.6521739130434783 0.7607505863956215
0 0.7214170692431562 0.8107896794370602 0.7222222222222222 0.8240813135261923 0.7278582930756844 0.8334636434714621 0.7351046698872786 0.835027365129007 0.7455716586151369 0.8311180609851446 0.748792270531401 0.8193901485535575 0.7415458937198067 0.8053166536356529 0.7302737520128825 0.8037529319781079
0 0.6996779388083736 0.7576231430805317 0.6996779388083736 0.766223612197029 0.7037037037037037 0.7724784988272088 0.7101449275362319 0.7756059421422987 0.7181964573268921 0.7732603596559813 0.7214170692431562 0.7623143080531666 0.717391304347826 0.7568412822517592 0.7069243156199678 0.7529319781078968
0 0.6964573268921095 0.7247849882720876 0.6956521739130435 0.7333854573885848 0.7020933977455717 0.7427677873338546 0.714975845410628 0.746677091477717 0.7222222222222222 0.7419859265050821 0.7238325281803543 0.7333854573885848 0.717391304347826 0.72556684910086 0.7101449275362319 0.7216575449569976 0.7004830917874396 0.7216575449569976
0 0.7351046698872786 0.745113369820172 0.7318840579710145 0.7482408131352619 0.7326892109500805 0.7623143080531666 0.7367149758454107 0.7677873338545739 0.7407407407407407 0.7677873338545739 0.749597423510467 0.7623143080531666 0.7520128824476651 0.7544956997654417 0.7463768115942029 0.7458952306489445
0 0.7222222222222222 0.6989835809225958 0.7190016103059581 0.7028928850664582 0.7190016103059581 0.7114933541829555 0.7254428341384863 0.7232212666145426 0.7399355877616747 0.7294761532447225 0.7471819645732689 0.72869429241595 0.751207729468599 0.7122752150117279 0.7463768115942029 0.7021110242376857 0.7310789049919485 0.6966379984362784
0 0.7528180354267311 0.7310398749022674 0.7536231884057971 0.7404222048475372 0.7681159420289855 0.7498045347928068 0.7785829307568438 0.746677091477717 0.78341384863124 0.7404222048475372 0.782608695652174 0.7302580140734949 0.7697262479871175 0.7224394057857702 0.7576489533011272 0.7247849882720876
0 0.751207729468599 0.6864738076622361 0.749597423510467 0.6997654417513682 0.7544283413848631 0.709147771696638 0.7640901771336553 0.7146207974980453 0.7761674718196457 0.7130570758405004 0.7777777777777778 0.6888193901485535 0.7673107890499195 0.6825645035183737 0.7584541062801933 0.6825645035183737
0 0.8019323671497585 0.7146207974980453 0.7995169082125604 0.7240031274433151 0.8067632850241546 0.7302580140734949 0.8180354267310789 0.72869429241595 0.822866344605475 0.7216575449569976 0.822061191626409 0.7130570758405004 0.8172302737520128 0.709147771696638 0.8107890499194848 0.7083659108678655
0 0.7866344605475041 0.6872556684910086 0.7874396135265701 0.6974198592650508 0.7922705314009661 0.7021110242376857 0.8019323671497585 0.7021110242376857 0.8099838969404187 0.6958561376075059 0.8091787439613527 0.6880375293197811 0.8011272141706924 0.6825645035183737 0.7930756843800322 0.6817826426896012
0 0.820450885668277 0.6856919468334637 0.8196457326892109 0.6942924159499609 0.8268921095008052 0.7005473025801408 0.8381642512077294 0.6997654417513682 0.8421900161030595 0.6950742767787333 0.8429951690821256 0.6872556684910086 0.8365539452495975 0.6810007818608288 0.8260869565217391 0.6810007818608288
0 0.8276972624798712 0.7122752150117279 0.8276972624798712 0.7193119624706802 0.8309178743961353 0.7224394057857702 0.8381642512077294 0.7224394057857702 0.8429951690821256 0.7185301016419078 0.8454106280193237 0.7083659108678655 0.8381642512077294 0.7052384675527756
0 0.8502415458937198 0.6989835809225958 0.8510466988727858 0.7075840500390931 0.855877616747182 0.7107114933541829 0.8655394524959742 0.7107114933541829 0.8703703703703703 0.7044566067240031 0.8703703703703703 0.6974198592650508 0.8655394524959742 0.691164972634871 0.855072463768116 0.6935105551211884
0 0.8776167471819646 0.6974198592650508 0.8752012882447665 0.7036747458952306 0.8792270531400966 0.7107114933541829 0.8872785829307569 0.7099296325254105 0.8913043478260869 0.706020328381548 0.8904991948470209 0.6935105551211884 0.8824476650563607 0.6935105551211884
0 0.8840579710144928 0.7177482408131353 0.8840579710144928 0.7263487099296325 0.8872785829307569 0.7294761532447225 0.8977455716586151 0.727130570758405 0.8993558776167472 0.7193119624706802 0.8969404186795491 0.7146207974980453 0.8896940418679549 0.7130570758405004
0 0.8655394524959742 0.7169663799843627 0.8647342995169082 0.7240031274433151 0.8679549114331723 0.727130570758405 0.8735909822866345 0.727130570758405 0.8784219001610306 0.7232212666145426 0.8768115942028986 0.7154026583268178 0.8719806763285024 0.7138389366692729
0 0.8510466988727858 0.7388584831899921 0.8502415458937198 0.7443315089913995 0.855072463768116 0.7490226739640344 0.8655394524959742 0.746677091477717 0.8687600644122383 0.7419859265050821 0.8647342995169082 0.7326035965598123 0.855072463768116 0.7333854573885848
0 0.8735909822866345 0.7341673182173573 0.8752012882447665 0.7427677873338546 0.8816425120772947 0.7419859265050821 0.8848631239935588 0.7372947615324472 0.8848631239935588 0.7318217357310399 0.8808373590982287 0.72869429241595
0 0.8872785829307569 0.7404222048475372 0.8896940418679549 0.7505863956215794 0.893719806763285 0.7521501172791243 0.9001610305958132 0.7482408131352619 0.9009661835748792 0.7404222048475372 0.8977455716586151 0.7357310398749023 0.8904991948470209 0.7357310398749023
0 0.8663446054750402 0.7529319781078968 0.8647342995169082 0.7599687255668491 0.8687600644122383 0.7670054730258014 0.8800322061191627 0.7677873338545739 0.8864734299516909 0.7615324472243941 0.8864734299516909 0.7537138389366693 0.8800322061191627 0.7474589523064894 0.8703703703703703 0.7490226739640344
0 0.8913043478260869 0.7576231430805317 0.8913043478260869 0.7677873338545739 0.893719806763285 0.7701329163408913 0.9025764895330113 0.7693510555121188 0.9049919484702094 0.7654417513682564 0.9025764895330113 0.7576231430805317 0.8993558776167472 0.7552775605942142
0 0.8792270531400966 0.7740422204847537 0.8784219001610306 0.7787333854573886 0.8824476650563607 0.7818608287724785 0.8913043478260869 0.7787333854573886 0.8880837359098228 0.7701329163408913
0 0.8800322061191627 0.7904612978889758 0.8792270531400966 0.7967161845191556 0.8848631239935588 0.8037529319781079 0.893719806763285 0.8021892103205629 0.8985507246376812 0.7959343236903831 0.8913043478260869 0.7849882720875684 0.8864734299516909 0.7849882720875684
0 0.9041867954911433 0.743549648162627 0.9025764895330113 0.7529319781078968 0.9049919484702094 0.7568412822517592 0.9154589371980676 0.7591868647380766 0.9202898550724637 0.7560594214229867 0.9210950080515298 0.7513682564503519 0.9146537842190016 0.7404222048475372
0 0.9009661835748792 0.7247849882720876 0.9001610305958132 0.7318217357310399 0.9041867954911433 0.7388584831899921 0.9146537842190016 0.7380766223612197 0.9178743961352657 0.7349491790461298 0.9186795491143317 0.7263487099296325 0.9154589371980676 0.7208756841282252 0.9066022544283414 0.7200938232994527
0 0.8671497584541062 0.6794370602032838 0.8663446054750402 0.6856919468334637 0.8727858293075684 0.691164972634871 0.8800322061191627 0.6903831118060985 0.8840579710144928 0.6856919468334637 0.8840579710144928 0.6802189210320563 0.8800322061191627 0.6763096168881939 0.8711755233494364 0.6763096168881939
0 0.8478260869565217 0.6778733385457388 0.8462157809983897 0.6841282251759186 0.8486312399355878 0.6880375293197811 0.855877616747182 0.689601250977326 0.8615136876006442 0.6864738076622361 0.8631239935587761 0.6817826426896012 0.8590982286634461 0.6763096168881939
0 0.8293075684380032 0.6598905394839718 0.8276972624798712 0.6692728694292416 0.8317230273752013 0.674745895230649 0.8438003220611916 0.6739640344018765 0.8526570048309179 0.6692728694292416 0.8534621578099839 0.6614542611415168 0.8494363929146538 0.656763096168882 0.8373590982286635 0.6544175136825645
0 0.820450885668277 0.6325254104769351 0.8196457326892109 0.6512900703674745 0.8252818035426731 0.653635652853792 0.8341384863123994 0.6505082095387021 0.8381642512077294 0.6442533229085223 0.8373590982286635 0.63721657544957 0.8276972624798712 0.6309616888193902
0 0.7689210950080515 0.6637998436278343 0.7689210950080515 0.673182173573104 0.7745571658615137 0.6786551993745114 0.785024154589372 0.6794370602032838 0.7922705314009661 0.6724003127443315 0.7914653784219001 0.6637998436278343 0.785829307568438 0.6583268178264269 0.7769726247987118 0.6575449569976545
0 0.7310789049919485 0.6637998436278343 0.7318840579710145 0.6763096168881939 0.7407407407407407 0.6810007818608288 0.7544283413848631 0.6794370602032838 0.7624798711755234 0.6700547302580141 0.7584541062801933 0.6575449569976545 0.748792270531401 0.6520719311962471 0.7359098228663447 0.655199374511337
0 0.7028985507246377 0.6677091477716967 0.6988727858293076 0.671618451915559 0.6988727858293076 0.6927286942924159 0.717391304347826 0.6982017200938233 0.7262479871175523 0.6888193901485535 0.7270531400966184 0.6770914777169664 0.7190016103059581 0.6692728694292416
0 0.8019323671497585 0.6645817044566067 0.8035426731078905 0.6755277560594214 0.8107890499194848 0.6794370602032838 0.822061191626409 0.6755277560594214 0.8236714975845411 0.6677091477716967 0.8188405797101449 0.6575449569976545 0.8107890499194848 0.6575449569976545
0 0.7592592592592593 0.6348709929632526 0.7584541062801933 0.6442533229085223 0.7648953301127214 0.6520719311962471 0.7689210950080515 0.6544175136825645 0.7801932367149759 0.6473807662236122 0.7818035426731079 0.6395621579358874 0.7753623188405797 0.6309616888193902 0.7657004830917874 0.6293979671618452
0 0.7520128824476651 0.6075058639562158 0.750402576489533 0.6184519155590305 0.7552334943639292 0.6247068021892104 0.7616747181964574 0.6254886630179828 0.7705314009661836 0.6215793588741204 0.7729468599033816 0.6098514464425332 0.7689210950080515 0.6043784206411259 0.7592592592592593 0.602814698983581
0 0.6996779388083736 0.6325254104769351 0.6996779388083736 0.6426896012509773 0.7061191626409018 0.653635652853792 0.7125603864734299 0.655199374511337 0.7302737520128825 0.6473807662236122 0.7278582930756844 0.6379984362783424 0.7198067632850241 0.6293979671618452 0.7053140096618358 0.6278342455043002
0 0.7053140096618358 0.596559812353401 0.7045088566827697 0.6067240031274433 0.7077294685990339 0.6121970289288506 0.7238325281803543 0.6137607505863957 0.7310789049919485 0.6059421422986708 0.7342995169082126 0.5949960906958561 0.7270531400966184 0.584831899921814 0.7198067632850241 0.5832681782642689 0.7133655394524959 0.5856137607505864
0 0.7866344605475041 0.63721657544957 0.7874396135265701 0.6505082095387021 0.7930756843800322 0.656763096168882 0.7995169082125604 0.655199374511337 0.8067632850241546 0.6450351837372947 0.8051529790660226 0.6379984362783424 0.7995169082125604 0.6348709929632526
0 0.8091787439613527 0.6114151681000782 0.8067632850241546 0.6200156372165755 0.8099838969404187 0.6254886630179828 0.822866344605475 0.6270523846755277 0.8276972624798712 0.619233776387803 0.8260869565217391 0.6121970289288506 0.8180354267310789 0.6082877247849883
0 0.8325281803542673 0.6200156372165755 0.8317230273752013 0.6262705238467553 0.8357487922705314 0.6309616888193902 0.8454106280193237 0.6301798279906177 0.8470209339774557 0.6231430805316653 0.8446054750402576 0.617670054730258 0.8365539452495975 0.6168881939014855
0 0.8502415458937198 0.6075058639562158 0.8494363929146538 0.616106333072713 0.855072463768116 0.6262705238467553 0.8663446054750402 0.6278342455043002 0.8752012882447665 0.6231430805316653 0.8743961352657005 0.6090695856137608 0.8695652173913043 0.6035965598123534 0.857487922705314 0.6020328381548085
0 0.8727858293075684 0.655199374511337 0.8735909822866345 0.6692728694292416 0.8832528180354268 0.673182173573104 0.8921095008051529 0.6708365910867865 0.894524959742351 0.6583268178264269 0.8913043478260869 0.6528537920250196 0.8816425120772947 0.6505082095387021
0 0.8582930756843801 0.6661454261141517 0.857487922705314 0.671618451915559 0.8623188405797102 0.674745895230649 0.8703703703703703 0.671618451915559 0.8695652173913043 0.6645817044566067 0.8655394524959742 0.6622361219702892
0 0.7954911433172303 0.5957779515246286 0.7946859903381642 0.602814698983581 0.7987117552334944 0.6075058639562158 0.8035426731078905 0.6090695856137608 0.8099838969404187 0.6051602814698983 0.8107890499194848 0.5981235340109461 0.8067632850241546 0.5942142298670836 0.8035426731078905 0.5926505082095387
0 0.8582930756843801 0.6520719311962471 0.856682769726248 0.6575449569976545 0.8590982286634461 0.6598905394839718 0.8671497584541062 0.6575449569976545 0.8663446054750402 0.6512900703674745
0 0.57085346215781 0.8342455043002346 0.5700483091787439 0.8420641125879593 0.573268921095008 0.8491008600469117 0.5829307568438004 0.8522283033620016 0.5893719806763285 0.8444096950742768 0.5885668276972624 0.8342455043002346 0.5805152979066023 0.8287724784988272
0 0.5692431561996779 0.8021892103205629 0.5684380032206119 0.8123534010946052 0.573268921095008 0.8193901485535575 0.5797101449275363 0.8193901485535575 0.5869565217391305 0.8146989835809226 0.5877616747181964 0.8068803752931978 0.5837359098228664 0.8014073494917905 0.571658615136876 0.799061767005473
0 0.5974235104669887 0.8295543393275997 0.5974235104669887 0.8436278342455042 0.605475040257649 0.8467552775605942 0.6191626409017713 0.8451915559030493 0.6191626409017713 0.8373729476153244 0.6086956521739131 0.8272087568412823 0.6014492753623188 0.8264268960125097
0 0.5587761674718197 0.7787333854573886 0.5603864734299517 0.7904612978889758 0.57085346215781 0.7935887412040656 0.5748792270531401 0.7896794370602033 0.5764895330112721 0.7818608287724785 0.571658615136876 0.7740422204847537 0.5636070853462157 0.7732603596559813
0 0.5611916264090178 0.7537138389366693 0.5611916264090178 0.766223612197029 0.5636070853462157 0.7693510555121188 0.57085346215781 0.7693510555121188 0.5772946859903382 0.7544956997654417 0.573268921095008 0.7498045347928068 0.5652173913043478 0.7498045347928068
0 0.5571658615136876 0.7263487099296325 0.5587761674718197 0.7388584831899921 0.5636070853462157 0.7427677873338546 0.573268921095008 0.7419859265050821 0.5789049919484702 0.7341673182173573 0.5772946859903382 0.72556684910086 0.571658615136876 0.7208756841282252 0.5611916264090178 0.7208756841282252
0 0.5394524959742351 0.7310398749022674 0.538647342995169 0.7412040656763096 0.5410628019323671 0.745113369820172 0.5475040257648953 0.746677091477717 0.5539452495974235 0.7404222048475372 0.5531400966183575 0.7333854573885848 0.5475040257648953 0.7279124315871774
0 0.5426731078904992 0.7529319781078968 0.5418679549114331 0.7584050039093041 0.5458937198067633 0.764659890539484 0.5563607085346216 0.764659890539484 0.5539452495974235 0.7505863956215794 0.5483091787439613 0.7490226739640344
0 0.5483091787439613 0.7036747458952306 0.5507246376811594 0.7177482408131353 0.5571658615136876 0.7193119624706802 0.5652173913043478 0.7146207974980453 0.5652173913043478 0.7075840500390931 0.5611916264090178 0.7013291634089132 0.5523349436392915 0.6997654417513682
0 0.5861513687600645 0.7263487099296325 0.5853462157809984 0.7333854573885848 0.5893719806763285 0.7412040656763096 0.6078904991948471 0.7529319781078968 0.6127214170692431 0.7529319781078968 0.6247987117552335 0.7419859265050821 0.6183574879227053 0.7169663799843627 0.6151368760064412 0.7146207974980453 0.5998389694041868 0.7154026583268178
0 0.534621578099839 0.6770914777169664 0.534621578099839 0.6872556684910086 0.538647342995169 0.6935105551211884 0.5483091787439613 0.6950742767787333 0.5555555555555556 0.6903831118060985 0.5579710144927537 0.6778733385457388 0.5531400966183575 0.6739640344018765 0.5426731078904992 0.6724003127443315
0 0.5273752012882448 0.7114933541829555 0.5265700483091788 0.7177482408131353 0.5322061191626409 0.727130570758405 0.5426731078904992 0.7224394057857702 0.5442834138486312 0.7130570758405004 0.5410628019323671 0.7083659108678655 0.5314009661835749 0.7075840500390931
0 0.5169082125603864 0.6505082095387021 0.5161030595813204 0.6606724003127443 0.5201288244766505 0.6677091477716967 0.5289855072463768 0.671618451915559 0.5370370370370371 0.6677091477716967 0.538647342995169 0.6583268178264269 0.5297906602254429 0.6481626270523847 0.5217391304347826 0.6465989053948398
0 0.534621578099839 0.6403440187646599 0.534621578099839 0.6465989053948398 0.5434782608695652 0.6575449569976545 0.5563607085346216 0.6606724003127443 0.5636070853462157 0.6575449569976545 0.5668276972624798 0.6403440187646599 0.5603864734299517 0.6293979671618452 0.5434782608695652 0.6293979671618452
0 0.5692431561996779 0.6168881939014855 0.5684380032206119 0.6278342455043002 0.573268921095008 0.6379984362783424 0.5845410628019324 0.6442533229085223 0.5933977455716586 0.6442533229085223 0.5990338164251208 0.6325254104769351 0.5966183574879227 0.619233776387803 0.5877616747181964 0.6121970289288506 0.5764895330112721 0.6121970289288506
0 0.606280193236715 0.6348709929632526 0.605475040257649 0.6434714620797498 0.6143317230273752 0.6559812353401094 0.6264090177133655 0.6622361219702892 0.6384863123993558 0.6575449569976545 0.644927536231884 0.6403440187646599 0.644927536231884 0.6301798279906177 0.6384863123993558 0.6207974980453479 0.6272141706924316 0.616106333072713 0.6159420289855072 0.617670054730258 0.6086956521739131 0.6262705238467553
0 0.6191626409017713 0.5801407349491791 0.6191626409017713 0.5949960906958561 0.6239935587761675 0.6043784206411259 0.6360708534621579 0.6106333072713057 0.644122383252818 0.6090695856137608 0.6521739130434783 0.5934323690383112 0.6497584541062802 0.5793588741204065 0.643317230273752 0.5738858483189992 0.6328502415458938 0.5738858483189992 0.6264090177133655 0.5746677091477717
0 0.5925925925925926 0.6020328381548085 0.5925925925925926 0.6090695856137608 0.6022544283413849 0.616106333072713 0.6127214170692431 0.6137607505863957 0.6159420289855072 0.6090695856137608 0.6143317230273752 0.5942142298670836 0.6078904991948471 0.5887412040656763 0.5990338164251208 0.5895230648944488
0 0.6545893719806763 0.6458170445660673 0.6537842190016103 0.655199374511337 0.6578099838969405 0.6630179827990618 0.6650563607085346 0.6684910086004691 0.6698872785829307 0.6669272869429241 0.6755233494363929 0.6575449569976545 0.6723027375201288 0.6442533229085223 0.6602254428341385 0.6411258795934324
0 0.6578099838969405 0.6121970289288506 0.6529790660225443 0.619233776387803 0.6553945249597424 0.6270523846755277 0.6602254428341385 0.6325254104769351 0.6674718196457327 0.6333072713057076 0.6723027375201288 0.6278342455043002 0.6714975845410628 0.6200156372165755 0.6642512077294686 0.6114151681000782
0 0.6537842190016103 0.5496481626270524 0.6553945249597424 0.5629397967161845 0.6642512077294686 0.5676309616888194 0.6763285024154589 0.5645035183737295 0.6835748792270532 0.5559030492572322 0.6827697262479872 0.5480844409695075 0.6698872785829307 0.5402658326817826 0.6594202898550725 0.5433932759968726
0 0.6900161030595813 0.5527756059421423 0.6892109500805152 0.5613760750586395 0.6948470209339774 0.5723221266614542 0.7093397745571659 0.5731039874902267 0.71658615136876 0.5676309616888194 0.7181964573268921 0.5543393275996873 0.710950080515298 0.547302580140735 0.6988727858293076 0.5465207193119624
0 0.7246376811594203 0.5590304925723222 0.7222222222222222 0.5715402658326818 0.7270531400966184 0.5801407349491791 0.7334943639291466 0.581704456606724 0.7463768115942029 0.5738858483189992 0.7471819645732689 0.5629397967161845 0.7415458937198067 0.5566849100860047 0.7302737520128825 0.5543393275996873
0 0.7415458937198067 0.5363565285379203 0.7407407407407407 0.5465207193119624 0.750402576489533 0.5590304925723222 0.7657004830917874 0.5605942142298671 0.7729468599033816 0.5559030492572322 0.7777777777777778 0.5410476935105551 0.7721417069243156 0.5324472243940579 0.7536231884057971 0.527756059421423
0 0.7713365539452496 0.5645035183737295 0.7761674718196457 0.5770132916340891 0.78341384863124 0.5777951524628616 0.789049919484702 0.5746677091477717 0.7906602254428341 0.5668491008600469 0.7866344605475041 0.5590304925723222 0.7769726247987118 0.5582486317435497
0 0.7568438003220612 0.5676309616888194 0.7536231884057971 0.5691946833463644 0.7528180354267311 0.5754495699765442 0.7576489533011272 0.5793588741204065 0.7624798711755234 0.5793588741204065 0.7648953301127214 0.5777951524628616 0.7657004830917874 0.5699765441751369 0.7600644122383253 0.5676309616888194
0 0.748792270531401 0.5824863174354965 0.7439613526570048 0.5856137607505864 0.7415458937198067 0.5949960906958561 0.7455716586151369 0.599687255668491 0.749597423510467 0.6004691164972635 0.7544283413848631 0.599687255668491 0.7600644122383253 0.5934323690383112 0.7592592592592593 0.5863956215793589 0.7536231884057971 0.5824863174354965
0 0.821256038647343 0.5801407349491791 0.8132045088566827 0.5871774824081314 0.8140096618357487 0.5949960906958561 0.8188405797101449 0.6004691164972635 0.8276972624798712 0.6004691164972635 0.8333333333333334 0.5949960906958561 0.8325281803542673 0.584831899921814 0.8276972624798712 0.5801407349491791
0 0.7995169082125604 0.5723221266614542 0.7914653784219001 0.5777951524628616 0.7922705314009661 0.5856137607505864 0.7971014492753623 0.5895230648944488 0.8043478260869565 0.5887412040656763 0.8091787439613527 0.584831899921814 0.8099838969404187 0.5770132916340891 0.8043478260869565 0.5723221266614542
0 0.788244766505636 0.6082877247849883 0.7818035426731079 0.6106333072713057 0.7777777777777778 0.6153244722439406 0.7777777777777778 0.6215793588741204 0.782608695652174 0.6301798279906177 0.7938808373590982 0.6293979671618452 0.7995169082125604 0.6231430805316653 0.7987117552334944 0.6129788897576232 0.7898550724637681 0.6082877247849883
0 0.8164251207729468 0.5582486317435497 0.8091787439613527 0.5645035183737295 0.8091787439613527 0.5715402658326818 0.8164251207729468 0.5770132916340891 0.8244766505636071 0.5715402658326818 0.8236714975845411 0.5605942142298671 0.821256038647343 0.5582486317435497
0 0.8341384863123994 0.5598123534010946 0.8293075684380032 0.5629397967161845 0.8276972624798712 0.5738858483189992 0.8389694041867954 0.5793588741204065 0.8446054750402576 0.5777951524628616 0.8462157809983897 0.5684128225175918 0.8381642512077294 0.5598123534010946
0 0.7995169082125604 0.5559030492572322 0.7938808373590982 0.5598123534010946 0.7930756843800322 0.565285379202502 0.7954911433172303 0.5691946833463644 0.8011272141706924 0.5691946833463644 0.8051529790660226 0.565285379202502 0.8051529790660226 0.5590304925723222 0.8011272141706924 0.5559030492572322
0 0.7930756843800322 0.5410476935105551 0.784219001610306 0.5449569976544175 0.78341384863124 0.5504300234558248 0.7866344605475041 0.5543393275996873 0.7922705314009661 0.5551211884284597 0.7995169082125604 0.5504300234558248 0.8003220611916264 0.54573885848319 0.7938808373590982 0.5418295543393276
0 0.8083735909822867 0.5433932759968726 0.8043478260869565 0.54573885848319 0.8019323671497585 0.5512118842845973 0.8075684380032206 0.5574667709147771 0.8164251207729468 0.5535574667709148 0.8140096618357487 0.5433932759968726
0 0.8059581320450886 0.5254104769351056 0.7995169082125604 0.527756059421423 0.7971014492753623 0.5316653635652854 0.7979066022544283 0.5387021110242377 0.8035426731078905 0.5433932759968726 0.8123993558776168 0.5418295543393276 0.8164251207729468 0.5363565285379203 0.8140096618357487 0.5293197810789679 0.8075684380032206 0.5254104769351056
0 0.785024154589372 0.5269741985926505 0.7801932367149759 0.5316653635652854 0.782608695652174 0.5387021110242377 0.7906602254428341 0.5355746677091477 0.7914653784219001 0.5293197810789679 0.789049919484702 0.5269741985926505
0 0.7930756843800322 0.5050820953870211 0.7874396135265701 0.508209538702111 0.785024154589372 0.5152462861610634 0.789049919484702 0.5230648944487881 0.7962962962962963 0.5261923377638781 0.8043478260869565 0.5222830336200156 0.8051529790660226 0.5183737294761532 0.8027375201288245 0.509773260359656 0.7938808373590982 0.5058639562157936
0 0.7753623188405797 0.5136825645035183 0.7697262479871175 0.5183737294761532 0.7697262479871175 0.5230648944487881 0.7745571658615137 0.5261923377638781 0.7818035426731079 0.5222830336200156 0.782608695652174 0.5152462861610634 0.7801932367149759 0.5136825645035183
0 0.7962962962962963 0.4792806880375293 0.7898550724637681 0.4800625488663018 0.785024154589372 0.4878811571540266 0.7898550724637681 0.5019546520719312 0.7995169082125604 0.5019546520719312 0.8059581320450886 0.49726348709929635 0.8051529790660226 0.48553557466770914 0.8003220611916264 0.4792806880375293
0 0.7753623188405797 0.4769351055512119 0.7673107890499195 0.4839718530101642 0.7681159420289855 0.48944487881157156 0.7721417069243156 0.49335418295543393 0.782608695652174 0.48944487881157156 0.782608695652174 0.4808444096950743 0.7785829307568438 0.4769351055512119
0 0.7777777777777778 0.4941360437842064 0.7681159420289855 0.49960906958561374 0.7681159420289855 0.5058639562157936 0.7729468599033816 0.5105551211884285 0.7818035426731079 0.509773260359656 0.7866344605475041 0.5050820953870211 0.7809983896940419 0.4941360437842064
0 0.7560386473429952 0.48240813135261923 0.751207729468599 0.4847537138389367 0.7479871175523349 0.490226739640344 0.748792270531401 0.49648162627052383 0.7544283413848631 0.49960906958561374 0.7608695652173914 0.4980453479280688 0.7648953301127214 0.49257232212666147 0.7640901771336553 0.48631743549648165 0.7592592592592593 0.48240813135261923
0 0.7528180354267311 0.5043002345582487 0.7471819645732689 0.508209538702111 0.7455716586151369 0.5168100078186083 0.749597423510467 0.5230648944487881 0.7544283413848631 0.524628616106333 0.7624798711755234 0.5215011727912432 0.7657004830917874 0.5160281469898358 0.7632850241545893 0.5074276778733385 0.7592592592592593 0.5043002345582487
0 0.7351046698872786 0.5152462861610634 0.7302737520128825 0.5183737294761532 0.7286634460547504 0.5254104769351056 0.7318840579710145 0.5301016419077405 0.7375201288244766 0.5316653635652854 0.7439613526570048 0.5293197810789679 0.7455716586151369 0.5261923377638781 0.7447665056360708 0.5191555903049258 0.7407407407407407 0.5152462861610634
0 0.7262479871175523 0.5316653635652854 0.7190016103059581 0.5363565285379203 0.71658615136876 0.5418295543393276 0.71658615136876 0.5465207193119624 0.7238325281803543 0.5519937451133698 0.7318840579710145 0.5504300234558248 0.7359098228663447 0.54573885848319 0.7351046698872786 0.5363565285379203 0.7270531400966184 0.5316653635652854
0 0.714170692431562 0.509773260359656 0.7085346215780999 0.509773260359656 0.7045088566827697 0.5136825645035183 0.7045088566827697 0.5222830336200156 0.7133655394524959 0.5285379202501954 0.7222222222222222 0.5238467552775606 0.7246376811594203 0.5199374511336982 0.7246376811594203 0.5152462861610634 0.7198067632850241 0.509773260359656
0 0.6811594202898551 0.5199374511336982 0.6755233494363929 0.5254104769351056 0.6747181964573269 0.5324472243940579 0.6819645732689211 0.5371383893666928 0.6884057971014492 0.5347928068803753 0.6908212560386473 0.5308835027365129 0.6900161030595813 0.5238467552775606 0.6859903381642513 0.5199374511336982
0 0.9106280193236715 0.9335418295543393 0.9033816425120773 0.9390148553557467 0.9033816425120773 0.946051602814699 0.9090177133655395 0.9491790461297889 0.9146537842190016 0.9483971853010165 0.9194847020933977 0.9421422986708365 0.9202898550724637 0.9390148553557467 0.9154589371980676 0.9335418295543393
0 0.9315619967793881 0.9014855355746677 0.9227053140096618 0.9030492572322126 0.9186795491143317 0.910086004691165 0.9202898550724637 0.9186864738076622 0.9251207729468599 0.9218139171227522 0.9363929146537843 0.9202501954652071 0.9404186795491143 0.9155590304925724 0.9404186795491143 0.9061767005473026 0.9331723027375202 0.9014855355746677
0 0.9130434782608695 0.9179046129788898 0.9082125603864735 0.9210320562939797 0.9082125603864735 0.9272869429241595 0.9106280193236715 0.9296325254104769 0.9154589371980676 0.9296325254104769 0.9194847020933977 0.9257232212666145 0.9194847020933977 0.9202501954652071 0.9154589371980676 0.9179046129788898
0 0.926731078904992 0.9241594996090696 0.9227053140096618 0.928068803752932 0.9227053140096618 0.9358874120406567 0.927536231884058 0.9397967161845192 0.9355877616747182 0.9397967161845192 0.9404186795491143 0.9358874120406567 0.9412238325281803 0.9311962470680218 0.9380032206119162 0.9257232212666145 0.92914653784219 0.9241594996090696
0 0.8904991948470209 0.9429241594996091 0.8848631239935588 0.947615324472244 0.8824476650563607 0.9562157935887412 0.8913043478260869 0.9593432369038312 0.8961352657004831 0.9585613760750586 0.9001610305958132 0.9523064894448788 0.9001610305958132 0.946051602814699 0.894524959742351 0.9429241594996091
0 0.9057971014492754 0.9538702111024238 0.9017713365539453 0.9569976544175137 0.9041867954911433 0.9663799843627834 0.9122383252818036 0.9648162627052385 0.9146537842190016 0.9609069585613761 0.9098228663446055 0.9538702111024238
0 0.9146537842190016 0.9695074276778733 0.9106280193236715 0.9695074276778733 0.9057971014492754 0.9734167318217357 0.9066022544283414 0.9812353401094606 0.9146537842190016 0.9851446442533229 0.9210950080515298 0.980453479280688 0.9227053140096618 0.9734167318217357 0.9186795491143317 0.9695074276778733
0 0.9315619967793881 0.9695074276778733 0.9243156199677939 0.9734167318217357 0.9251207729468599 0.9788897576231431 0.927536231884058 0.9827990617670055 0.9363929146537843 0.9851446442533229 0.9404186795491143 0.9812353401094606 0.9404186795491143 0.9734167318217357 0.9331723027375202 0.9695074276778733
0 0.9041867954911433 0.9867083659108679 0.8993558776167472 0.9906176700547302 0.9009661835748792 0.9992181391712275 0.9106280193236715 0.9992181391712275 0.9122383252818036 0.9906176700547302 0.9082125603864735 0.9867083659108679
0 0.8639291465378421 0.9874902267396404 0.856682769726248 0.9921813917122753 0.8542673107890499 0.9992181391712275 0.8784219001610306 0.9992181391712275 0.8768115942028986 0.9913995308835027 0.8687600644122383 0.9874902267396404
0 0.8880837359098228 0.9913995308835027 0.8808373590982287 0.9992181391712275 0.8985507246376812 0.9992181391712275 0.894524959742351 0.9913995308835027
0 0.8365539452495975 0.9906176700547302 0.8317230273752013 0.9937451133698202 0.8301127214170693 0.9992181391712275 0.8462157809983897 0.9992181391712275 0.8413848631239935 0.9906176700547302
0 0.7616747181964574 0.9827990617670055 0.7544283413848631 0.9874902267396404 0.748792270531401 0.9992181391712275 0.7705314009661836 0.9992181391712275 0.7729468599033816 0.9874902267396404 0.7665056360708534 0.9827990617670055
0 0.6505636070853462 0.982017200938233 0.6384863123993558 0.9890539483971853 0.644122383252818 0.9992181391712275 0.6513687600644122 0.9992181391712275 0.6586151368760065 0.9921813917122753 0.6578099838969405 0.9859265050820953 0.6513687600644122 0.982017200938233
0 0.5789049919484702 0.8608287724784989 0.5756843800322061 0.8655199374511336 0.5789049919484702 0.8772478498827209 0.5845410628019324 0.8772478498827209 0.5901771336553945 0.8733385457388585 0.5853462157809984 0.8608287724784989
0 0.6578099838969405 0.5168100078186083 0.6505636070853462 0.5207193119624707 0.6473429951690821 0.5261923377638781 0.6489533011272142 0.5363565285379203 0.6545893719806763 0.5394839718530101 0.6642512077294686 0.5371383893666928 0.6706924315619968 0.5301016419077405 0.6698872785829307 0.5215011727912432 0.6618357487922706 0.5168100078186083
0 0.643317230273752 0.49648162627052383 0.6336553945249598 0.49648162627052383 0.6296296296296297 0.5003909304143862 0.6296296296296297 0.5152462861610634 0.6384863123993558 0.5199374511336982 0.6473429951690821 0.5191555903049258 0.6553945249597424 0.5089913995308835 0.6545893719806763 0.5003909304143862 0.6481481481481481 0.49648162627052383
0 0.6650563607085346 0.4698983580922596 0.6570048309178744 0.47146207974980453 0.6537842190016103 0.4761532447224394 0.6537842190016103 0.4910086004691165 0.6578099838969405 0.4941360437842064 0.6706924315619968 0.4941360437842064 0.6763285024154589 0.4910086004691165 0.678743961352657 0.48631743549648165 0.677938808373591 0.47537138389366695 0.6682769726247987 0.4698983580922596
0 0.6884057971014492 0.48944487881157156 0.6827697262479872 0.49569976544175137 0.6835748792270532 0.506645817044566 0.6884057971014492 0.5113369820172009 0.6964573268921095 0.5121188428459734 0.7020933977455717 0.508209538702111 0.7037037037037037 0.5011727912431587 0.7012882447665056 0.49335418295543393 0.6956521739130435 0.48944487881157156
0 0.7198067632850241 0.473807662236122 0.7085346215780999 0.4792806880375293 0.7061191626409018 0.4839718530101642 0.7085346215780999 0.4949179046129789 0.7190016103059581 0.49569976544175137 0.7270531400966184 0.48866301798279904 0.7278582930756844 0.4792806880375293 0.7262479871175523 0.4761532447224394 0.7206119162640902 0.47458952306489444
0 0.7334943639291466 0.490226739640344 0.7230273752012882 0.5003909304143862 0.7246376811594203 0.5050820953870211 0.7310789049919485 0.5105551211884285 0.7391304347826086 0.509773260359656 0.7439613526570048 0.5019546520719312 0.7431561996779388 0.4941360437842064 0.7367149758454107 0.490226739640344
0 0.7640901771336553 0.4581704456606724 0.7544283413848631 0.4683346364347146 0.7576489533011272 0.4761532447224394 0.7673107890499195 0.4769351055512119 0.7745571658615137 0.4730258014073495 0.7761674718196457 0.46442533229085226 0.7697262479871175 0.4581704456606724
0 0.7801932367149759 0.43158717748240816 0.7753623188405797 0.4331508991399531 0.7689210950080515 0.44253322908522286 0.7689210950080515 0.4503518373729476 0.7753623188405797 0.4581704456606724 0.782608695652174 0.4581704456606724 0.7922705314009661 0.44878811571540267 0.7922705314009661 0.436278342455043 0.785024154589372 0.43158717748240816
0 0.7584541062801933 0.42767787333854573 0.7520128824476651 0.43393275996872555 0.7520128824476651 0.43862392494136043 0.7552334943639292 0.4409695074276779 0.7624798711755234 0.4409695074276779 0.7673107890499195 0.4354964816262705 0.7665056360708534 0.43158717748240816 0.7592592592592593 0.42767787333854573
0 0.7439613526570048 0.4409695074276779 0.7391304347826086 0.44487881157154024 0.7423510466988728 0.4511336982017201 0.7471819645732689 0.4503518373729476 0.750402576489533 0.4464425332290852 0.7471819645732689 0.4409695074276779
0 0.7479871175523349 0.45426114151681 0.7407407407407407 0.4589523064894449 0.7447665056360708 0.4652071931196247 0.7520128824476651 0.4620797498045348 0.7520128824476651 0.4573885848318999 0.748792270531401 0.4550430023455825
0 0.7246376811594203 0.4480062548866302 0.7125603864734299 0.4589523064894449 0.7133655394524959 0.46442533229085226 0.7206119162640902 0.4683346364347146 0.7294685990338164 0.46755277560594216 0.7359098228663447 0.4620797498045348 0.7367149758454107 0.4550430023455825 0.7310789049919485 0.4480062548866302
0 0.6924315619967794 0.4480062548866302 0.6819645732689211 0.4550430023455825 0.6819645732689211 0.46442533229085226 0.6867954911433173 0.4730258014073495 0.6988727858293076 0.4761532447224394 0.7061191626409018 0.47146207974980453 0.7077294685990339 0.4589523064894449 0.7037037037037037 0.45269741985926504 0.6964573268921095 0.4480062548866302
0 0.6892109500805152 0.4143862392494136 0.6819645732689211 0.42064112587959346 0.6803542673107891 0.4292415949960907 0.6819645732689211 0.436278342455043 0.6924315619967794 0.4401876465989054 0.6988727858293076 0.43784206411258797 0.7028985507246377 0.43080531665363564 0.7028985507246377 0.4214229867083659 0.6988727858293076 0.41673182173573103 0.6924315619967794 0.4143862392494136
0 0.7093397745571659 0.43471462079749806 0.7028985507246377 0.44253322908522286 0.7045088566827697 0.4480062548866302 0.7085346215780999 0.4511336982017201 0.7133655394524959 0.4503518373729476 0.71658615136876 0.4464425332290852 0.717391304347826 0.4401876465989054 0.714170692431562 0.43471462079749806
0 0.7310789049919485 0.42376856919468336 0.7222222222222222 0.43158717748240816 0.7238325281803543 0.4409695074276779 0.7334943639291466 0.44175136825645034 0.7407407407407407 0.4354964816262705 0.7399355877616747 0.42767787333854573 0.7318840579710145 0.4245504300234558
0 0.711755233494364 0.41594996090695857 0.7069243156199678 0.42298670836591085 0.7101449275362319 0.4300234558248632 0.7206119162640902 0.42767787333854573 0.7214170692431562 0.42064112587959346 0.717391304347826 0.41594996090695857
0 0.7270531400966184 0.40187646598905397 0.7206119162640902 0.40891321344800624 0.7222222222222222 0.41673182173573103 0.7270531400966184 0.4214229867083659 0.7359098228663447 0.41985926505082094 0.7407407407407407 0.4143862392494136 0.7383252818035426 0.4065676309616888 0.7326892109500805 0.40187646598905397
0 0.7463768115942029 0.4143862392494136 0.7415458937198067 0.418295543393276 0.7407407407407407 0.42376856919468336 0.7471819645732689 0.4284597341673182 0.7528180354267311 0.42767787333854573 0.7568438003220612 0.42376856919468336 0.7568438003220612 0.418295543393276 0.7528180354267311 0.4143862392494136
0 0.6610305958132046 0.4354964816262705 0.6553945249597424 0.43862392494136043 0.6513687600644122 0.44487881157154024 0.6513687600644122 0.45347928068803756 0.6586151368760065 0.46051602814698983 0.6698872785829307 0.45973416731821737 0.6763285024154589 0.45347928068803756 0.677938808373591 0.44253322908522286 0.6755233494363929 0.43862392494136043 0.6682769726247987 0.4354964816262705
0 0.6256038647342995 0.436278342455043 0.6183574879227053 0.43784206411258797 0.6143317230273752 0.44253322908522286 0.6143317230273752 0.45347928068803756 0.6215780998389694 0.45973416731821737 0.6368760064412239 0.45973416731821737 0.6417069243156199 0.45426114151681 0.6409017713365539 0.4440969507427678 0.6368760064412239 0.43862392494136043 0.6272141706924316 0.436278342455043
0 0.6473429951690821 0.42064112587959346 0.6400966183574879 0.42376856919468336 0.6384863123993558 0.42767787333854573 0.6384863123993558 0.43158717748240816 0.643317230273752 0.4370602032838155 0.6489533011272142 0.436278342455043 0.6561996779388084 0.43080531665363564 0.6561996779388084 0.4245504300234558 0.6521739130434783 0.42064112587959346
0 0.6674718196457327 0.41360437842064113 0.6594202898550725 0.4175136825645035 0.6602254428341385 0.4253322908522283 0.6658615136876006 0.4284597341673182 0.6723027375201288 0.4284597341673182 0.6747181964573269 0.4253322908522283 0.6747181964573269 0.4175136825645035 0.6706924315619968 0.41360437842064113
0 0.679549114331723 0.3846755277560594 0.6674718196457327 0.3964034401876466 0.6706924315619968 0.4073494917904613 0.677133655394525 0.4104769351055512 0.6876006441223832 0.4081313526192338 0.6916264090177133 0.40187646598905397 0.6924315619967794 0.3940578577013292 0.6851851851851852 0.3846755277560594
0 0.6489533011272142 0.3932759968725567 0.6392914653784219 0.3964034401876466 0.6368760064412239 0.4065676309616888 0.6400966183574879 0.4104769351055512 0.6545893719806763 0.41204065676309615 0.6578099838969405 0.40969507427677876 0.6610305958132046 0.40109460516028145 0.6537842190016103 0.3932759968725567
0 0.6288244766505636 0.4112587959343237 0.6135265700483091 0.4143862392494136 0.6111111111111112 0.4261141516810008 0.6151368760064412 0.43158717748240816 0.6247987117552335 0.4300234558248632 0.6336553945249598 0.4245504300234558 0.6336553945249598 0.4143862392494136 0.6296296296296297 0.4112587959343237
0 0.6191626409017713 0.3745113369820172 0.6135265700483091 0.37685691946833466 0.6086956521739131 0.3831118060985145 0.6103059581320451 0.3940578577013292 0.6167471819645732 0.3971853010164191 0.6264090177133655 0.3964034401876466 0.6328502415458938 0.39014855355746675 0.6320450885668277 0.37998436278342457 0.6239935587761675 0.3745113369820172
0 0.6545893719806763 0.36512900703674744 0.6465378421900161 0.3706020328381548 0.644927536231884 0.3752931978107897 0.6465378421900161 0.3831118060985145 0.6521739130434783 0.3862392494136044 0.6586151368760065 0.3862392494136044 0.6650563607085346 0.37998436278342457 0.6650563607085346 0.36903831118060987 0.6586151368760065 0.36512900703674744
0 0.677938808373591 0.364347146207975 0.6731078904991948 0.3713838936669273 0.6763285024154589 0.37998436278342457 0.6843800322061192 0.3784206411258796 0.6876006441223832 0.3737294761532447 0.6876006441223832 0.36903831118060987 0.6827697262479872 0.364347146207975
0 0.6996779388083736 0.36982017200938233 0.6916264090177133 0.3784206411258796 0.6924315619967794 0.38389366692728694 0.6972624798711755 0.3862392494136044 0.6980676328502415 0.39014855355746675 0.7069243156199678 0.3893666927286943 0.7133655394524959 0.3846755277560594 0.7133655394524959 0.3776387802971071 0.7045088566827697 0.36982017200938233
0 0.7081320450885669 0.39483971853010164 0.7012882447665056 0.3956215793588741 0.6964573268921095 0.400312744331509 0.6972624798711755 0.40891321344800624 0.7061191626409018 0.41360437842064113 0.711755233494364 0.41204065676309615 0.71658615136876 0.4065676309616888 0.71658615136876 0.400312744331509 0.7125603864734299 0.39483971853010164
0 0.7230273752012882 0.3784206411258796 0.7181964573268921 0.382329945269742 0.717391304347826 0.39093041438623927 0.7238325281803543 0.39874902267396406 0.7286634460547504 0.39874902267396406 0.7342995169082126 0.3956215793588741 0.7351046698872786 0.3893666927286943 0.7278582930756844 0.3784206411258796
0 0.749597423510467 0.3885848318999218 0.7415458937198067 0.39014855355746675 0.7367149758454107 0.3971853010164191 0.7391304347826086 0.4042220484753714 0.7463768115942029 0.40969507427677876 0.7552334943639292 0.40969507427677876 0.7608695652173914 0.4042220484753714 0.7608695652173914 0.3940578577013292 0.7544283413848631 0.3885848318999218
0 0.7214170692431562 0.3487099296325254 0.711755233494364 0.3534010946051603 0.7077294685990339 0.3596559812353401 0.7085346215780999 0.36591086786551996 0.7190016103059581 0.3752931978107897 0.7262479871175523 0.3737294761532447 0.7342995169082126 0.36200156372165754 0.7326892109500805 0.3526192337763878 0.7270531400966184 0.3487099296325254
0 0.7407407407407407 0.36903831118060987 0.7302737520128825 0.37685691946833466 0.7334943639291466 0.3846755277560594 0.7407407407407407 0.3885848318999218 0.750402576489533 0.37998436278342457 0.749597423510467 0.3737294761532447 0.7423510466988728 0.36903831118060987
0 0.7689210950080515 0.39796716184519154 0.7616747181964574 0.4034401876465989 0.7584541062801933 0.4151681000781861 0.7632850241545893 0.4253322908522283 0.7745571658615137 0.42767787333854573 0.785829307568438 0.4214229867083659 0.7866344605475041 0.4112587959343237 0.78341384863124 0.4034401876465989 0.7729468599033816 0.39796716184519154
0 0.7061191626409018 0.32916340891321344 0.6988727858293076 0.3338545738858483 0.6980676328502415 0.344800625488663 0.7085346215780999 0.3502736512900704 0.717391304347826 0.34714620797498047 0.7214170692431562 0.34323690383111805 0.7214170692431562 0.3393275996872557 0.714170692431562 0.3307271305707584 0.7069243156199678 0.3299452697419859
0 0.6956521739130435 0.34792806880375293 0.6892109500805152 0.3502736512900704 0.6843800322061192 0.3565285379202502 0.6851851851851852 0.36200156372165754 0.6892109500805152 0.36512900703674744 0.6972624798711755 0.36591086786551996 0.7037037037037037 0.3604378420641126 0.7045088566827697 0.3526192337763878 0.6964573268921095 0.3487099296325254
0 0.6739130434782609 0.34401876465989056 0.6666666666666666 0.3518373729476153 0.6666666666666666 0.3557466770914777 0.6714975845410628 0.3612197028928851 0.677938808373591 0.3604378420641126 0.6811594202898551 0.3557466770914777 0.6819645732689211 0.3518373729476153 0.677133655394525 0.34401876465989056
0 0.6876006441223832 0.3346364347146208 0.6803542673107891 0.3416731821735731 0.6851851851851852 0.3494917904612979 0.6940418679549114 0.3455824863174355 0.6916264090177133 0.3346364347146208
0 0.6714975845410628 0.32447224394057855 0.6674718196457327 0.3275996872556685 0.6690821256038647 0.3346364347146208 0.677133655394525 0.33698201720093823 0.6819645732689211 0.3307271305707584 0.6747181964573269 0.32447224394057855
0 0.6610305958132046 0.3338545738858483 0.6570048309178744 0.33541829554339325 0.6537842190016103 0.3408913213448006 0.6578099838969405 0.34636434714620795 0.6642512077294686 0.3455824863174355 0.6642512077294686 0.33698201720093823 0.6618357487922706 0.3346364347146208
0 0.6521739130434783 0.34792806880375293 0.6465378421900161 0.3518373729476153 0.6465378421900161 0.35731039874902265 0.6497584541062802 0.3604378420641126 0.6586151368760065 0.3565285379202502 0.6594202898550725 0.35105551211884284 0.6553945249597424 0.34792806880375293
0 0.6296296296296297 0.3494917904612979 0.6223832528180354 0.35731039874902265 0.6223832528180354 0.364347146207975 0.6256038647342995 0.36982017200938233 0.6352657004830918 0.3713838936669273 0.642512077294686 0.3666927286942924 0.643317230273752 0.35731039874902265 0.6400966183574879 0.3518373729476153 0.6336553945249598 0.3494917904612979
0 0.605475040257649 0.35105551211884284 0.5998389694041868 0.3526192337763878 0.5958132045088567 0.3604378420641126 0.5982286634460547 0.36982017200938233 0.6022544283413849 0.3713838936669273 0.6127214170692431 0.36982017200938233 0.6175523349436393 0.364347146207975 0.6159420289855072 0.3557466770914777 0.606280193236715 0.3518373729476153
0 0.6159420289855072 0.3307271305707584 0.607085346215781 0.3385457388584832 0.6078904991948471 0.344800625488663 0.6159420289855072 0.3502736512900704 0.6231884057971014 0.34792806880375293 0.6280193236714976 0.3416731821735731 0.6272141706924316 0.33541829554339325 0.6207729468599034 0.3307271305707584
0 0.6296296296296297 0.3064894448788116 0.6215780998389694 0.3158717748240813 0.6215780998389694 0.3236903831118061 0.6256038647342995 0.3275996872556685 0.6352657004830918 0.3275996872556685 0.642512077294686 0.3205629397967162 0.6417069243156199 0.31039874902267395 0.6352657004830918 0.3064894448788116
0 0.6400966183574879 0.3307271305707584 0.6328502415458938 0.33620015637216577 0.6328502415458938 0.34323690383111805 0.6360708534621579 0.34636434714620795 0.643317230273752 0.34636434714620795 0.6489533011272142 0.3416731821735731 0.6489533011272142 0.3346364347146208 0.644122383252818 0.3307271305707584
0 0.6529790660225443 0.31821735731039874 0.6497584541062802 0.3197810789679437 0.6481481481481481 0.32447224394057855 0.6537842190016103 0.3307271305707584 0.6594202898550725 0.32916340891321344 0.6618357487922706 0.32447224394057855 0.6610305958132046 0.3205629397967162 0.6561996779388084 0.31821735731039874
0 0.6570048309178744 0.2971071149335418 0.6497584541062802 0.2986708365910868 0.6465378421900161 0.30414386239249414 0.6473429951690821 0.31118060985144647 0.6537842190016103 0.31508991399530883 0.6634460547504025 0.31039874902267395 0.6610305958132046 0.2971071149335418
0 0.6723027375201288 0.2869429241594996 0.6658615136876006 0.29319781078967944 0.6666666666666666 0.30727130570758404 0.679549114331723 0.31118060985144647 0.6876006441223832 0.30727130570758404 0.6892109500805152 0.2971071149335418 0.6867954911433173 0.292415949960907 0.678743961352657 0.2869429241594996
0 0.6674718196457327 0.31039874902267395 0.6650563607085346 0.3127443315089914 0.6666666666666666 0.3205629397967162 0.6747181964573269 0.3205629397967162 0.677133655394525 0.31821735731039874 0.6763285024154589 0.31352619233776385 0.6690821256038647 0.31039874902267395
0 0.643317230273752 0.2642689601250977 0.6392914653784219 0.26739640344018767 0.6360708534621579 0.2752150117279124 0.6384863123993558 0.28537920250195464 0.6497584541062802 0.2939796716184519 0.6586151368760065 0.2939796716184519 0.6658615136876006 0.2845973416731822 0.6658615136876006 0.2767787333854574 0.6610305958132046 0.26817826426896013 0.6489533011272142 0.2642689601250977
0 0.6191626409017713 0.2470680218921032 0.6103059581320451 0.254886630179828 0.6103059581320451 0.2650508209538702 0.6159420289855072 0.272869429241595 0.6296296296296297 0.2752150117279124 0.6360708534621579 0.26974198592650506 0.6384863123993558 0.2595777951524629 0.6344605475040258 0.25254104769351055 0.6199677938808373 0.2470680218921032
0 0.6191626409017713 0.29007036747458953 0.6143317230273752 0.292415949960907 0.6086956521739131 0.30023455824863177 0.6111111111111112 0.3057075840500391 0.6151368760064412 0.30727130570758404 0.6223832528180354 0.3049257232212666 0.6264090177133655 0.30023455824863177 0.6256038647342995 0.29319781078967944 0.6207729468599034 0.29007036747458953
0 0.6368760064412239 0.292415949960907 0.6336553945249598 0.2971071149335418 0.6376811594202898 0.30414386239249414 0.643317230273752 0.3033620015637217 0.6457326892109501 0.2986708365910868 0.6409017713365539 0.292415949960907
0 0.6159420289855072 0.27756059421422985 0.6078904991948471 0.28225175918686474 0.6086956521739131 0.2869429241594996 0.6199677938808373 0.28537920250195464 0.6207729468599034 0.28068803752931976 0.6167471819645732 0.27756059421422985
0 0.6038647342995169 0.308835027365129 0.5950080515297906 0.3166536356528538 0.5974235104669887 0.3275996872556685 0.6038647342995169 0.32916340891321344 0.6095008051529791 0.3275996872556685 0.6143317230273752 0.3205629397967162 0.6127214170692431 0.3127443315089914 0.6078904991948471 0.308835027365129
0 0.5873590982286635 0.36825645035183735 0.5772946859903382 0.3713838936669273 0.573268921095008 0.37920250195465205 0.573268921095008 0.39014855355746675 0.5845410628019324 0.39796716184519154 0.5942028985507246 0.3940578577013292 0.5990338164251208 0.38780297107114936 0.5974235104669887 0.37294761532447224 0.5917874396135265 0.36825645035183735
0 0.5607890499194848 0.3940578577013292 0.5555555555555556 0.3940578577013292 0.5491143317230274 0.3995308835027365 0.5466988727858293 0.40578577013291633 0.5483091787439613 0.4214229867083659 0.5547504025764896 0.4284597341673182 0.5748792270531401 0.43158717748240816 0.5813204508856683 0.4245504300234558 0.5813204508856683 0.4143862392494136 0.5748792270531401 0.39874902267396406 0.5660225442834138 0.3940578577013292
0 0.5974235104669887 0.3995308835027365 0.5893719806763285 0.40187646598905397 0.5869565217391305 0.4065676309616888 0.5877616747181964 0.42064112587959346 0.5933977455716586 0.4245504300234558 0.6014492753623188 0.42298670836591085 0.605475040257649 0.4175136825645035 0.607085346215781 0.4042220484753714 0.6022544283413849 0.3995308835027365
0 0.5595813204508857 0.4370602032838155 0.5531400966183575 0.43784206411258797 0.5491143317230274 0.44175136825645034 0.5491143317230274 0.4581704456606724 0.5555555555555556 0.46677091477716964 0.5700483091787439 0.4691164972634871 0.5789049919484702 0.46442533229085226 0.5813204508856683 0.4503518373729476 0.5764895330112721 0.44175136825645034 0.5636070853462157 0.4370602032838155
0 0.5628019323671497 0.47537138389366695 0.5515297906602254 0.4792806880375293 0.5466988727858293 0.4839718530101642 0.5434782608695652 0.4949179046129789 0.5442834138486312 0.5019546520719312 0.5515297906602254 0.5129007036747459 0.5587761674718197 0.5160281469898358 0.573268921095008 0.5160281469898358 0.5780998389694042 0.5136825645035183 0.5813204508856683 0.506645817044566 0.5821256038647343 0.48944487881157156 0.5797101449275363 0.4831899921813917 0.5684380032206119 0.47537138389366695
0 0.533816425120773 0.43393275996872555 0.5257648953301127 0.43862392494136043 0.5257648953301127 0.44253322908522286 0.5289855072463768 0.4511336982017201 0.535426731078905 0.45347928068803756 0.5402576489533011 0.4519155590304926 0.5450885668276972 0.44566067240031276 0.5450885668276972 0.43862392494136043 0.537842190016103 0.43393275996872555
0 0.500805152979066 0.42767787333854573 0.49114331723027377 0.43158717748240816 0.48711755233494364 0.436278342455043 0.4855072463768116 0.4511336982017201 0.49114331723027377 0.4581704456606724 0.5088566827697263 0.4620797498045348 0.5193236714975845 0.45660672400312746 0.5201288244766505 0.4409695074276779 0.5104669887278583 0.4300234558248632 0.5032206119162641 0.42767787333854573
0 0.533011272141707 0.4589523064894449 0.5225442834138486 0.46442533229085226 0.5233494363929146 0.4769351055512119 0.5314009661835749 0.48162627052384677 0.5410628019323671 0.48162627052384677 0.5475040257648953 0.47771696637998434 0.5483091787439613 0.46677091477716964 0.5434782608695652 0.46051602814698983 0.538647342995169 0.4589523064894449
0 0.5177133655394525 0.4808444096950743 0.5048309178743962 0.48631743549648165 0.5032206119162641 0.5003909304143862 0.5064412238325282 0.508209538702111 0.5120772946859904 0.5136825645035183 0.5257648953301127 0.5152462861610634 0.537842190016103 0.5050820953870211 0.538647342995169 0.4949179046129789 0.533011272141707 0.48631743549648165 0.5201288244766505 0.4808444096950743
0 0.47906602254428343 0.45973416731821737 0.47342995169082125 0.4620797498045348 0.4677938808373591 0.4698983580922596 0.47020933977455714 0.4808444096950743 0.47665056360708535 0.4870992963252541 0.49355877616747185 0.48944487881157156 0.5048309178743962 0.4800625488663018 0.5048309178743962 0.4761532447224394 0.49838969404186795 0.4659890539483972 0.48470209339774556 0.45973416731821737
0 0.5257648953301127 0.40265832681782643 0.5185185185185185 0.4034401876465989 0.5120772946859904 0.40969507427677876 0.5120772946859904 0.4245504300234558 0.5193236714975845 0.4323690383111806 0.5322061191626409 0.43158717748240816 0.5410628019323671 0.4261141516810008 0.5410628019323671 0.41360437842064113 0.537842190016103 0.4081313526192338 0.5297906602254429 0.40265832681782643
0 0.4967793880837359 0.3784206411258796 0.48389694041867953 0.3831118060985145 0.4806763285024155 0.3924941360437842 0.48389694041867953 0.40265832681782643 0.49516908212560384 0.4081313526192338 0.5072463768115942 0.4065676309616888 0.5152979066022544 0.3940578577013292 0.5136876006441223 0.3862392494136044 0.5032206119162641 0.3784206411258796
0 0.5322061191626409 0.3784206411258796 0.5225442834138486 0.38076622361219703 0.5209339774557166 0.39014855355746675 0.5257648953301127 0.3964034401876466 0.5402576489533011 0.3995308835027365 0.5434782608695652 0.3971853010164191 0.5426731078904992 0.3893666927286943 0.533011272141707 0.37920250195465205
0 0.47020933977455714 0.4081313526192338 0.4573268921095008 0.41204065676309615 0.4500805152979066 0.4214229867083659 0.44847020933977455 0.4323690383111806 0.45491143317230276 0.4401876465989054 0.4774557165861514 0.4401876465989054 0.48470209339774556 0.4331508991399531 0.4855072463768116 0.4175136825645035 0.4750402576489533 0.4081313526192338
0 0.4581320450885668 0.36278342455043 0.44847020933977455 0.36825645035183735 0.44524959742351045 0.37685691946833466 0.4492753623188406 0.3885848318999218 0.4557165861513688 0.3924941360437842 0.46215780998389694 0.39171227521501173 0.47020933977455714 0.3846755277560594 0.47665056360708535 0.3737294761532447 0.4742351046698873 0.36903831118060987 0.4613526570048309 0.36278342455043
0 0.49516908212560384 0.32525410476935107 0.4895330112721417 0.32916340891321344 0.48711755233494364 0.3346364347146208 0.49355877616747185 0.34714620797498047 0.5048309178743962 0.35105551211884284 0.5104669887278583 0.344800625488663 0.5112721417069244 0.3338545738858483 0.5104669887278583 0.3307271305707584 0.5024154589371981 0.32525410476935107
0 0.5475040257648953 0.3158717748240813 0.5426731078904992 0.3174354964816263 0.538647342995169 0.32447224394057855 0.5426731078904992 0.3346364347146208 0.5483091787439613 0.3385457388584832 0.5571658615136876 0.33541829554339325 0.5611916264090178 0.32525410476935107 0.5603864734299517 0.3205629397967162 0.5507246376811594 0.3158717748240813
0 0.5225442834138486 0.3189992181391712 0.5177133655394525 0.32212666145426117 0.5169082125603864 0.33229085222830335 0.5201288244766505 0.3455824863174355 0.5257648953301127 0.34792806880375293 0.533011272141707 0.3455824863174355 0.534621578099839 0.33541829554339325 0.5305958132045089 0.3229085222830336 0.5233494363929146 0.3197810789679437
0 0.5571658615136876 0.2814698983580923 0.5458937198067633 0.28850664581704455 0.5434782608695652 0.29632525410476934 0.5450885668276972 0.30727130570758404 0.5515297906602254 0.31039874902267395 0.5636070853462157 0.3096168881939015 0.57085346215781 0.30023455824863177 0.571658615136876 0.292415949960907 0.5692431561996779 0.2861610633307271 0.5611916264090178 0.2814698983580923
0 0.5740740740740741 0.3080531665363565 0.5692431561996779 0.3127443315089914 0.5692431561996779 0.3275996872556685 0.573268921095008 0.3315089913995309 0.5797101449275363 0.33229085222830335 0.5869565217391305 0.328381548084441 0.5893719806763285 0.31352619233776385 0.5789049919484702 0.3080531665363565
0 0.5909822866344605 0.28537920250195464 0.5861513687600645 0.2877247849882721 0.5813204508856683 0.2947615324472244 0.5813204508856683 0.30101641907740423 0.5885668276972624 0.3080531665363565 0.6006441223832528 0.3049257232212666 0.605475040257649 0.2971071149335418 0.6030595813204509 0.29007036747458953 0.5933977455716586 0.28537920250195464
0 0.5805152979066023 0.26661454261141515 0.572463768115942 0.2752150117279124 0.572463768115942 0.2838154808444097 0.5756843800322061 0.2869429241594996 0.5813204508856683 0.2869429241594996 0.5885668276972624 0.28068803752931976 0.5885668276972624 0.2705238467552776 0.5821256038647343 0.26661454261141515
0 0.5660225442834138 0.254886630179828 0.5579710144927537 0.2580140734949179 0.5539452495974235 0.2642689601250977 0.5547504025764896 0.272869429241595 0.5595813204508857 0.2759968725566849 0.5676328502415459 0.27443315089913994 0.5740740740740741 0.26661454261141515 0.5740740740740741 0.2580140734949179 0.571658615136876 0.254886630179828
0 0.5402576489533011 0.2650508209538702 0.535426731078905 0.26974198592650506 0.534621578099839 0.2767787333854574 0.5370370370370371 0.2814698983580923 0.5410628019323671 0.2830336200156372 0.5475040257648953 0.28068803752931976 0.5507246376811594 0.272869429241595 0.5499194847020934 0.2689601250977326 0.5442834138486312 0.2650508209538702
0 0.5249597423510467 0.27912431587177483 0.5144927536231884 0.2861610633307271 0.5128824476650563 0.29163408913213446 0.5152979066022544 0.2971071149335418 0.5249597423510467 0.30101641907740423 0.5289855072463768 0.29945269741985925 0.534621578099839 0.29163408913213446 0.534621578099839 0.28537920250195464 0.5297906602254429 0.27912431587177483
0 0.5201288244766505 0.2580140734949179 0.5144927536231884 0.2611415168100078 0.5120772946859904 0.26661454261141515 0.5120772946859904 0.2720875684128225 0.5169082125603864 0.2759968725566849 0.5241545893719807 0.2752150117279124 0.5297906602254429 0.2705238467552776 0.5297906602254429 0.2619233776387803 0.5241545893719807 0.2580140734949179
0 0.49516908212560384 0.26739640344018767 0.4863123993558776 0.2720875684128225 0.4855072463768116 0.27834245504300237 0.4919484702093398 0.29163408913213446 0.501610305958132 0.2947615324472244 0.5064412238325282 0.290852228303362 0.5104669887278583 0.27834245504300237 0.5048309178743962 0.26974198592650506 0.4975845410628019 0.26739640344018767
0 0.49597423510466987 0.2361219702892885 0.49033816425120774 0.2400312744331509 0.49033816425120774 0.2517591868647381 0.4967793880837359 0.25879593432369036 0.5056360708534622 0.2611415168100078 0.5128824476650563 0.25566849100860045 0.5136876006441223 0.24472243940578578 0.5024154589371981 0.2361219702892885
0 0.5289855072463768 0.2361219702892885 0.5225442834138486 0.2400312744331509 0.5193236714975845 0.24628616106333073 0.5193236714975845 0.2501954652071931 0.5281803542673108 0.25566849100860045 0.5322061191626409 0.25566849100860045 0.538647342995169 0.24784988272087569 0.537842190016103 0.24081313526192338 0.533816425120773 0.2361219702892885
0 0.5491143317230274 0.2470680218921032 0.5410628019323671 0.25254104769351055 0.5402576489533011 0.25879593432369036 0.5426731078904992 0.2611415168100078 0.5523349436392915 0.2580140734949179 0.5547504025764896 0.2509773260359656 0.5507246376811594 0.2470680218921032
0 0.57085346215781 0.20641125879593433 0.5611916264090178 0.21032056293979673 0.5571658615136876 0.21657544956997654 0.5603864734299517 0.2290852228303362 0.5676328502415459 0.2329945269741986 0.5780998389694042 0.23143080531665364 0.5853462157809984 0.2220484753713839 0.5813204508856683 0.20953870211102424 0.571658615136876 0.20641125879593433
0 0.5644122383252818 0.23534010946051603 0.5571658615136876 0.2439405785770133 0.5595813204508857 0.2517591868647381 0.573268921095008 0.2501954652071931 0.5756843800322061 0.24628616106333073 0.5772946859903382 0.23768569194683348 0.5652173913043478 0.2361219702892885
0 0.5483091787439613 0.2220484753713839 0.5434782608695652 0.22439405785770133 0.5402576489533011 0.23064894448788115 0.5402576489533011 0.236903831118061 0.5434782608695652 0.24237685691946834 0.5539452495974235 0.24159499609069585 0.5587761674718197 0.23455824863174354 0.5531400966183575 0.2220484753713839
0 0.5394524959742351 0.18686473807662235 0.5281803542673108 0.19390148553557468 0.5249597423510467 0.20250195465207194 0.5289855072463768 0.2142298670836591 0.538647342995169 0.21892103205629398 0.5442834138486312 0.21892103205629398 0.5555555555555556 0.21266614542611414 0.5579710144927537 0.19937451133698203 0.5523349436392915 0.18999218139171228 0.5402576489533011 0.18764659890539484
0 0.5289855072463768 0.21970289288506645 0.5257648953301127 0.22361219702892884 0.5257648953301127 0.23064894448788115 0.5281803542673108 0.23221266614542613 0.537842190016103 0.22830336200156373 0.538647342995169 0.22283033620015638 0.533816425120773 0.21970289288506645
0 0.5136876006441223 0.2251759186864738 0.5088566827697263 0.23455824863174354 0.5144927536231884 0.23924941360437843 0.5209339774557166 0.23534010946051603 0.5193236714975845 0.2251759186864738
0 0.4967793880837359 0.2111024237685692 0.49114331723027377 0.21579358874120408 0.4895330112721417 0.22283033620015638 0.49114331723027377 0.22752150117279124 0.4975845410628019 0.23064894448788115 0.5040257648953301 0.22830336200156373 0.5080515297906603 0.22126661454261143 0.5080515297906603 0.21579358874120408 0.5024154589371981 0.2111024237685692
0 0.4669887278582931 0.21892103205629398 0.463768115942029 0.2220484753713839 0.46215780998389694 0.22986708365910868 0.46215780998389694 0.236903831118061 0.46618357487922707 0.24237685691946834 0.4750402576489533 0.24159499609069585 0.4806763285024155 0.2329945269741986 0.4806763285024155 0.22439405785770133 0.47342995169082125 0.21892103205629398
0 0.47987117552334946 0.1931196247068022 0.4750402576489533 0.19937451133698203 0.4750402576489533 0.20797498045347929 0.47987117552334946 0.21188428459734168 0.48792270531400966 0.21188428459734168 0.4927536231884058 0.20641125879593433 0.49355877616747185 0.19937451133698203 0.48470209339774556 0.1931196247068022
0 0.5072463768115942 0.19155590304925724 0.5 0.20250195465207194 0.5040257648953301 0.20797498045347929 0.5120772946859904 0.20875684128225175 0.5193236714975845 0.2040656763096169 0.5209339774557166 0.1962470680218921 0.5096618357487923 0.19155590304925724
0 0.5217391304347826 0.2071931196247068 0.5152979066022544 0.20953870211102424 0.5128824476650563 0.21344800625488664 0.5120772946859904 0.21657544956997654 0.5152979066022544 0.22126661454261143 0.5201288244766505 0.2220484753713839 0.5233494363929146 0.21970289288506645 0.5233494363929146 0.20875684128225175
0 0.5112721417069244 0.16888193901485535 0.5080515297906603 0.17200938232994528 0.5056360708534622 0.1821735731039875 0.5112721417069244 0.18999218139171228 0.5209339774557166 0.1923377638780297 0.5297906602254429 0.18686473807662235 0.533011272141707 0.181391712275215 0.5249597423510467 0.1712275215011728 0.5136876006441223 0.16888193901485535
0 0.4975845410628019 0.18060985144644254 0.49355877616747185 0.18060985144644254 0.4895330112721417 0.1853010164190774 0.4895330112721417 0.1892103205629398 0.4943639291465378 0.19390148553557468 0.501610305958132 0.1923377638780297 0.501610305958132 0.18060985144644254
0 0.5040257648953301 0.30023455824863177 0.4967793880837359 0.30414386239249414 0.49597423510466987 0.3127443315089914 0.5 0.31821735731039874 0.5080515297906603 0.3205629397967162 0.5169082125603864 0.31508991399530883 0.5185185185185185 0.3080531665363565 0.5048309178743962 0.30023455824863177
0 0.47987117552334946 0.31039874902267395 0.47342995169082125 0.31430805316653637 0.47101449275362317 0.3205629397967162 0.4750402576489533 0.32525410476935107 0.4830917874396135 0.32525410476935107 0.49114331723027377 0.3205629397967162 0.49114331723027377 0.31508991399530883 0.4863123993558776 0.31039874902267395
0 0.45088566827697263 0.2955433932759969 0.4444444444444444 0.30023455824863177 0.44524959742351045 0.31039874902267395 0.4524959742351047 0.3158717748240813 0.4605475040257649 0.3158717748240813 0.4677938808373591 0.31118060985144647 0.4694041867954911 0.3064894448788116 0.4677938808373591 0.30258014073494915 0.4581320450885668 0.2955433932759969
0 0.4581320450885668 0.27130570758405004 0.45410628019323673 0.27443315089913994 0.4524959742351047 0.28225175918686474 0.45652173913043476 0.28850664581704455 0.463768115942029 0.29007036747458953 0.47101449275362317 0.2845973416731822 0.4726247987117552 0.27912431587177483 0.46215780998389694 0.27130570758405004
0 0.47946859903381644 0.2947615324472244 0.47342995169082125 0.2955433932759969 0.4718196457326892 0.29945269741985925 0.4774557165861514 0.3057075840500391 0.4895330112721417 0.3033620015637217 0.4895330112721417 0.29945269741985925 0.48389694041867953 0.2947615324472244
0 0.47342995169082125 0.2501954652071931 0.4677938808373591 0.254886630179828 0.46859903381642515 0.25879593432369036 0.47342995169082125 0.26348709929632524 0.47906602254428343 0.2642689601250977 0.4822866344605475 0.2619233776387803 0.4830917874396135 0.25723221266614543 0.48148148148148145 0.25254104769351055 0.4774557165861514 0.2501954652071931
0 0.4307568438003221 0.26974198592650506 0.4219001610305958 0.2720875684128225 0.4170692431561997 0.27834245504300237 0.4210950080515298 0.28928850664581707 0.4307568438003221 0.2947615324472244 0.4388083735909823 0.2939796716184519 0.44605475040257647 0.2830336200156372 0.44524959742351045 0.2759968725566849 0.43719806763285024 0.26974198592650506
0 0.4210950080515298 0.3017982799061767 0.4170692431561997 0.3064894448788116 0.4178743961352657 0.3189992181391712 0.4210950080515298 0.32212666145426117 0.43800322061191627 0.3236903831118061 0.44122383252818037 0.3205629397967162 0.44041867954911434 0.31196247068021893 0.43156199677938806 0.30414386239249414 0.4251207729468599 0.3017982799061767
0 0.3977455716586151 0.2845973416731822 0.39049919484702095 0.28850664581704455 0.38727858293075684 0.2947615324472244 0.38727858293075684 0.30101641907740423 0.39371980676328505 0.3080531665363565 0.40499194847020936 0.3064894448788116 0.41223832528180354 0.2986708365910868 0.4106280193236715 0.29007036747458953 0.40177133655394526 0.2845973416731822
0 0.392914653784219 0.3174354964816263 0.38808373590982287 0.3197810789679437 0.3856682769726248 0.32447224394057855 0.38486312399355876 0.33620015637216577 0.39371980676328505 0.34636434714620795 0.40660225442834136 0.3455824863174355 0.4146537842190016 0.3408913213448006 0.4178743961352657 0.3307271305707584 0.4057971014492754 0.3197810789679437 0.3969404186795491 0.3174354964816263
0 0.4251207729468599 0.3408913213448006 0.4178743961352657 0.34714620797498047 0.4146537842190016 0.3557466770914777 0.4219001610305958 0.36825645035183735 0.4323671497584541 0.3713838936669273 0.4388083735909823 0.36825645035183735 0.4428341384863124 0.36200156372165754 0.43478260869565216 0.344800625488663 0.42914653784219003 0.3408913213448006
0 0.4114331723027375 0.2361219702892885 0.4033816425120773 0.24159499609069585 0.4025764895330113 0.2501954652071931 0.4114331723027375 0.2642689601250977 0.4178743961352657 0.2642689601250977 0.4251207729468599 0.26035965598123534 0.427536231884058 0.24784988272087569 0.4251207729468599 0.24237685691946834 0.41626409017713367 0.2361219702892885
0 0.44605475040257647 0.2439405785770133 0.44041867954911434 0.24784988272087569 0.4388083735909823 0.25723221266614543 0.4420289855072464 0.2627052384675528 0.4500805152979066 0.2642689601250977 0.4573268921095008 0.25879593432369036 0.45893719806763283 0.25254104769351055 0.4557165861513688 0.2470680218921032 0.4468599033816425 0.24472243940578578
0 0.45491143317230276 0.19468334636434714 0.4444444444444444 0.20562939796716184 0.44524959742351045 0.21032056293979673 0.45169082125603865 0.2150117279124316 0.46296296296296297 0.2142298670836591 0.4677938808373591 0.20953870211102424 0.4677938808373591 0.20093823299452698 0.4605475040257649 0.19468334636434714
0 0.44122383252818037 0.17904612978889758 0.43478260869565216 0.18373729476153244 0.4331723027375201 0.1892103205629398 0.43478260869565216 0.1931196247068022 0.4420289855072464 0.1962470680218921 0.4476650563607085 0.1923377638780297 0.4500805152979066 0.1853010164190774 0.4476650563607085 0.18060985144644254 0.4428341384863124 0.17904612978889758
0 0.427536231884058 0.1970289288506646 0.4210950080515298 0.2032838154808444 0.4210950080515298 0.20953870211102424 0.4251207729468599 0.21266614542611414 0.4363929146537842 0.20953870211102424 0.4388083735909823 0.20093823299452698 0.43397745571658614 0.1970289288506646
0 0.4138486312399356 0.17357310398749023 0.40418679549114334 0.17904612978889758 0.4025764895330113 0.1853010164190774 0.4074074074074074 0.19546520719311963 0.41626409017713367 0.1970289288506646 0.4243156199677939 0.1923377638780297 0.42673107890499196 0.18295543393275998 0.4210950080515298 0.1751368256450352 0.4146537842190016 0.17357310398749023
0 0.3808373590982287 0.17200938232994528 0.3743961352657005 0.1743549648162627 0.3687600644122383 0.181391712275215 0.3695652173913043 0.18999218139171228 0.3776167471819646 0.2001563721657545 0.38486312399355876 0.2001563721657545 0.39049919484702095 0.1970289288506646 0.3977455716586151 0.1860828772478499 0.39371980676328505 0.17748240813135263 0.3832528180354267 0.17200938232994528
0 0.35829307568438 0.19859265050820954 0.34863123993558776 0.20484753713838938 0.34541062801932365 0.21657544956997654 0.34782608695652173 0.2251759186864738 0.35668276972624796 0.22830336200156373 0.3695652173913043 0.2251759186864738 0.3743961352657005 0.21579358874120408 0.37359098228663445 0.20562939796716184 0.36312399355877617 0.19859265050820954
0 0.3526570048309179 0.23377638780297108 0.34863123993558776 0.23377638780297108 0.34541062801932365 0.23768569194683348 0.3462157809983897 0.2509773260359656 0.35909822866344604 0.25723221266614543 0.3663446054750403 0.25254104769351055 0.3671497584541063 0.2439405785770133 0.3663446054750403 0.24081313526192338 0.35668276972624796 0.23377638780297108
0 0.37600644122383253 0.2541047693510555 0.3711755233494364 0.25645035183737297 0.3647342995169082 0.2650508209538702 0.3687600644122383 0.27443315089913994 0.37359098228663445 0.27756059421422985 0.3808373590982287 0.2767787333854574 0.3896940418679549 0.2658326817826427 0.3896940418679549 0.25879593432369036 0.38164251207729466 0.2541047693510555
0 0.38003220611916266 0.22830336200156373 0.3752012882447665 0.23064894448788115 0.37359098228663445 0.23846755277560594 0.37600644122383253 0.24472243940578578 0.3832528180354267 0.2470680218921032 0.38727858293075684 0.24628616106333073 0.392109500805153 0.23846755277560594 0.391304347826087 0.23377638780297108 0.3832528180354267 0.22830336200156373
0 0.4388083735909823 0.1383893666927287 0.427536231884058 0.14464425332290853 0.42995169082125606 0.15715402658326819 0.4355877616747182 0.16106333072713058 0.44605475040257647 0.163408913213448 0.45410628019323673 0.1602814698983581 0.4581320450885668 0.15402658326817825 0.4573268921095008 0.1493354182955434 0.4492753623188406 0.1415168100078186 0.4396135265700483 0.13917122752150118
0 0.4170692431561997 0.1493354182955434 0.40982286634460546 0.15559030492572323 0.40982286634460546 0.163408913213448 0.4138486312399356 0.16810007818608289 0.4210950080515298 0.16810007818608289 0.42673107890499196 0.16262705238467554 0.42673107890499196 0.15480844409695074 0.4210950080515298 0.1493354182955434
0 0.3687600644122383 0.10007818608287725 0.3615136876006441 0.10398749022673964 0.357487922705314 0.11336982017200939 0.35909822866344604 0.11884284597341674 0.3647342995169082 0.12431587177482409 0.37278582930756843 0.12587959343236904 0.3856682769726248 0.12197028928850664 0.3896940418679549 0.11024237685691947 0.3832528180354267 0.1016419077404222 0.3743961352657005 0.10007818608287725
0 0.35990338164251207 0.14308053166536355 0.3526570048309179 0.145426114151681 0.3446054750402576 0.1563721657544957 0.3446054750402576 0.16184519155590305 0.35185185185185186 0.16810007818608289 0.36231884057971014 0.16810007818608289 0.3695652173913043 0.16184519155590305 0.3711755233494364 0.15089913995308835 0.36312399355877617 0.14308053166536355
0 0.3856682769726248 0.1524628616106333 0.37600644122383253 0.16106333072713058 0.37922705314009664 0.1673182173573104 0.39049919484702095 0.163408913213448 0.391304347826087 0.15480844409695074 0.38808373590982287 0.1524628616106333
0 0.40096618357487923 0.15871774824081314 0.394524959742351 0.1641907740422205 0.3969404186795491 0.17357310398749023 0.4025764895330113 0.17279124315871774 0.4057971014492754 0.16888193901485535 0.40499194847020936 0.16262705238467554 0.40177133655394526 0.1594996090695856
0 0.40096618357487923 0.20562939796716184 0.39371980676328505 0.21032056293979673 0.394524959742351 0.22048475371383894 0.4001610305958132 0.22439405785770133 0.4138486312399356 0.22439405785770133 0.41626409017713367 0.22126661454261143 0.41626409017713367 0.21266614542611414 0.40982286634460546 0.2071931196247068 0.40177133655394526 0.20641125879593433
0 0.43719806763285024 0.21970289288506645 0.43397745571658614 0.22283033620015638 0.4331723027375201 0.23143080531665364 0.4363929146537842 0.2361219702892885 0.4420289855072464 0.236903831118061 0.4468599033816425 0.2329945269741986 0.4468599033816425 0.2251759186864738 0.44122383252818037 0.21970289288506645
0 0.4524959742351047 0.326817826426896 0.4428341384863124 0.3338545738858483 0.4420289855072464 0.3424550430023456 0.4468599033816425 0.3526192337763878 0.45169082125603865 0.3557466770914777 0.4613526570048309 0.3565285379202502 0.47020933977455714 0.3534010946051603 0.4726247987117552 0.34636434714620795 0.4718196457326892 0.3377638780297107 0.46618357487922707 0.3299452697419859 0.4573268921095008 0.326817826426896
0 0.357487922705314 0.36903831118060987 0.3502415458937198 0.3706020328381548 0.3446054750402576 0.37607505863956214 0.34057971014492755 0.3885848318999218 0.3421900161030596 0.3932759968725567 0.35104669887278583 0.40109460516028145 0.3639291465378422 0.40265832681782643 0.37037037037037035 0.39796716184519154 0.3711755233494364 0.3862392494136044 0.3671497584541063 0.3745113369820172 0.35909822866344604 0.36903831118060987
0 0.34822866344605474 0.3197810789679437 0.3389694041867955 0.32212666145426117 0.3333333333333333 0.3315089913995309 0.33413848631239934 0.3416731821735731 0.33816425120772947 0.3494917904612979 0.35185185185185186 0.3487099296325254 0.3615136876006441 0.3385457388584832 0.3615136876006441 0.3275996872556685 0.3526570048309179 0.3197810789679437
0 0.4758454106280193 0.17357310398749023 0.47342995169082125 0.1751368256450352 0.4750402576489533 0.1860828772478499 0.4822866344605475 0.18842845973416733 0.4863123993558776 0.1860828772478499 0.48711755233494364 0.18060985144644254 0.48148148148148145 0.17357310398749023
0 0.3059581320450886 0.1376075058639562 0.2962962962962963 0.1415168100078186 0.2938808373590982 0.1462079749804535 0.2962962962962963 0.15793588741204065 0.3027375201288245 0.16106333072713058 0.30998389694041867 0.16106333072713058 0.3172302737520129 0.15480844409695074 0.31561996779388085 0.14308053166536355 0.3075684380032206 0.1376075058639562
0 0.3333333333333333 0.1266614542611415 0.32689210950080516 0.12900703674745895 0.32367149758454106 0.13369820172009383 0.3252818035426731 0.14464425332290853 0.34057971014492755 0.1462079749804535 0.3446054750402576 0.14308053166536355 0.3446054750402576 0.13213448006254885 0.3397745571658615 0.1266614542611415
0 0.2962962962962963 0.16653635652853793 0.29066022544283415 0.17200938232994528 0.29066022544283415 0.181391712275215 0.2946859903381642 0.18686473807662235 0.3027375201288245 0.18764659890539484 0.3115942028985507 0.1821735731039875 0.31239935587761675 0.17591868647380765 0.3075684380032206 0.16966379984362784 0.3003220611916264 0.16653635652853793
0 0.32286634460547503 0.1860828772478499 0.3148148148148148 0.18842845973416733 0.31239935587761675 0.19859265050820954 0.321256038647343 0.21266614542611414 0.33011272141706927 0.2142298670836591 0.33816425120772947 0.20875684128225175 0.3397745571658615 0.19859265050820954 0.33735909822866345 0.19155590304925724 0.32689210950080516 0.1860828772478499
0 0.3083735909822866 0.21657544956997654 0.2971014492753623 0.21892103205629398 0.29307568438003223 0.2220484753713839 0.2922705314009662 0.2290852228303362 0.2971014492753623 0.23455824863174354 0.3107890499194847 0.23534010946051603 0.31561996779388085 0.23143080531665364 0.3164251207729469 0.22283033620015638 0.30998389694041867 0.21657544956997654
0 0.29589371980676327 0.24159499609069585 0.28743961352657005 0.24472243940578578 0.286634460547504 0.254886630179828 0.2914653784219002 0.2619233776387803 0.29871175523349436 0.2650508209538702 0.30676328502415456 0.2627052384675528 0.3107890499194847 0.2580140734949179 0.30917874396135264 0.2470680218921032 0.3003220611916264 0.24159499609069585
0 0.3083735909822866 0.2689601250977326 0.3003220611916264 0.2759968725566849 0.2995169082125604 0.2845973416731822 0.30112721417069244 0.28850664581704455 0.30917874396135264 0.29319781078967944 0.3148148148148148 0.29163408913213446 0.32045088566827695 0.2830336200156372 0.321256038647343 0.2752150117279124 0.31561996779388085 0.2689601250977326
0 0.2745571658615137 0.26348709929632524 0.2665056360708535 0.2650508209538702 0.26247987117552335 0.2720875684128225 0.2616747181964573 0.28068803752931976 0.2648953301127214 0.2877247849882721 0.2809983896940419 0.2877247849882721 0.2890499194847021 0.2830336200156372 0.2914653784219002 0.2759968725566849 0.2890499194847021 0.26817826426896013 0.2785829307568438 0.26348709929632524
0 0.25523349436392917 0.23221266614542613 0.25120772946859904 0.23455824863174354 0.24879227053140096 0.24081313526192338 0.25120772946859904 0.2541047693510555 0.2616747181964573 0.2595777951524629 0.27294685990338163 0.25723221266614543 0.2777777777777778 0.2509773260359656 0.27938808373590984 0.24159499609069585 0.2745571658615137 0.23768569194683348 0.2560386473429952 0.2329945269741986
0 0.23107890499194847 0.18842845973416733 0.2222222222222222 0.1931196247068022 0.21739130434782608 0.20562939796716184 0.2181964573268921 0.21032056293979673 0.22624798711755234 0.21735731039874903 0.2391304347826087 0.21892103205629398 0.24798711755233493 0.20953870211102424 0.24879227053140096 0.19937451133698203 0.24235104669887278 0.19077404222048475 0.23510466988727857 0.18842845973416733
0 0.2576489533011272 0.17591868647380765 0.25201288244766507 0.181391712275215 0.25201288244766507 0.18842845973416733 0.25523349436392917 0.1970289288506646 0.26570048309178745 0.20250195465207194 0.2745571658615137 0.19781078967943705 0.27697262479871176 0.1860828772478499 0.2689210950080515 0.17748240813135263 0.26247987117552335 0.17591868647380765
0 0.2648953301127214 0.20797498045347929 0.2576489533011272 0.21344800625488664 0.25523349436392917 0.22361219702892884 0.2616747181964573 0.23064894448788115 0.2753623188405797 0.23221266614542613 0.28180354267310787 0.22830336200156373 0.2834138486312399 0.21735731039874903 0.28019323671497587 0.21188428459734168 0.2713365539452496 0.20797498045347929
0 0.29066022544283415 0.19390148553557468 0.28421900161030594 0.19937451133698203 0.28421900161030594 0.20797498045347929 0.28743961352657005 0.21032056293979673 0.2962962962962963 0.21032056293979673 0.2995169082125604 0.20641125879593433 0.2995169082125604 0.19859265050820954 0.2938808373590982 0.19390148553557468
0 0.27053140096618356 0.1485535574667709 0.26247987117552335 0.15402658326817825 0.2608695652173913 0.16262705238467554 0.2665056360708535 0.16888193901485535 0.2777777777777778 0.16966379984362784 0.2826086956521739 0.16653635652853793 0.28421900161030594 0.15793588741204065 0.2809983896940419 0.15089913995308835 0.2745571658615137 0.1485535574667709
0 0.23752012882447665 0.15402658326817825 0.23107890499194847 0.1563721657544957 0.2278582930756844 0.16106333072713058 0.22946859903381642 0.1782642689601251 0.23349436392914655 0.1821735731039875 0.24879227053140096 0.17591868647380765 0.25201288244766507 0.17200938232994528 0.25201288244766507 0.16106333072713058 0.24879227053140096 0.1563721657544957 0.2431561996779388 0.15402658326817825
0 0.2528180354267311 0.1266614542611415 0.2463768115942029 0.1313526192337764 0.2431561996779388 0.1383893666927287 0.24396135265700483 0.1462079749804535 0.249597423510467 0.15011727912431588 0.2576489533011272 0.14777169663799844 0.2640901771336554 0.1376075058639562 0.26247987117552335 0.12978889757623144 0.25684380032206117 0.1266614542611415
0 0.2826086956521739 0.11962470680218922 0.2753623188405797 0.12040656763096169 0.27053140096618356 0.12431587177482409 0.2689210950080515 0.1344800625488663 0.2753623188405797 0.14073494917904614 0.285829307568438 0.1422986708365911 0.29307568438003223 0.13682564503518374 0.2938808373590982 0.12822517591868648 0.2890499194847021 0.12118842845973417 0.2834138486312399 0.12040656763096169
0 0.30917874396135264 0.1164972634870993 0.30434782608695654 0.11962470680218922 0.3027375201288245 0.1266614542611415 0.3059581320450886 0.13291634089132134 0.3115942028985507 0.1344800625488663 0.3172302737520129 0.13369820172009383 0.32045088566827695 0.12587959343236904 0.3196457326892109 0.11962470680218922 0.3148148148148148 0.1164972634870993
0 0.27938808373590984 0.09616888193901485 0.2745571658615137 0.1016419077404222 0.2753623188405797 0.11024237685691947 0.27938808373590984 0.11415168100078187 0.28743961352657005 0.11415168100078187 0.29307568438003223 0.10946051602814699 0.29307568438003223 0.10398749022673964 0.286634460547504 0.09616888193901485
0 0.29871175523349436 0.07896794370602032 0.29307568438003223 0.08131352619233777 0.29066022544283415 0.08522283033620015 0.2898550724637681 0.09225957779515247 0.2938808373590982 0.10007818608287725 0.30998389694041867 0.09929632525410477 0.3140096618357488 0.0946051602814699 0.3140096618357488 0.08522283033620015 0.3035426731078905 0.07896794370602032
0 0.34541062801932365 0.08991399530883502 0.34057971014492755 0.09225957779515247 0.33735909822866345 0.10242376856919469 0.3421900161030596 0.10946051602814699 0.35104669887278583 0.11024237685691947 0.357487922705314 0.1055512118842846 0.35909822866344604 0.09773260359655982 0.34863123993558776 0.08991399530883502
0 0.3276972624798712 0.10633307271305707 0.3244766505636071 0.11180609851446442 0.3244766505636071 0.11727912431587177 0.3276972624798712 0.12118842845973417 0.3357487922705314 0.12040656763096169 0.3389694041867955 0.11727912431587177 0.3397745571658615 0.1125879593432369 0.3333333333333333 0.10633307271305707
0 0.34782608695652173 0.1125879593432369 0.3421900161030596 0.11571540265832682 0.3413848631239936 0.12275215011727912 0.3446054750402576 0.1266614542611415 0.35426731078904994 0.12275215011727912 0.35507246376811596 0.11571540265832682 0.34863123993558776 0.1125879593432369
0 0.35507246376811596 0.12431587177482409 0.34863123993558776 0.13291634089132134 0.35426731078904994 0.1383893666927287 0.3607085346215781 0.1352619233776388 0.36231884057971014 0.12900703674745895 0.35990338164251207 0.12431587177482409
0 0.3969404186795491 0.1352619233776388 0.392109500805153 0.1376075058639562 0.39049919484702095 0.14698983580922595 0.394524959742351 0.1524628616106333 0.4025764895330113 0.1532447224394058 0.4082125603864734 0.15011727912431588 0.4106280193236715 0.14308053166536355 0.40418679549114334 0.13604378420641125 0.39855072463768115 0.1352619233776388
0 0.34782608695652173 0.17200938232994528 0.34299516908212563 0.1751368256450352 0.34057971014492755 0.1821735731039875 0.3446054750402576 0.19077404222048475 0.3526570048309179 0.19390148553557468 0.3607085346215781 0.1860828772478499 0.3607085346215781 0.17748240813135263 0.3494363929146538 0.17200938232994528
0 0.3325281803542673 0.15793588741204065 0.32045088566827695 0.16106333072713058 0.322061191626409 0.17279124315871774 0.3333333333333333 0.17591868647380765 0.33816425120772947 0.17357310398749023 0.34057971014492755 0.1673182173573104 0.33816425120772947 0.15793588741204065
0 0.2028985507246377 0.16966379984362784 0.19404186795491143 0.1712275215011728 0.18840579710144928 0.17748240813135263 0.19162640901771336 0.19468334636434714 0.19806763285024154 0.19781078967943705 0.20772946859903382 0.1962470680218921 0.21658615136876005 0.18451915559030493 0.21578099838969403 0.17357310398749023 0.20772946859903382 0.16966379984362784
0 0.20933977455716588 0.1422986708365911 0.20450885668276972 0.145426114151681 0.2028985507246377 0.15480844409695074 0.2069243156199678 0.1602814698983581 0.21336553945249598 0.16106333072713058 0.2181964573268921 0.15871774824081314 0.21980676328502416 0.1524628616106333 0.21739130434782608 0.1462079749804535 0.21175523349436393 0.1422986708365911
0 0.15942028985507245 0.13213448006254885 0.15458937198067632 0.13291634089132134 0.1497584541062802 0.1383893666927287 0.14814814814814814 0.15089913995308835 0.15458937198067632 0.15871774824081314 0.1610305958132045 0.1602814698983581 0.16908212560386474 0.15715402658326819 0.1747181964573269 0.145426114151681 0.17149758454106281 0.13369820172009383 0.16586151368760063 0.13213448006254885
0 0.12640901771336555 0.1235340109460516 0.11594202898550725 0.12587959343236904 0.11272141706924316 0.12978889757623144 0.11191626409017713 0.1376075058639562 0.11674718196457327 0.1462079749804535 0.13123993558776167 0.1493354182955434 0.13768115942028986 0.14308053166536355 0.13848631239935588 0.13213448006254885 0.13285024154589373 0.12587959343236904 0.12721417069243157 0.12431587177482409
0 0.14653784219001612 0.10320562939796717 0.14009661835748793 0.10633307271305707 0.13768115942028986 0.11962470680218922 0.14251207729468598 0.12822517591868648 0.1537842190016103 0.12900703674745895 0.15780998389694043 0.1266614542611415 0.1610305958132045 0.11571540265832682 0.1570048309178744 0.10789679437060204 0.14895330112721417 0.10320562939796717
0 0.12399355877616747 0.1782642689601251 0.1143317230273752 0.181391712275215 0.11030595813204509 0.1853010164190774 0.11030595813204509 0.18999218139171228 0.11352657004830918 0.19859265050820954 0.11916264090177134 0.2040656763096169 0.12640901771336555 0.20562939796716184 0.13365539452495975 0.20172009382329945 0.14009661835748793 0.1931196247068022 0.1392914653784219 0.1853010164190774 0.13123993558776167 0.1782642689601251
0 0.13446054750402575 0.2111024237685692 0.12318840579710146 0.2150117279124316 0.11835748792270531 0.22361219702892884 0.1215780998389694 0.23768569194683348 0.13285024154589373 0.24472243940578578 0.14492753623188406 0.24159499609069585 0.15136876006441224 0.23064894448788115 0.1497584541062802 0.21892103205629398 0.14009661835748793 0.2111024237685692
0 0.1723027375201288 0.2220484753713839 0.16022544283413848 0.23143080531665364 0.15942028985507245 0.24159499609069585 0.16264090177133655 0.24784988272087569 0.17391304347826086 0.253322908522283 0.18276972624798712 0.2501954652071931 0.18840579710144928 0.24159499609069585 0.18760064412238325 0.23064894448788115 0.178743961352657 0.2220484753713839
0 0.213768115942029 0.2259577795152463 0.20933977455716588 0.2259577795152463 0.20209339774557167 0.23377638780297108 0.20128824476650564 0.24550430023455824 0.20450885668276972 0.2580140734949179 0.21014492753623187 0.2627052384675528 0.22705314009661837 0.2627052384675528 0.2318840579710145 0.2595777951524629 0.23832528180354268 0.24863174354964818 0.23993558776167473 0.23534010946051603 0.23349436392914655 0.22986708365910868 0.2181964573268921 0.2259577795152463
0 0.24154589371980675 0.25723221266614543 0.2359098228663446 0.2619233776387803 0.23349436392914655 0.2752150117279124 0.23671497584541062 0.28225175918686474 0.24798711755233493 0.2861610633307271 0.2560386473429952 0.28068803752931976 0.2584541062801932 0.2689601250977326 0.25523349436392917 0.2627052384675528 0.2463768115942029 0.25723221266614543
0 0.21658615136876005 0.26817826426896013 0.20772946859903382 0.2720875684128225 0.20450885668276972 0.27912431587177483 0.20531400966183574 0.28850664581704455 0.21256038647342995 0.2939796716184519 0.2246376811594203 0.290852228303362 0.2286634460547504 0.2838154808444097 0.22705314009661837 0.27130570758405004 0.21980676328502416 0.26817826426896013
0 0.18760064412238325 0.254886630179828 0.178743961352657 0.2580140734949179 0.1747181964573269 0.2650508209538702 0.17391304347826086 0.2767787333854574 0.18035426731078905 0.2845973416731822 0.1932367149758454 0.2830336200156372 0.19887278582930756 0.27834245504300237 0.20209339774557167 0.27130570758405004 0.1996779388083736 0.2580140734949179 0.19001610305958133 0.254886630179828
0 0.20933977455716588 0.11102423768569195 0.20048309178743962 0.11571540265832682 0.19806763285024154 0.12275215011727912 0.19806763285024154 0.1266614542611415 0.20611916264090177 0.13369820172009383 0.21739130434782608 0.13213448006254885 0.22061191626409019 0.127443315089914 0.22061191626409019 0.1164972634870993 0.21336553945249598 0.11102423768569195
0 0.2359098228663446 0.10867865519937452 0.22946859903381642 0.1125879593432369 0.2286634460547504 0.12431587177482409 0.23671497584541062 0.12900703674745895 0.24396135265700483 0.1235340109460516 0.2431561996779388 0.11180609851446442 0.23832528180354268 0.10867865519937452
0 0.25925925925925924 0.10476935105551212 0.2536231884057971 0.11024237685691947 0.2536231884057971 0.11962470680218922 0.2616747181964573 0.1235340109460516 0.2673107890499195 0.12118842845973417 0.26972624798711753 0.1164972634870993 0.2689210950080515 0.10711493354182955 0.26247987117552335 0.10476935105551212
0 0.22705314009661837 0.13369820172009383 0.2214170692431562 0.13917122752150118 0.2222222222222222 0.14464425332290853 0.22383252818035426 0.14777169663799844 0.23107890499194847 0.1485535574667709 0.23510466988727857 0.145426114151681 0.23510466988727857 0.13682564503518374 0.23027375201288244 0.13369820172009383
0 0.18760064412238325 0.1493354182955434 0.17954911433172302 0.15402658326817825 0.177938808373591 0.16184519155590305 0.1819645732689211 0.16888193901485535 0.1859903381642512 0.16810007818608289 0.19082125603864733 0.16262705238467554 0.19243156199677938 0.1532447224394058 0.1892109500805153 0.1493354182955434
0 0.24476650563607086 0.0875684128225176 0.23752012882447665 0.0985144644253323 0.23832528180354268 0.10242376856919469 0.2431561996779388 0.10633307271305707 0.24798711755233493 0.10633307271305707 0.25442834138486314 0.10007818608287725 0.2536231884057971 0.09382329945269742 0.24798711755233493 0.0875684128225176
0 0.2222222222222222 0.09382329945269742 0.21578099838969403 0.0985144644253323 0.21739130434782608 0.1055512118842846 0.2214170692431562 0.10867865519937452 0.22705314009661837 0.10867865519937452 0.23107890499194847 0.10476935105551212 0.2318840579710145 0.0985144644253323 0.2278582930756844 0.09382329945269742
0 0.22946859903381642 0.07818608287724785 0.22544283413848631 0.08209538702111024 0.22544283413848631 0.08913213448006255 0.22946859903381642 0.09147771696637999 0.23349436392914655 0.09147771696637999 0.23832528180354268 0.08522283033620015 0.23349436392914655 0.07818608287724785
0 0.20048309178743962 0.09304143862392494 0.1972624798711755 0.09616888193901485 0.1964573268921095 0.10242376856919469 0.1996779388083736 0.10711493354182955 0.20611916264090177 0.10711493354182955 0.2109500805152979 0.10398749022673964 0.21175523349436393 0.09695074276778734 0.2069243156199678 0.09304143862392494
0 0.17713365539452497 0.10320562939796717 0.1723027375201288 0.10476935105551212 0.16666666666666666 0.1125879593432369 0.16666666666666666 0.12040656763096169 0.17149758454106281 0.12900703674745895 0.1859903381642512 0.127443315089914 0.19162640901771336 0.11884284597341674 0.19243156199677938 0.11180609851446442 0.19001610305958133 0.10633307271305707 0.18115942028985507 0.10320562939796717
0 0.3148148148148148 0.10086004691164972 0.30998389694041867 0.10946051602814699 0.3148148148148148 0.11336982017200939 0.3188405797101449 0.11336982017200939 0.32286634460547503 0.11024237685691947 0.32367149758454106 0.1055512118842846 0.31803542673107893 0.10086004691164972
0 0.3035426731078905 0.3017982799061767 0.2995169082125604 0.3049257232212666 0.2946859903381642 0.32447224394057855 0.2995169082125604 0.32916340891321344 0.321256038647343 0.33229085222830335 0.3285024154589372 0.3229085222830336 0.3276972624798712 0.3127443315089914 0.3244766505636071 0.308835027365129 0.30998389694041867 0.3017982799061767
0 0.2721417069243156 0.2947615324472244 0.25925925925925924 0.2986708365910868 0.2560386473429952 0.30727130570758404 0.25684380032206117 0.3174354964816263 0.26570048309178745 0.32603596559812353 0.27938808373590984 0.32447224394057855 0.28502415458937197 0.3174354964816263 0.286634460547504 0.30258014073494915 0.2826086956521739 0.2971071149335418 0.27616747181964574 0.2947615324472244
0 0.23671497584541062 0.29319781078967944 0.22946859903381642 0.2939796716184519 0.2246376811594203 0.30258014073494915 0.2246376811594203 0.31039874902267395 0.23268921095008052 0.3166536356528538 0.2391304347826087 0.3166536356528538 0.249597423510467 0.31118060985144647 0.2528180354267311 0.3057075840500391 0.2536231884057971 0.29632525410476934 0.24235104669887278 0.29319781078967944
0 0.24396135265700483 0.3229085222830336 0.23832528180354268 0.32447224394057855 0.23268921095008052 0.3307271305707584 0.23268921095008052 0.3416731821735731 0.23993558776167473 0.34636434714620795 0.2560386473429952 0.34792806880375293 0.26247987117552335 0.34401876465989056 0.2632850241545894 0.3377638780297107 0.25925925925925924 0.32916340891321344 0.25120772946859904 0.3229085222830336
0 0.285829307568438 0.33698201720093823 0.2721417069243156 0.34401876465989056 0.27375201288244766 0.35731039874902265 0.2785829307568438 0.3635652853792025 0.286634460547504 0.3674745895230649 0.29307568438003223 0.36903831118060987 0.3027375201288245 0.3666927286942924 0.30676328502415456 0.35418295543393274 0.3035426731078905 0.3416731821735731 0.28743961352657005 0.3385457388584832
0 0.3244766505636071 0.35105551211884284 0.31239935587761675 0.35809225957779517 0.3083735909822866 0.3706020328381548 0.3107890499194847 0.3776387802971071 0.321256038647343 0.382329945269742 0.33172302737520126 0.3831118060985145 0.3389694041867955 0.37685691946833466 0.3397745571658615 0.36591086786551996 0.33172302737520126 0.3534010946051603 0.3276972624798712 0.35105551211884284
0 0.30676328502415456 0.3846755277560594 0.29871175523349436 0.38780297107114936 0.2946859903381642 0.3940578577013292 0.2962962962962963 0.4042220484753714 0.30676328502415456 0.40969507427677876 0.31561996779388085 0.4073494917904613 0.32286634460547503 0.39796716184519154 0.32286634460547503 0.3924941360437842 0.3107890499194847 0.3846755277560594
0 0.2741545893719807 0.3713838936669273 0.2689210950080515 0.3713838936669273 0.2640901771336554 0.37607505863956214 0.26006441223832527 0.3893666927286943 0.2640901771336554 0.3971853010164191 0.2721417069243156 0.3995308835027365 0.286634460547504 0.3956215793588741 0.29066022544283415 0.39014855355746675 0.2914653784219002 0.3831118060985145 0.2890499194847021 0.3776387802971071 0.27938808373590984 0.3713838936669273
0 0.23671497584541062 0.35418295543393274 0.2286634460547504 0.35731039874902265 0.22383252818035426 0.36200156372165754 0.2214170692431562 0.36903831118060987 0.22624798711755234 0.382329945269742 0.2359098228663446 0.38702111024237684 0.24557165861513688 0.3846755277560594 0.25201288244766507 0.37920250195465205 0.2536231884057971 0.3745113369820172 0.250402576489533 0.3596559812353401 0.23993558776167473 0.35418295543393274
0 0.1932367149758454 0.3494917904612979 0.18276972624798712 0.35887412040656763 0.18438003220611915 0.36982017200938233 0.20048309178743962 0.3737294761532447 0.21014492753623187 0.37294761532447224 0.21497584541062803 0.3674745895230649 0.21497584541062803 0.3557466770914777 0.2109500805152979 0.3518373729476153 0.20048309178743962 0.3494917904612979
0 0.17149758454106281 0.31352619233776385 0.16264090177133655 0.3197810789679437 0.1610305958132045 0.32525410476935107 0.16344605475040258 0.3416731821735731 0.17149758454106281 0.34792806880375293 0.18357487922705315 0.3424550430023456 0.19082125603864733 0.33229085222830335 0.19001610305958133 0.32212666145426117 0.1859903381642512 0.3174354964816263 0.17713365539452497 0.31352619233776385
0 0.20853462157809985 0.3166536356528538 0.19887278582930756 0.32134480062548865 0.19887278582930756 0.33620015637216577 0.20531400966183574 0.3416731821735731 0.21980676328502416 0.3393275996872557 0.2246376811594203 0.3346364347146208 0.22061191626409019 0.3236903831118061 0.21014492753623187 0.3166536356528538
0 0.1320450885668277 0.30258014073494915 0.1280193236714976 0.30258014073494915 0.11916264090177134 0.3080531665363565 0.11191626409017713 0.3174354964816263 0.11835748792270531 0.32916340891321344 0.1288244766505636 0.33307271305707586 0.14412238325281804 0.3315089913995309 0.15217391304347827 0.3197810789679437 0.15136876006441224 0.3096168881939015 0.1360708534621578 0.30258014073494915
0 0.11996779388083736 0.33620015637216577 0.11272141706924316 0.34010946051602814 0.10869565217391304 0.3557466770914777 0.1111111111111111 0.3674745895230649 0.12077294685990338 0.3706020328381548 0.1288244766505636 0.36903831118060987 0.13365539452495975 0.36278342455043 0.13446054750402575 0.3416731821735731 0.12721417069243157 0.33620015637216577
0 0.1529790660225443 0.27912431587177483 0.14895330112721417 0.28068803752931976 0.14492753623188406 0.2869429241594996 0.14492753623188406 0.2971071149335418 0.1497584541062802 0.3017982799061767 0.15539452495974235 0.3017982799061767 0.16264090177133655 0.292415949960907 0.16264090177133655 0.2838154808444097 0.1570048309178744 0.27912431587177483
0 0.1747181964573269 0.28850664581704455 0.1723027375201288 0.29163408913213446 0.17391304347826086 0.3057075840500391 0.1819645732689211 0.3096168881939015 0.19162640901771336 0.30727130570758404 0.19484702093397746 0.30414386239249414 0.1932367149758454 0.2971071149335418 0.1819645732689211 0.28850664581704455 0.17713365539452497 0.28850664581704455
0 0.1288244766505636 0.27756059421422985 0.11916264090177134 0.2830336200156372 0.11513687600644122 0.290852228303362 0.11674718196457327 0.2978889757623143 0.12318840579710146 0.29945269741985925 0.13526570048309178 0.2955433932759969 0.13768115942028986 0.28225175918686474 0.12962962962962962 0.27756059421422985
0 0.10305958132045089 0.23924941360437843 0.09500805152979067 0.24472243940578578 0.09178743961352658 0.2619233776387803 0.10225442834138486 0.2689601250977326 0.11594202898550725 0.26974198592650506 0.1215780998389694 0.2658326817826427 0.12560386473429952 0.2541047693510555 0.12318840579710146 0.24784988272087569 0.11030595813204509 0.23924941360437843
0 0.15217391304347827 0.2580140734949179 0.1392914653784219 0.2627052384675528 0.13687600644122383 0.2650508209538702 0.13848631239935588 0.2689601250977326 0.14653784219001612 0.272869429241595 0.15217391304347827 0.2705238467552776 0.15861513687600645 0.2650508209538702 0.15619967793880837 0.2580140734949179
0 0.08776167471819646 0.2736512900703675 0.08132045088566828 0.27912431587177483 0.07890499194847021 0.292415949960907 0.08373590982286634 0.2986708365910868 0.0966183574879227 0.30101641907740423 0.10869565217391304 0.2947615324472244 0.11030595813204509 0.2814698983580923 0.10628019323671498 0.2767787333854574 0.09420289855072464 0.2736512900703675
0 0.09420289855072464 0.20562939796716184 0.08454106280193237 0.20562939796716184 0.07407407407407407 0.20953870211102424 0.07004830917874397 0.21892103205629398 0.07004830917874397 0.22752150117279124 0.07246376811594203 0.23064894448788115 0.08856682769726248 0.23377638780297108 0.10225442834138486 0.23064894448788115 0.107085346215781 0.2251759186864738 0.10789049919484701 0.2150117279124316 0.09903381642512077 0.20562939796716184
0 0.107085346215781 0.15559030492572323 0.09822866344605476 0.15793588741204065 0.09500805152979067 0.16888193901485535 0.10144927536231885 0.17357310398749023 0.11272141706924316 0.17591868647380765 0.1215780998389694 0.1704456606724003 0.12238325281803543 0.16262705238467554 0.11835748792270531 0.15793588741204065 0.1111111111111111 0.15559030492572323
0 0.05314009661835749 0.2595777951524629 0.04106280193236715 0.2658326817826427 0.03784219001610306 0.27130570758405004 0.03864734299516908 0.28068803752931976 0.04589371980676329 0.2877247849882721 0.06360708534621579 0.29007036747458953 0.07085346215780998 0.28225175918686474 0.071658615136876 0.2736512900703675 0.06682769726247988 0.26348709929632524 0.05877616747181964 0.2595777951524629
0 0.04428341384863124 0.30023455824863177 0.037037037037037035 0.30414386239249414 0.03542673107890499 0.3174354964816263 0.0426731078904992 0.32603596559812353 0.057971014492753624 0.328381548084441 0.06763285024154589 0.3229085222830336 0.07004830917874397 0.31430805316653637 0.06280193236714976 0.3033620015637217 0.05152979066022544 0.30023455824863177
0 0.012077294685990338 0.2986708365910868 0 0.2986708365910868 0 0.3236903831118061 0.021739130434782608 0.32525410476935107 0.026570048309178744 0.3205629397967162 0.026570048309178744 0.3049257232212666 0.023349436392914653 0.30101641907740423 0.01610305958132045 0.2986708365910868
0 0.01288244766505636 0.26035965598123534 0 0.2642689601250977 0 0.292415949960907 0.016908212560386472 0.29163408913213446 0.029790660225442835 0.28225175918686474 0.030595813204508857 0.2705238467552776 0.01932367149758454 0.26035965598123534
0 0.008051529790660225 0.22439405785770133 0 0.2251759186864738 0 0.2580140734949179 0.014492753623188406 0.254886630179828 0.02576489533011272 0.23768569194683348 0.02576489533011272 0.22986708365910868 0.013687600644122383 0.22439405785770133
0 0.040257648953301126 0.2329945269741986 0.03462157809983897 0.23768569194683348 0.0322061191626409 0.24863174354964818 0.0322061191626409 0.2509773260359656 0.039452495974235106 0.25566849100860045 0.04669887278582931 0.254886630179828 0.05314009661835749 0.2470680218921032 0.05394524959742351 0.23768569194683348 0.04750402576489533 0.2329945269741986
0 0.050724637681159424 0.33620015637216577 0.036231884057971016 0.3385457388584832 0.03462157809983897 0.35105551211884284 0.03784219001610306 0.3557466770914777 0.050724637681159424 0.35809225957779517 0.06038647342995169 0.35809225957779517 0.06360708534621579 0.3557466770914777 0.06521739130434782 0.3455824863174355 0.06038647342995169 0.3377638780297107 0.05475040257648953 0.33620015637216577
0 0.2214170692431562 0.39093041438623927 0.21256038647342995 0.3964034401876466 0.2109500805152979 0.4042220484753714 0.21497584541062803 0.4151681000781861 0.22302737520128824 0.42064112587959346 0.23107890499194847 0.41985926505082094 0.23752012882447665 0.41594996090695857 0.2431561996779388 0.40578577013291633 0.24154589371980675 0.3971853010164191 0.2278582930756844 0.39093041438623927
0 0.1892109500805153 0.3784206411258796 0.18115942028985507 0.3854573885848319 0.1819645732689211 0.3995308835027365 0.19082125603864733 0.4034401876465989 0.2037037037037037 0.40109460516028145 0.2069243156199678 0.3964034401876466 0.20531400966183574 0.3831118060985145 0.1996779388083736 0.37920250195465205 0.19001610305958133 0.37920250195465205
0 0.2636876006441224 0.40500390930414387 0.25442834138486314 0.4073494917904613 0.25120772946859904 0.418295543393276 0.25925925925925924 0.4253322908522283 0.27294685990338163 0.42767787333854573 0.2809983896940419 0.4214229867083659 0.2809983896940419 0.41360437842064113 0.2753623188405797 0.4073494917904613 0.2689210950080515 0.40500390930414387
0 0.2995169082125604 0.41360437842064113 0.2882447665056361 0.4214229867083659 0.28743961352657005 0.4292415949960907 0.2938808373590982 0.43784206411258797 0.30676328502415456 0.4409695074276779 0.3148148148148148 0.4354964816262705 0.3148148148148148 0.42689601250977327 0.30998389694041867 0.418295543393276 0.30112721417069244 0.41360437842064113
0 0.2882447665056361 0.4440969507427678 0.28421900161030594 0.44878811571540267 0.28502415458937197 0.45582486317435494 0.2922705314009662 0.4612978889757623 0.2995169082125604 0.4620797498045348 0.30193236714975846 0.45973416731821737 0.30112721417069244 0.45269741985926504 0.2946859903381642 0.4440969507427678
0 0.3164251207729469 0.45426114151681 0.3083735909822866 0.4581704456606724 0.3059581320450886 0.46677091477716964 0.3107890499194847 0.472243940578577 0.3172302737520129 0.473807662236122 0.32286634460547503 0.47146207974980453 0.3252818035426731 0.46755277560594216 0.3252818035426731 0.4589523064894449 0.321256038647343 0.45426114151681
0 0.33172302737520126 0.46755277560594216 0.3276972624798712 0.4698983580922596 0.32608695652173914 0.47771696637998434 0.33011272141706927 0.48162627052384677 0.33816425120772947 0.4839718530101642 0.3421900161030596 0.4808444096950743 0.34299516908212563 0.47537138389366695 0.3413848631239936 0.47146207974980453 0.33494363929146537 0.46755277560594216
0 0.35185185185185186 0.4808444096950743 0.3470209339774557 0.48240813135261923 0.3446054750402576 0.4870992963252541 0.3446054750402576 0.4941360437842064 0.34782608695652173 0.49648162627052383 0.35507246376811596 0.49648162627052383 0.35990338164251207 0.491790461297889 0.35829307568438 0.4831899921813917 0.3526570048309179 0.4808444096950743
0 0.37278582930756843 0.48866301798279904 0.36312399355877617 0.4949179046129789 0.3615136876006441 0.5019546520719312 0.3647342995169082 0.506645817044566 0.37600644122383253 0.509773260359656 0.38164251207729466 0.506645817044566 0.3832528180354267 0.5019546520719312 0.38164251207729466 0.491790461297889 0.3776167471819646 0.48866301798279904
0 0.2648953301127214 0.43471462079749806 0.2584541062801932 0.44487881157154024 0.2640901771336554 0.4519155590304926 0.2713365539452496 0.4503518373729476 0.27375201288244766 0.44566067240031276 0.26811594202898553 0.43471462079749806
0 0.22624798711755234 0.4253322908522283 0.2214170692431562 0.4284597341673182 0.2222222222222222 0.436278342455043 0.2246376811594203 0.4394057857701329 0.23107890499194847 0.4394057857701329 0.23510466988727857 0.4354964816262705 0.23510466988727857 0.4292415949960907 0.23268921095008052 0.4261141516810008 0.2278582930756844 0.4253322908522283
0 0.24074074074074073 0.4261141516810008 0.23832528180354268 0.4284597341673182 0.23993558776167473 0.4433150899139953 0.249597423510467 0.44566067240031276 0.25523349436392917 0.43862392494136043 0.25442834138486314 0.4323690383111806 0.24154589371980675 0.4261141516810008
0 0.20611916264090177 0.4151681000781861 0.19887278582930756 0.42298670836591085 0.1996779388083736 0.43158717748240816 0.20933977455716588 0.4323690383111806 0.21497584541062803 0.4284597341673182 0.21256038647342995 0.418295543393276 0.2069243156199678 0.41594996090695857
0 0.18760064412238325 0.40891321344800624 0.1819645732689211 0.40969507427677876 0.178743961352657 0.41673182173573103 0.177938808373591 0.4214229867083659 0.18276972624798712 0.4284597341673182 0.1932367149758454 0.4261141516810008 0.19484702093397746 0.4222048475371384 0.19484702093397746 0.4143862392494136 0.18840579710144928 0.40891321344800624
0 0.16022544283413848 0.4065676309616888 0.15458937198067632 0.4112587959343237 0.15539452495974235 0.41985926505082094 0.15861513687600645 0.4222048475371384 0.1642512077294686 0.4222048475371384 0.16666666666666666 0.4190774042220485 0.16747181964573268 0.4081313526192338 0.16505636070853463 0.4065676309616888
0 0.14170692431561996 0.4034401876465989 0.1360708534621578 0.40969507427677876 0.14090177133655393 0.418295543393276 0.1457326892109501 0.418295543393276 0.15056360708534622 0.4143862392494136 0.1497584541062802 0.40578577013291633 0.1473429951690821 0.4034401876465989
0 0.12640901771336555 0.40265832681782643 0.11916264090177134 0.40578577013291633 0.11916264090177134 0.41673182173573103 0.12721417069243157 0.4175136825645035 0.13285024154589373 0.41360437842064113 0.13285024154589373 0.4073494917904613 0.12721417069243157 0.4034401876465989
0 0.10225442834138486 0.40187646598905397 0.0966183574879227 0.4073494917904613 0.09581320450885668 0.4143862392494136 0.10225442834138486 0.4190774042220485 0.10869565217391304 0.4190774042220485 0.11352657004830918 0.4151681000781861 0.11352657004830918 0.4104769351055512 0.107085346215781 0.40187646598905397
0 0.03462157809983897 0.39171227521501173 0.02818035426731079 0.3971853010164191 0.02818035426731079 0.40578577013291633 0.029790660225442835 0.40891321344800624 0.039452495974235106 0.41204065676309615 0.04508856682769726 0.40969507427677876 0.04830917874396135 0.40187646598905397 0.04830917874396135 0.3971853010164191 0.040257648953301126 0.39171227521501173
0 0.11876006441223833 0.3752931978107897 0.10950080515297907 0.37607505863956214 0.10628019323671498 0.37998436278342457 0.10628019323671498 0.3924941360437842 0.11191626409017713 0.3964034401876466 0.12399355877616747 0.3956215793588741 0.13043478260869565 0.3924941360437842 0.13123993558776167 0.38076622361219703 0.12399355877616747 0.3752931978107897
0 0.04508856682769726 0.364347146207975 0.037037037037037035 0.3674745895230649 0.0322061191626409 0.3745113369820172 0.033816425120772944 0.382329945269742 0.04106280193236715 0.38702111024237684 0.04669887278582931 0.38702111024237684 0.05233494363929147 0.3776387802971071 0.05152979066022544 0.36903831118060987 0.04669887278582931 0.364347146207975
0 0.013888888888888888 0.3338545738858483 0 0.3338545738858483 0 0.35496481626270526 0.014492753623188406 0.3534010946051603 0.020128824476650563 0.3494917904612979 0.024154589371980676 0.3408913213448006 0.018518518518518517 0.3338545738858483
0 0.0644122383252818 0.23534010946051603 0.061191626409017714 0.24159499609069585 0.061996779388083734 0.2517591868647381 0.07085346215780998 0.2580140734949179 0.08051529790660225 0.2580140734949179 0.08373590982286634 0.2541047693510555 0.08454106280193237 0.24315871774824083 0.071658615136876 0.23534010946051603
0 0.1570048309178744 0.18842845973416733 0.14895330112721417 0.19546520719311963 0.1497584541062802 0.20562939796716184 0.15539452495974235 0.21344800625488664 0.16988727858293076 0.2142298670836591 0.1747181964573269 0.20875684128225175 0.1747181964573269 0.19859265050820954 0.16988727858293076 0.19155590304925724 0.15861513687600645 0.18842845973416733
0 0.3615136876006441 0.4480062548866302 0.3494363929146538 0.4511336982017201 0.3462157809983897 0.45582486317435494 0.3494363929146538 0.4730258014073495 0.35829307568438 0.47771696637998434 0.3663446054750403 0.4769351055512119 0.3711755233494364 0.472243940578577 0.3743961352657005 0.4550430023455825 0.37278582930756843 0.4503518373729476 0.3687600644122383 0.4480062548866302
0 0.036231884057971016 0.127443315089914 0.027375201288244767 0.13369820172009383 0.02576489533011272 0.13995308835027365 0.03864734299516908 0.15011727912431588 0.04669887278582931 0.15168100078186084 0.05152979066022544 0.14698983580922595 0.05233494363929147 0.13682564503518374 0.039452495974235106 0.127443315089914
0 0.07085346215780998 0.12040656763096169 0.061996779388083734 0.12587959343236904 0.05958132045088567 0.13291634089132134 0.06038647342995169 0.1415168100078186 0.071658615136876 0.14073494917904614 0.07890499194847021 0.1313526192337764 0.07809983896940419 0.1235340109460516 0.071658615136876 0.12040656763096169
0 0.09500805152979067 0.10320562939796717 0.08856682769726248 0.1055512118842846 0.08454106280193237 0.11180609851446442 0.08776167471819646 0.12118842845973417 0.09420289855072464 0.12509773260359655 0.10144927536231885 0.1235340109460516 0.107085346215781 0.11571540265832682 0.10466988727858294 0.10711493354182955 0.09822866344605476 0.10320562939796717
0 0.0893719806763285 0.13369820172009383 0.0821256038647343 0.14308053166536355 0.08293075684380032 0.15011727912431588 0.08776167471819646 0.1532447224394058 0.0966183574879227 0.15168100078186084 0.10547504025764895 0.14386239249413604 0.09581320450885668 0.13369820172009383
0 0.07809983896940419 0.17748240813135263 0.07085346215780998 0.18060985144644254 0.06763285024154589 0.18686473807662235 0.07407407407407407 0.20093823299452698 0.09178743961352658 0.19781078967943705 0.0966183574879227 0.1923377638780297 0.09420289855072464 0.18295543393275998 0.0853462157809984 0.17748240813135263
0 0.04830917874396135 0.16262705238467554 0.04186795491143317 0.16653635652853793 0.040257648953301126 0.1712275215011728 0.04106280193236715 0.17748240813135263 0.04750402576489533 0.181391712275215 0.05394524959742351 0.181391712275215 0.057971014492753624 0.1782642689601251 0.057971014492753624 0.1673182173573104 0.05394524959742351 0.16262705238467554
0 0 0.14308053166536355 0 0.16262705238467554 0.012077294685990338 0.16184519155590305 0.01610305958132045 0.15871774824081314 0.015297906602254429 0.15168100078186084 0.011272141706924315 0.1462079749804535 0.004830917874396135 0.14308053166536355
0 0.004428341384863124 0.11806098514464425 0 0.11806098514464425 0 0.1376075058639562 0.008051529790660225 0.1376075058639562 0.01288244766505636 0.13369820172009383 0.013687600644122383 0.12275215011727912 0.008856682769726247 0.11806098514464425
0 0.02818035426731079 0.09616888193901485 0.024154589371980676 0.09773260359655982 0.018518518518518517 0.1055512118842846 0.020128824476650563 0.11415168100078187 0.027375201288244767 0.11806098514464425 0.036231884057971016 0.11571540265832682 0.03864734299516908 0.10946051602814699 0.037037037037037035 0.10007818608287725 0.030595813204508857 0.09616888193901485
0 0.04830917874396135 0.10711493354182955 0.04508856682769726 0.11024237685691947 0.04750402576489533 0.12431587177482409 0.05233494363929147 0.12431587177482409 0.057971014492753624 0.11962470680218922 0.05877616747181964 0.1125879593432369 0.05394524959742351 0.10711493354182955
0 0.06924315619967794 0.09695074276778734 0.06280193236714976 0.1016419077404222 0.06280193236714976 0.10867865519937452 0.07085346215780998 0.11493354182955434 0.07890499194847021 0.10789679437060204 0.07809983896940419 0.10086004691164972 0.07246376811594203 0.09695074276778734
0 0.0499194847020934 0.08287724784988272 0.04508856682769726 0.08522283033620015 0.0426731078904992 0.0906958561376075 0.043478260869565216 0.09929632525410477 0.04589371980676329 0.1016419077404222 0.05394524959742351 0.1016419077404222 0.05958132045088567 0.0946051602814699 0.05877616747181964 0.08678655199374512 0.05152979066022544 0.08287724784988272
0 0.004830917874396135 0.0946051602814699 0 0.09616888193901485 0 0.11102423768569195 0.007246376811594203 0.11024237685691947 0.010466988727858293 0.1055512118842846 0.010466988727858293 0.09773260359655982 0.005636070853462158 0.09538702111024237
0 0.028985507246376812 0.07036747458952307 0.024154589371980676 0.0766223612197029 0.0249597423510467 0.08522283033620015 0.02818035426731079 0.08835027365129007 0.036231884057971016 0.08835027365129007 0.039452495974235106 0.07740422204847537 0.03784219001610306 0.0727130570758405 0.0322061191626409 0.07036747458952307
0 0.06924315619967794 0.08209538702111024 0.06602254428341385 0.08600469116497264 0.06763285024154589 0.09304143862392494 0.0748792270531401 0.09225957779515247 0.07648953301127215 0.08522283033620015 0.07407407407407407 0.08209538702111024
0 0.07809983896940419 0.0656763096168882 0.071658615136876 0.07036747458952307 0.07246376811594203 0.07740422204847537 0.07648953301127215 0.0797498045347928 0.0821256038647343 0.07896794370602032 0.08695652173913043 0.0727130570758405 0.08776167471819646 0.06724003127443315 0.07890499194847021 0.0656763096168882
0 0.08454106280193237 0.08131352619233777 0.08051529790660225 0.08913213448006255 0.08051529790660225 0.09616888193901485 0.08776167471819646 0.10007818608287725 0.09339774557165861 0.09695074276778734 0.09581320450885668 0.08835027365129007 0.09259259259259259 0.08287724784988272 0.0853462157809984 0.08131352619233777
0 0.14653784219001612 0.05942142298670837 0.14009661835748793 0.06333072713057075 0.1392914653784219 0.07193119624706802 0.14251207729468598 0.0766223612197029 0.15056360708534622 0.07818608287724785 0.15780998389694043 0.07349491790461297 0.16022544283413848 0.06802189210320563 0.1570048309178744 0.0617670054730258 0.15056360708534622 0.05942142298670837
0 0.1288244766505636 0.08913213448006255 0.12640901771336555 0.09616888193901485 0.1280193236714976 0.10086004691164972 0.1320450885668277 0.10320562939796717 0.13526570048309178 0.10242376856919469 0.13848631239935588 0.09695074276778734 0.13526570048309178 0.08913213448006255
0 0.14653784219001612 0.08131352619233777 0.14009661835748793 0.08444096950742767 0.1392914653784219 0.08913213448006255 0.14412238325281804 0.09695074276778734 0.15056360708534622 0.09695074276778734 0.15217391304347827 0.0836591086786552 0.1473429951690821 0.08131352619233777
0 0.1610305958132045 0.08991399530883502 0.15619967793880837 0.0946051602814699 0.1570048309178744 0.10242376856919469 0.16022544283413848 0.10476935105551212 0.16586151368760063 0.10398749022673964 0.16988727858293076 0.0985144644253323 0.1682769726247987 0.09304143862392494 0.1642512077294686 0.08991399530883502
0 0.17552334943639292 0.08209538702111024 0.17149758454106281 0.08991399530883502 0.17310789049919484 0.09538702111024237 0.177938808373591 0.09773260359655982 0.1859903381642512 0.09147771696637999 0.1859903381642512 0.08600469116497264 0.1819645732689211 0.08209538702111024
0 0.11030595813204509 0.08053166536356529 0.10628019323671498 0.08600469116497264 0.1111111111111111 0.0985144644253323 0.11594202898550725 0.10007818608287725 0.11996779388083736 0.09616888193901485 0.12077294685990338 0.08522283033620015 0.11513687600644122 0.08053166536356529
0 0.036231884057971016 0.04691164972634871 0.026570048309178744 0.05629397967161845 0.027375201288244767 0.06489444878811572 0.03462157809983897 0.0688037529319781 0.039452495974235106 0.0688037529319781 0.050724637681159424 0.058639562157935886 0.04750402576489533 0.04925723221266615 0.040257648953301126 0.04691164972634871
0 0.005636070853462158 0.053166536356528536 0 0.05394839718530102 0 0.07584050039093042 0.00322061191626409 0.0766223612197029 0.016908212560386472 0.07584050039093042 0.024154589371980676 0.06802189210320563 0.02254428341384863 0.05785770132916341 0.011272141706924315 0.053166536356528536
0 0 0.07896794370602032 0 0.09147771696637999 0.007246376811594203 0.08835027365129007 0.008051529790660225 0.08287724784988272 0.004830917874396135 0.07896794370602032
0 0.014492753623188406 0.08131352619233777 0.011272141706924315 0.08444096950742767 0.011272141706924315 0.0906958561376075 0.013687600644122383 0.09304143862392494 0.01932367149758454 0.09225957779515247 0.021739130434782608 0.08835027365129007 0.018518518518518517 0.08131352619233777
0 0.10225442834138486 0.06254886630179828 0.08856682769726248 0.06724003127443315 0.09178743961352658 0.0766223612197029 0.09822866344605476 0.07818608287724785 0.10789049919484701 0.07349491790461297 0.10789049919484701 0.06489444878811572 0.10547504025764895 0.06254886630179828
0 0.12962962962962962 0.06645817044566067 0.12640901771336555 0.06724003127443315 0.12399355877616747 0.07505863956215794 0.12399355877616747 0.07896794370602032 0.1280193236714976 0.0836591086786552 0.1360708534621578 0.08287724784988272 0.13768115942028986 0.08053166536356529 0.13687600644122383 0.07036747458952307 0.13365539452495975 0.06645817044566067
0 0.1819645732689211 0.06645817044566067 0.17552334943639292 0.07193119624706802 0.17552334943639292 0.07505863956215794 0.18035426731078905 0.07896794370602032 0.18518518518518517 0.07896794370602032 0.19162640901771336 0.07427677873338545 0.1892109500805153 0.06802189210320563 0.18276972624798712 0.06724003127443315
0 0.19484702093397746 0.07505863956215794 0.19001610305958133 0.0836591086786552 0.19484702093397746 0.09147771696637999 0.20450885668276972 0.08444096950742767 0.2037037037037037 0.07740422204847537 0.19806763285024154 0.07505863956215794
0 0.21658615136876005 0.07349491790461297 0.20853462157809985 0.07740422204847537 0.20611916264090177 0.08444096950742767 0.21175523349436393 0.0906958561376075 0.2214170692431562 0.08835027365129007 0.22302737520128824 0.08053166536356529 0.21739130434782608 0.07427677873338545
0 0.2713365539452496 0.07427677873338545 0.26811594202898553 0.08444096950742767 0.27375201288244766 0.09147771696637999 0.2785829307568438 0.09382329945269742 0.286634460547504 0.09147771696637999 0.2898550724637681 0.08522283033620015 0.2882447665056361 0.07818608287724785 0.285829307568438 0.07584050039093042 0.27375201288244766 0.07427677873338545
0 0.4492753623188406 0.16575449569976544 0.44524959742351045 0.1673182173573104 0.44363929146537845 0.17200938232994528 0.4444444444444444 0.17591868647380765 0.44847020933977455 0.17748240813135263 0.45491143317230276 0.1751368256450352 0.4573268921095008 0.1704456606724003 0.45491143317230276 0.16575449569976544
0 0.46296296296296297 0.17200938232994528 0.4573268921095008 0.1751368256450352 0.4533011272141707 0.1821735731039875 0.45491143317230276 0.1892103205629398 0.4605475040257649 0.19155590304925724 0.4677938808373591 0.19077404222048475 0.47101449275362317 0.1860828772478499 0.46859903381642515 0.1751368256450352 0.46537842190016104 0.17200938232994528
0 0.8969404186795491 0.8037529319781079 0.8896940418679549 0.8084440969507428 0.8880837359098228 0.8131352619233776 0.893719806763285 0.8193901485535575 0.9049919484702094 0.8170445660672401 0.9066022544283414 0.8068803752931978 0.9033816425120773 0.8037529319781079
0 0.8904991948470209 0.8217357310398749 0.8856682769726248 0.8256450351837373 0.8840579710144928 0.8311180609851446 0.8896940418679549 0.8389366692728695 0.893719806763285 0.838154808444097 0.8969404186795491 0.8318999218139171 0.8969404186795491 0.8248631743549648 0.8913043478260869 0.8225175918686474
0 0.9178743961352657 0.8029710711493354 0.9098228663446055 0.8068803752931978 0.9122383252818036 0.8209538702111024 0.9170692431561996 0.8232994526974199 0.928341384863124 0.8217357310398749 0.928341384863124 0.8068803752931978 0.9194847020933977 0.8029710711493354
0 0.788244766505636 0.8483189992181391 0.7818035426731079 0.854573885848319 0.7818035426731079 0.8631743549648163 0.785024154589372 0.8670836591086787 0.7946859903381642 0.8702111024237685 0.8011272141706924 0.8631743549648163 0.8011272141706924 0.8569194683346364 0.7930756843800322 0.8483189992181391
0 0.820450885668277 0.8334636434714621 0.8164251207729468 0.8373729476153244 0.8164251207729468 0.8491008600469117 0.821256038647343 0.854573885848319 0.8301127214170693 0.854573885848319 0.8381642512077294 0.8491008600469117 0.8381642512077294 0.8405003909304144 0.8244766505636071 0.8334636434714621
0 0.7375201288244766 0.8373729476153244 0.7302737520128825 0.8514464425332291 0.7302737520128825 0.8592650508209538 0.7359098228663447 0.8686473807662236 0.7407407407407407 0.8655199374511336 0.7439613526570048 0.8670836591086787 0.748792270531401 0.8647380766223612 0.7544283413848631 0.8592650508209538 0.7536231884057971 0.8459734167318217 0.7447665056360708 0.8373729476153244
0 0.7745571658615137 0.9030492572322126 0.7681159420289855 0.9069585613760751 0.7673107890499195 0.9155590304925724 0.7721417069243156 0.9218139171227522 0.7793880837359098 0.9218139171227522 0.782608695652174 0.9194683346364347 0.784219001610306 0.9124315871774824 0.7818035426731079 0.9069585613760751 0.7761674718196457 0.9030492572322126
0 0.5217391304347826 0.6841282251759186 0.5169082125603864 0.6888193901485535 0.5177133655394525 0.6982017200938233 0.5209339774557166 0.7028928850664582 0.5273752012882448 0.7036747458952306 0.5322061191626409 0.6997654417513682 0.533011272141707 0.6935105551211884 0.5322061191626409 0.6888193901485535 0.5257648953301127 0.6841282251759186
0 0.5144927536231884 0.6677091477716967 0.5104669887278583 0.6708365910867865 0.5104669887278583 0.6786551993745114 0.5120772946859904 0.6817826426896012 0.5185185185185185 0.6817826426896012 0.5225442834138486 0.674745895230649 0.5152979066022544 0.6677091477716967
0 0.46215780998389694 0.4878811571540266 0.4500805152979066 0.4949179046129789 0.4492753623188406 0.508209538702111 0.45893719806763283 0.5207193119624707 0.47101449275362317 0.5222830336200156 0.4774557165861514 0.5175918686473807 0.48148148148148145 0.5043002345582487 0.4774557165861514 0.4949179046129789 0.46537842190016104 0.4878811571540266
0 0.49114331723027377 0.5121188428459734 0.48148148148148145 0.5183737294761532 0.47987117552334946 0.5301016419077405 0.49033816425120774 0.5418295543393276 0.499194847020934 0.5433932759968726 0.5056360708534622 0.5371383893666928 0.5072463768115942 0.5254104769351056 0.5032206119162641 0.5183737294761532 0.4943639291465378 0.5121188428459734
0 0.4444444444444444 0.5129007036747459 0.4355877616747182 0.5136825645035183 0.4307568438003221 0.5183737294761532 0.42995169082125606 0.5324472243940579 0.43397745571658614 0.5371383893666928 0.4492753623188406 0.5387021110242377 0.45410628019323673 0.5355746677091477 0.4573268921095008 0.5238467552775606 0.44847020933977455 0.5129007036747459
0 0.4669887278582931 0.5394839718530101 0.4613526570048309 0.5465207193119624 0.4613526570048309 0.5598123534010946 0.4669887278582931 0.565285379202502 0.4750402576489533 0.5660672400312744 0.4822866344605475 0.562157935887412 0.48389694041867953 0.5512118842845973 0.48148148148148145 0.5449569976544175 0.47342995169082125 0.5394839718530101
0 0.39049919484702095 0.5105551211884285 0.3864734299516908 0.5152462861610634 0.3888888888888889 0.5222830336200156 0.39371980676328505 0.5238467552775606 0.3969404186795491 0.5215011727912432 0.3977455716586151 0.5160281469898358 0.391304347826087 0.5113369820172009
0 0.40499194847020936 0.5230648944487881 0.4001610305958132 0.5285379202501954 0.40418679549114334 0.5371383893666928 0.4082125603864734 0.5371383893666928 0.41304347826086957 0.5332290852228303 0.41304347826086957 0.5269741985926505 0.40901771336553944 0.5230648944487881
0 0.4210950080515298 0.5363565285379203 0.41304347826086957 0.5418295543393276 0.4170692431561997 0.5496481626270524 0.4243156199677939 0.5488663017982799 0.42673107890499196 0.54573885848319 0.42673107890499196 0.5402658326817826 0.4219001610305958 0.5363565285379203
0 0.45692431561996777 0.565285379202502 0.4476650563607085 0.5684128225175918 0.44524959742351045 0.5777951524628616 0.44847020933977455 0.584831899921814 0.45893719806763283 0.5871774824081314 0.46296296296296297 0.5863956215793589 0.4669887278582931 0.5793588741204065 0.46618357487922707 0.5715402658326818 0.4613526570048309 0.565285379202502
0 0.4782608695652174 0.584831899921814 0.47101449275362317 0.5856137607505864 0.4677938808373591 0.5887412040656763 0.4677938808373591 0.5942142298670836 0.4742351046698873 0.602814698983581 0.48389694041867953 0.6051602814698983 0.4863123993558776 0.5918686473807663 0.4830917874396135 0.584831899921814
0 0.0571658615136876 0.4151681000781861 0.05314009661835749 0.418295543393276 0.05636070853462158 0.4245504300234558 0.05958132045088567 0.42376856919468336 0.061996779388083734 0.4190774042220485 0.057971014492753624 0.41594996090695857
0 0.8373590982286635 0.599687255668491 0.8309178743961353 0.6051602814698983 0.8317230273752013 0.6129788897576232 0.8389694041867954 0.6129788897576232 0.8429951690821256 0.6098514464425332 0.8429951690821256 0.6020328381548085 0.8389694041867954 0.599687255668491
0 0.7721417069243156 0.5824863174354965 0.7673107890499195 0.584831899921814 0.7673107890499195 0.5989053948397185 0.7785829307568438 0.602814698983581 0.785829307568438 0.6020328381548085 0.789049919484702 0.5957779515246286 0.7874396135265701 0.5879593432369038 0.782608695652174 0.5840500390930414 0.7729468599033816 0.5832681782642689
0 0.44041867954911434 0.46755277560594216 0.4323671497584541 0.47068021892103207 0.42592592592592593 0.4800625488663018 0.4243156199677939 0.4870992963252541 0.42914653784219003 0.4941360437842064 0.44605475040257647 0.4941360437842064 0.45088566827697263 0.48866301798279904 0.45088566827697263 0.472243940578577 0.44847020933977455 0.4683346364347146 0.44363929146537845 0.46755277560594216
0 0.33494363929146537 0.40265832681782643 0.3276972624798712 0.4081313526192338 0.3252818035426731 0.4143862392494136 0.32689210950080516 0.4175136825645035 0.33494363929146537 0.4222048475371384 0.34541062801932365 0.41985926505082094 0.34782608695652173 0.4151681000781861 0.3462157809983897 0.4104769351055512 0.3357487922705314 0.40265832681782643
0 0.3413848631239936 0.25645035183737297 0.3309178743961353 0.2658326817826427 0.33011272141706927 0.272869429241595 0.3309178743961353 0.27912431587177483 0.3365539452495974 0.28850664581704455 0.34541062801932365 0.29007036747458953 0.35909822866344604 0.2838154808444097 0.35990338164251207 0.2752150117279124 0.35426731078904994 0.2642689601250977 0.3421900161030596 0.25723221266614543