0 0.9428571428571428 0.8592017738359202 0.9234285714285714 0.8691796008869179 0.9188571428571428 0.8835920177383592 0.9211428571428572 0.8968957871396895 0.9348571428571428 0.9057649667405765 0.9508571428571428 0.9024390243902439 0.96 0.8902439024390244 0.96 0.8669623059866962 0.9497142857142857 0.8592017738359202
0 0.9554285714285714 0.8148558758314856 0.944 0.8170731707317073 0.9382857142857143 0.8226164079822617 0.9348571428571428 0.8381374722838137 0.9417142857142857 0.8503325942350333 0.96 0.8558758314855875 0.9702857142857143 0.8481152993348116 0.9737142857142858 0.8303769401330376 0.9657142857142857 0.8159645232815964 0.9565714285714285 0.8148558758314856
0 0.8891428571428571 0.8725055432372506 0.888 0.8813747228381374 0.8937142857142857 0.8902439024390244 0.9051428571428571 0.8902439024390244 0.912 0.88470066518847 0.9154285714285715 0.8691796008869179 0.904 0.8603104212860311 0.8971428571428571 0.8614190687361419
0 0.9245714285714286 0.9146341463414634 0.92 0.926829268292683 0.9314285714285714 0.9412416851441242 0.9405714285714286 0.9401330376940134 0.952 0.9290465631929047 0.9542857142857143 0.9168514412416852 0.9508571428571428 0.9079822616407982
0 0.896 0.9013303769401331 0.896 0.9212860310421286 0.9005714285714286 0.9246119733924612 0.912 0.9212860310421286 0.9177142857142857 0.9090909090909091 0.9142857142857143 0.8991130820399114
0 0.8605714285714285 0.8980044345898004 0.8594285714285714 0.9113082039911308 0.88 0.9235033259423503 0.8868571428571429 0.9201773835920177 0.8902857142857142 0.8980044345898004 0.8857142857142857 0.8891352549889135 0.8765714285714286 0.8880266075388027
0 0.8491428571428571 0.8592017738359202 0.848 0.8802660753880266 0.8525714285714285 0.8869179600886918 0.8662857142857143 0.8869179600886918 0.88 0.8791574279379157 0.8845714285714286 0.8614190687361419 0.8765714285714286 0.8492239467849224 0.8617142857142858 0.8470066518847007
0 0.8377142857142857 0.8104212860310421 0.8388571428571429 0.8259423503325942 0.8548571428571429 0.8392461197339246 0.8685714285714285 0.8381374722838137 0.8811428571428571 0.8203991130820399 0.8765714285714286 0.802660753880266 0.864 0.7937915742793792 0.8491428571428571 0.7960088691796009
0 0.8022857142857143 0.8503325942350333 0.8045714285714286 0.8747228381374723 0.8251428571428572 0.876940133037694 0.8388571428571429 0.8669623059866962 0.8445714285714285 0.8481152993348116 0.8342857142857143 0.8314855875831486 0.8251428571428572 0.8303769401330376 0.8125714285714286 0.835920177383592
0 0.8605714285714285 0.7605321507760532 0.8605714285714285 0.7771618625277162 0.8662857142857143 0.7860310421286031 0.88 0.7904656319290465 0.8925714285714286 0.7838137472283814 0.8971428571428571 0.7682926829268293 0.8914285714285715 0.7549889135254989 0.8708571428571429 0.7494456762749445
0 0.8868571428571429 0.7993348115299335 0.8902857142857142 0.8137472283813747 0.8994285714285715 0.8137472283813747 0.9074285714285715 0.8037694013303769 0.8982857142857142 0.7937915742793792
0 0.9131428571428571 0.8070953436807096 0.912 0.8170731707317073 0.9177142857142857 0.8226164079822617 0.9291428571428572 0.8203991130820399 0.9325714285714286 0.8137472283813747 0.9291428571428572 0.8059866962305987 0.9211428571428572 0.802660753880266
0 0.8937142857142857 0.8215077605321508 0.8857142857142857 0.8270509977827051 0.8822857142857143 0.8348115299334812 0.8857142857142857 0.8492239467849224 0.8937142857142857 0.8547671840354767 0.9051428571428571 0.852549889135255 0.912 0.8414634146341463 0.912 0.8314855875831486 0.9017142857142857 0.8215077605321508
0 0.9542857142857143 0.7716186252771619 0.9371428571428572 0.7760532150776053 0.9337142857142857 0.7827050997782705 0.9337142857142857 0.8004434589800443 0.944 0.8093126385809313 0.9611428571428572 0.8093126385809313 0.9668571428571429 0.8037694013303769 0.9668571428571429 0.7815964523281597 0.9622857142857143 0.7738359201773836 0.9565714285714285 0.7716186252771619
0 0.9154285714285715 0.7660753880266076 0.9074285714285715 0.770509977827051 0.9051428571428571 0.7860310421286031 0.9074285714285715 0.7915742793791575 0.9177142857142857 0.7960088691796009 0.9291428571428572 0.7782705099778271 0.9291428571428572 0.7716186252771619 0.9234285714285714 0.7660753880266076
0 0.9457142857142857 0.7283813747228381 0.9382857142857143 0.7283813747228381 0.9291428571428572 0.7361419068736141 0.928 0.7416851441241685 0.928 0.7583148558758315 0.936 0.7671840354767184 0.9428571428571428 0.7682926829268293 0.9565714285714285 0.7660753880266076 0.9634285714285714 0.753880266075388 0.9634285714285714 0.7394678492239468 0.9531428571428572 0.7283813747228381
0 0.9097142857142857 0.7339246119733924 0.9028571428571428 0.738359201773836 0.8994285714285715 0.7494456762749445 0.9062857142857143 0.7594235033259423 0.9142857142857143 0.7594235033259423 0.9211428571428572 0.7527716186252772 0.92 0.7394678492239468 0.912 0.7339246119733924
0 0.8788571428571429 0.7250554323725056 0.8742857142857143 0.7283813747228381 0.872 0.738359201773836 0.8754285714285714 0.7439024390243902 0.8891428571428571 0.746119733924612 0.8937142857142857 0.7439024390243902 0.896 0.7339246119733924 0.8868571428571429 0.7250554323725056
0 0.8365714285714285 0.7084257206208425 0.8251428571428572 0.7184035476718403 0.8251428571428572 0.7317073170731707 0.8342857142857143 0.7450110864745011 0.8514285714285714 0.7505543237250555 0.864 0.7427937915742794 0.8662857142857143 0.7305986696230599 0.8548571428571429 0.7128603104212861 0.8422857142857143 0.7084257206208425
0 0.832 0.7549889135254989 0.8205714285714286 0.761640798226164 0.8194285714285714 0.7716186252771619 0.8262857142857143 0.7838137472283814 0.8411428571428572 0.7893569844789357 0.8502857142857143 0.7827050997782705 0.8514285714285714 0.7738359201773836 0.8491428571428571 0.761640798226164 0.8377142857142857 0.7549889135254989
0 0.7965714285714286 0.720620842572062 0.7897142857142857 0.7228381374722838 0.7817142857142857 0.7328159645232816 0.7794285714285715 0.7483370288248337 0.7897142857142857 0.761640798226164 0.8068571428571428 0.7638580931263859 0.8171428571428572 0.753880266075388 0.8182857142857143 0.7361419068736141 0.8114285714285714 0.7261640798226164 0.7977142857142857 0.7217294900221729
0 0.7851428571428571 0.7694013303769401 0.7725714285714286 0.7749445676274944 0.7691428571428571 0.7871396895787139 0.7702857142857142 0.8004434589800443 0.7794285714285715 0.8104212860310421 0.792 0.8082039911308204 0.8011428571428572 0.7926829268292683 0.7977142857142857 0.7738359201773836 0.792 0.7694013303769401
0 0.8137142857142857 0.7904656319290465 0.8068571428571428 0.7960088691796009 0.8034285714285714 0.8059866962305987 0.8057142857142857 0.8159645232815964 0.8137142857142857 0.8237250554323725 0.824 0.8192904656319291 0.8308571428571428 0.8070953436807096 0.8262857142857143 0.7960088691796009 0.8148571428571428 0.7915742793791575
0 0.776 0.8192904656319291 0.7645714285714286 0.8215077605321508 0.76 0.8303769401330376 0.7645714285714286 0.8536585365853658 0.7714285714285715 0.8592017738359202 0.7874285714285715 0.8569844789356984 0.7965714285714286 0.8470066518847007 0.7954285714285714 0.8292682926829268 0.7828571428571428 0.8192904656319291
0 0.7194285714285714 0.7771618625277162 0.7131428571428572 0.7771618625277162 0.7085714285714285 0.7815964523281597 0.7028571428571428 0.8015521064301552 0.7154285714285714 0.8259423503325942 0.7257142857142858 0.8325942350332595 0.7337142857142858 0.8325942350332595 0.7531428571428571 0.8226164079822617 0.7565714285714286 0.8004434589800443 0.7405714285714285 0.7804878048780488 0.7257142857142858 0.7771618625277162
0 0.6685714285714286 0.79490022172949 0.6617142857142857 0.7971175166297118 0.656 0.8048780487804879 0.6514285714285715 0.8170731707317073 0.6525714285714286 0.8281596452328159 0.6571428571428571 0.8392461197339246 0.6697142857142857 0.8492239467849224 0.6868571428571428 0.8492239467849224 0.6971428571428572 0.8425720620842572 0.7005714285714286 0.8314855875831486 0.6994285714285714 0.8159645232815964 0.688 0.8004434589800443 0.672 0.79490022172949
0 0.6937142857142857 0.8580931263858093 0.6857142857142857 0.8580931263858093 0.6788571428571428 0.8636363636363636 0.6708571428571428 0.8747228381374723 0.6697142857142857 0.8869179600886918 0.6777142857142857 0.9013303769401331 0.6994285714285714 0.9124168514412417 0.7268571428571429 0.9046563192904656 0.7348571428571429 0.8968957871396895 0.736 0.8891352549889135 0.7257142857142858 0.8702882483370288 0.7017142857142857 0.8580931263858093
0 0.6325714285714286 0.8747228381374723 0.6194285714285714 0.8780487804878049 0.6091428571428571 0.8902439024390244 0.6057142857142858 0.9002217294900222 0.6057142857142858 0.9101995565410199 0.6125714285714285 0.9223946784922394 0.6274285714285714 0.9301552106430155 0.6457142857142857 0.9290465631929047 0.6605714285714286 0.917960088691796 0.6628571428571428 0.9113082039911308 0.6605714285714286 0.8902439024390244 0.6502857142857142 0.8791574279379157 0.6388571428571429 0.8747228381374723
0 0.6148571428571429 0.8137472283813747 0.6045714285714285 0.8203991130820399 0.5965714285714285 0.8370288248337029 0.5965714285714285 0.8492239467849224 0.6182857142857143 0.8680709534368071 0.6365714285714286 0.8636363636363636 0.6468571428571429 0.8470066518847007 0.6434285714285715 0.8259423503325942 0.624 0.8137472283813747
0 0.5897142857142857 0.753880266075388 0.5794285714285714 0.761640798226164 0.576 0.7716186252771619 0.5771428571428572 0.7882483370288248 0.5862857142857143 0.8015521064301552 0.6045714285714285 0.8059866962305987 0.616 0.8004434589800443 0.6205714285714286 0.7738359201773836 0.6137142857142858 0.7605321507760532 0.5977142857142858 0.753880266075388
0 0.6445714285714286 0.7339246119733924 0.6354285714285715 0.738359201773836 0.6297142857142857 0.7527716186252772 0.6422857142857142 0.779379157427938 0.6548571428571428 0.7849223946784922 0.6674285714285715 0.7771618625277162 0.672 0.7560975609756098 0.6662857142857143 0.7450110864745011 0.6502857142857142 0.7339246119733924
0 0.7028571428571428 0.7073170731707317 0.688 0.7128603104212861 0.6822857142857143 0.7195121951219512 0.6845714285714286 0.7494456762749445 0.6994285714285714 0.7649667405764967 0.7165714285714285 0.7627494456762749 0.728 0.746119733924612 0.728 0.7217294900221729 0.7085714285714285 0.7073170731707317
0 0.7508571428571429 0.7361419068736141 0.744 0.7427937915742794 0.7417142857142857 0.7560975609756098 0.7462857142857143 0.761640798226164 0.7565714285714286 0.7638580931263859 0.7657142857142857 0.7605321507760532 0.7714285714285715 0.7505543237250555 0.7645714285714286 0.7405764966740577 0.7542857142857143 0.7361419068736141
0 0.6628571428571428 0.6707317073170732 0.6491428571428571 0.6851441241685144 0.6491428571428571 0.6962305986696231 0.6571428571428571 0.7095343680709535 0.6674285714285715 0.7128603104212861 0.6811428571428572 0.7062084257206208 0.6868571428571428 0.6929046563192904 0.6857142857142857 0.6773835920177383 0.6697142857142857 0.6707317073170732
0 0.624 0.6851441241685144 0.6125714285714285 0.6873614190687362 0.6045714285714285 0.6984478935698448 0.6091428571428571 0.7161862527716186 0.6205714285714286 0.7272727272727273 0.6388571428571429 0.7239467849223947 0.6445714285714286 0.7150776053215078 0.6422857142857142 0.6962305986696231 0.6297142857142857 0.6851441241685144
0 0.5702857142857143 0.6940133037694013 0.5508571428571428 0.7017738359201774 0.5451428571428572 0.7128603104212861 0.5622857142857143 0.7427937915742794 0.5702857142857143 0.746119733924612 0.584 0.7427937915742794 0.5931428571428572 0.7317073170731707 0.5908571428571429 0.7073170731707317 0.5874285714285714 0.7017738359201774 0.5737142857142857 0.6940133037694013
0 0.5188571428571429 0.7261640798226164 0.5085714285714286 0.7272727272727273 0.5028571428571429 0.7317073170731707 0.49942857142857144 0.7560975609756098 0.5028571428571429 0.7671840354767184 0.5085714285714286 0.7727272727272727 0.5291428571428571 0.7760532150776053 0.5428571428571428 0.7671840354767184 0.5474285714285714 0.7450110864745011 0.536 0.729490022172949 0.5245714285714286 0.7261640798226164
0 0.5451428571428572 0.7771618625277162 0.5348571428571428 0.7827050997782705 0.5291428571428571 0.7971175166297118 0.5314285714285715 0.8148558758314856 0.544 0.8215077605321508 0.5611428571428572 0.8170731707317073 0.5702857142857143 0.802660753880266 0.5668571428571428 0.7882483370288248 0.5588571428571428 0.779379157427938 0.552 0.7771618625277162
0 0.5674285714285714 0.8348115299334812 0.5554285714285714 0.8370288248337029 0.5508571428571428 0.844789356984479 0.552 0.8580931263858093 0.5577142857142857 0.8658536585365854 0.5691428571428572 0.8658536585365854 0.5817142857142857 0.8547671840354767 0.5817142857142857 0.844789356984479 0.5748571428571428 0.8348115299334812
0 0.5737142857142857 0.8824833702882483 0.5622857142857143 0.8880266075388027 0.5565714285714286 0.9057649667405765 0.56 0.9157427937915743 0.5702857142857143 0.9223946784922394 0.5862857142857143 0.9212860310421286 0.5965714285714285 0.9090909090909091 0.5942857142857143 0.8902439024390244 0.5817142857142857 0.8824833702882483
0 0.58 0.9356984478935698 0.5657142857142857 0.9379157427937915 0.5554285714285714 0.9445676274944568 0.5542857142857143 0.958980044345898 0.5668571428571428 0.9733924611973392 0.5851428571428572 0.9689578713968958 0.592 0.9634146341463414 0.5942857142857143 0.9467849223946785 0.5862857142857143 0.9356984478935698
0 0.6582857142857143 0.934589800443459 0.6457142857142857 0.9445676274944568 0.6422857142857142 0.9623059866962306 0.6445714285714286 0.9689578713968958 0.6537142857142857 0.9767184035476718 0.6697142857142857 0.9789356984478935 0.6857142857142857 0.9689578713968958 0.6902857142857143 0.9556541019955654 0.6822857142857143 0.9401330376940134 0.6674285714285715 0.934589800443459
0 0.6777142857142857 0.9855875831485588 0.6605714285714286 0.991130820399113 0.656 0.9988913525498891 0.6982857142857143 0.9988913525498891 0.6925714285714286 0.9889135254988913 0.6822857142857143 0.9855875831485588
0 0.6148571428571429 0.9855875831485588 0.6011428571428571 0.9900221729490022 0.5954285714285714 0.9988913525498891 0.6342857142857142 0.9988913525498891 0.6194285714285714 0.9855875831485588
0 0.6188571428571429 0.9401330376940134 0.6057142857142858 0.9423503325942351 0.6022857142857143 0.950110864745011 0.6022857142857143 0.9722838137472284 0.6125714285714285 0.9789356984478935 0.6251428571428571 0.9767184035476718 0.6331428571428571 0.9700665188470067 0.6331428571428571 0.9534368070953437 0.6251428571428571 0.9401330376940134
0 0.5611428571428572 0.9811529933481153 0.5474285714285714 0.9889135254988913 0.5451428571428572 0.9988913525498891 0.584 0.9988913525498891 0.5817142857142857 0.9900221729490022 0.5668571428571428 0.9811529933481153
0 0.5211428571428571 0.9822616407982262 0.5097142857142857 0.9844789356984479 0.5028571428571429 0.9988913525498891 0.5337142857142857 0.9988913525498891 0.5325714285714286 0.9889135254988913 0.5222857142857142 0.983370288248337
0 0.5131428571428571 0.9401330376940134 0.504 0.9434589800443459 0.5005714285714286 0.9490022172949002 0.5017142857142857 0.9634146341463414 0.512 0.9722838137472284 0.5234285714285715 0.9700665188470067 0.5291428571428571 0.9578713968957872 0.528 0.9434589800443459 0.52 0.9401330376940134
0 0.5394285714285715 0.9611973392461197 0.528 0.9745011086474501 0.536 0.9844789356984479 0.5428571428571428 0.9844789356984479 0.5542857142857143 0.975609756097561 0.5542857142857143 0.967849223946785 0.5485714285714286 0.9611973392461197
0 0.936 0.9822616407982262 0.9268571428571428 0.9866962305986696 0.9211428571428572 0.9988913525498891 0.96 0.9988913525498891 0.9554285714285714 0.9878048780487805 0.9405714285714286 0.9822616407982262
0 0.7097142857142857 0.9190687361419069 0.6982857142857143 0.9235033259423503 0.6971428571428572 0.9356984478935698 0.7028571428571428 0.9556541019955654 0.7165714285714285 0.9623059866962306 0.7337142857142858 0.9523281596452328 0.7348571428571429 0.9312638580931264 0.7291428571428571 0.9223946784922394 0.7154285714285714 0.9190687361419069
0 0.7314285714285714 0.8414634146341463 0.7257142857142858 0.844789356984479 0.7257142857142858 0.8558758314855875 0.7302857142857143 0.8658536585365854 0.7394285714285714 0.8702882483370288 0.7497142857142857 0.8702882483370288 0.7531428571428571 0.8547671840354767 0.7497142857142857 0.8470066518847007 0.7417142857142857 0.8414634146341463
0 0.7028571428571428 0.6585365853658537 0.6914285714285714 0.6685144124168514 0.6948571428571428 0.6862527716186253 0.7062857142857143 0.6951219512195121 0.72 0.6951219512195121 0.7245714285714285 0.6862527716186253 0.7245714285714285 0.6707317073170732 0.7142857142857143 0.6607538802660754 0.704 0.6585365853658537
0 0.7371428571428571 0.6031042128603105 0.72 0.6119733924611973 0.7108571428571429 0.6297117516629712 0.7108571428571429 0.6452328159645233 0.7257142857142858 0.6618625277161863 0.7485714285714286 0.6662971175166297 0.7691428571428571 0.655210643015521 0.7725714285714286 0.6297117516629712 0.7554285714285714 0.6075388026607539 0.7382857142857143 0.6042128603104213
0 0.7977142857142857 0.6452328159645233 0.7885714285714286 0.6463414634146342 0.7782857142857142 0.655210643015521 0.7794285714285715 0.6685144124168514 0.7954285714285714 0.6829268292682927 0.808 0.6818181818181818 0.8182857142857143 0.6718403547671841 0.816 0.6541019955654102 0.8034285714285714 0.6452328159645233
0 0.8411428571428572 0.664079822616408 0.832 0.6662971175166297 0.8251428571428572 0.6729490022172949 0.8228571428571428 0.6851441241685144 0.8411428571428572 0.6995565410199557 0.8571428571428571 0.6995565410199557 0.8662857142857143 0.6906873614190687 0.8651428571428571 0.6740576496674058 0.8537142857142858 0.6662971175166297 0.8434285714285714 0.664079822616408
0 0.8091428571428572 0.6906873614190687 0.7988571428571428 0.6917960088691796 0.7908571428571428 0.6995565410199557 0.792 0.7084257206208425 0.8057142857142857 0.7161862527716186 0.8205714285714286 0.7150776053215078 0.8274285714285714 0.70509977827051 0.8251428571428572 0.6962305986696231 0.8171428571428572 0.6906873614190687
0 0.8685714285714285 0.6995565410199557 0.864 0.7039911308203991 0.864 0.7117516629711752 0.8662857142857143 0.7161862527716186 0.8788571428571429 0.7195121951219512 0.8845714285714286 0.7161862527716186 0.8845714285714286 0.7084257206208425 0.8765714285714286 0.6995565410199557
0 0.8994285714285715 0.7073170731707317 0.8948571428571429 0.7106430155210643 0.8937142857142857 0.7184035476718403 0.8971428571428571 0.7261640798226164 0.904 0.7272727272727273 0.912 0.7172949002217295 0.912 0.7128603104212861 0.904 0.7073170731707317
0 0.9245714285714286 0.7139689578713969 0.9188571428571428 0.7172949002217295 0.9188571428571428 0.7272727272727273 0.9234285714285714 0.7305986696230599 0.9337142857142857 0.7239467849223947 0.9257142857142857 0.7150776053215078
0 0.9531428571428572 0.6906873614190687 0.9405714285714286 0.6951219512195121 0.9348571428571428 0.7028824833702882 0.9337142857142857 0.7117516629711752 0.9405714285714286 0.7217294900221729 0.9565714285714285 0.7228381374722838 0.9634285714285714 0.7172949002217295 0.9657142857142857 0.6984478935698448 0.9565714285714285 0.6906873614190687
0 0.9405714285714286 0.6662971175166297 0.9302857142857143 0.6740576496674058 0.9302857142857143 0.6840354767184036 0.936 0.6906873614190687 0.9577142857142857 0.6851441241685144 0.9542857142857143 0.6718403547671841 0.9451428571428572 0.6662971175166297
0 0.9348571428571428 0.6263858093126385 0.9154285714285715 0.6341463414634146 0.9108571428571428 0.6419068736141907 0.9154285714285715 0.6585365853658537 0.928 0.6651884700665188 0.9394285714285714 0.6618625277161863 0.9462857142857143 0.6518847006651884 0.9462857142857143 0.6363636363636364 0.936 0.6274944567627494
0 0.9108571428571428 0.5931263858093127 0.8994285714285715 0.6019955654101996 0.8982857142857142 0.6086474501108647 0.9005714285714286 0.6197339246119734 0.9108571428571428 0.6286031042128604 0.9177142857142857 0.6286031042128604 0.9314285714285714 0.6175166297117517 0.928 0.5986696230598669 0.92 0.5931263858093127
0 0.8891428571428571 0.5576496674057649 0.8754285714285714 0.5665188470066519 0.8742857142857143 0.5753880266075388 0.8788571428571429 0.5864745011086474 0.8937142857142857 0.5953436807095344 0.9028571428571428 0.5931263858093127 0.912 0.5842572062084257 0.9108571428571428 0.5676274944567627 0.9028571428571428 0.5598669623059866 0.8937142857142857 0.5576496674057649
0 0.8708571428571429 0.524390243902439 0.8582857142857143 0.5310421286031042 0.8571428571428571 0.5465631929046563 0.864 0.5554323725055432 0.8754285714285714 0.5576496674057649 0.8822857142857143 0.5554323725055432 0.8891428571428571 0.5465631929046563 0.888 0.5332594235033259 0.88 0.524390243902439
0 0.8628571428571429 0.4878048780487805 0.8468571428571429 0.4977827050997783 0.848 0.5144124168514412 0.8582857142857143 0.5221729490022173 0.8697142857142857 0.5199556541019955 0.8765714285714286 0.5133037694013304 0.8765714285714286 0.49667405764966743 0.8651428571428571 0.4878048780487805
0 0.8411428571428572 0.4534368070953437 0.832 0.45787139689578715 0.8228571428571428 0.47117516629711753 0.8274285714285714 0.4866962305986696 0.8342857142857143 0.49223946784922396 0.8502857142857143 0.4911308203991131 0.8605714285714285 0.47671840354767187 0.8571428571428571 0.4611973392461197 0.8434285714285714 0.4534368070953437
0 0.8262857142857143 0.42017738359201773 0.8171428571428572 0.4246119733924612 0.808 0.4356984478935698 0.8091428571428572 0.4467849223946785 0.8205714285714286 0.4567627494456763 0.84 0.4490022172949002 0.8434285714285714 0.43015521064301554 0.8331428571428572 0.42017738359201773
0 0.8068571428571428 0.39135254988913526 0.7908571428571428 0.40465631929046564 0.792 0.417960088691796 0.8022857142857143 0.42572062084257206 0.8148571428571428 0.42350332594235035 0.824 0.4146341463414634 0.8251428571428572 0.40465631929046564 0.8217142857142857 0.3968957871396896 0.8114285714285714 0.39135254988913526
0 0.8937142857142857 0.6241685144124168 0.8857142857142857 0.6297117516629712 0.8857142857142857 0.6363636363636364 0.8914285714285715 0.6441241685144125 0.8982857142857142 0.6463414634146342 0.9051428571428571 0.6441241685144125 0.9085714285714286 0.6363636363636364 0.8971428571428571 0.6241685144124168
0 0.9017142857142857 0.6518847006651884 0.8925714285714286 0.656319290465632 0.8925714285714286 0.6651884700665188 0.8994285714285715 0.6696230598669624 0.9074285714285715 0.6685144124168514 0.9097142857142857 0.664079822616408 0.9097142857142857 0.656319290465632 0.904 0.6518847006651884
0 0.9245714285714286 0.6873614190687362 0.912 0.6929046563192904 0.9108571428571428 0.6995565410199557 0.9142857142857143 0.70509977827051 0.9222857142857143 0.7073170731707317 0.928 0.7028824833702882 0.9291428571428572 0.6917960088691796 0.9257142857142857 0.688470066518847
0 0.8834285714285715 0.6707317073170732 0.8742857142857143 0.6773835920177383 0.8731428571428571 0.6906873614190687 0.8868571428571429 0.7017738359201774 0.896 0.7017738359201774 0.9028571428571428 0.6962305986696231 0.9028571428571428 0.6840354767184036 0.8937142857142857 0.6729490022172949 0.8857142857142857 0.6729490022172949
0 0.8731428571428571 0.6419068736141907 0.864 0.6452328159645233 0.8571428571428571 0.6541019955654102 0.8582857142857143 0.6607538802660754 0.8685714285714285 0.6696230598669624 0.88 0.6674057649667405 0.8845714285714286 0.6607538802660754 0.8822857142857143 0.647450110864745 0.8742857142857143 0.6430155210643016
0 0.8331428571428572 0.623059866962306 0.824 0.6252771618625277 0.816 0.6396895787139689 0.8182857142857143 0.647450110864745 0.8274285714285714 0.6574279379157428 0.8514285714285714 0.6541019955654102 0.8525714285714285 0.6319290465631929 0.8411428571428572 0.623059866962306
0 0.8685714285714285 0.6186252771618626 0.856 0.6263858093126385 0.8582857142857143 0.6374722838137472 0.8662857142857143 0.6374722838137472 0.8788571428571429 0.6286031042128604 0.8731428571428571 0.6186252771618626
0 0.7931428571428571 0.6019955654101996 0.7828571428571428 0.6086474501108647 0.7782857142857142 0.623059866962306 0.7874285714285715 0.6363636363636364 0.8022857142857143 0.6374722838137472 0.8125714285714286 0.6308203991130821 0.8148571428571428 0.6186252771618626 0.8102857142857143 0.6086474501108647 0.8 0.6019955654101996
0 0.7725714285714286 0.5798226164079823 0.7611428571428571 0.5842572062084257 0.7565714285714286 0.5909090909090909 0.7588571428571429 0.6019955654101996 0.768 0.6075388026607539 0.7794285714285715 0.6042128603104213 0.7851428571428571 0.5953436807095344 0.7828571428571428 0.5842572062084257 0.7737142857142857 0.5809312638580931
0 0.808 0.5631929046563193 0.7977142857142857 0.565410199556541 0.7908571428571428 0.5753880266075388 0.792 0.5864745011086474 0.8057142857142857 0.5953436807095344 0.8171428571428572 0.5920177383592018 0.824 0.582039911308204 0.8217142857142857 0.5709534368070953 0.8137142857142857 0.5631929046563193
0 0.8217142857142857 0.5964523281596452 0.8171428571428572 0.6075388026607539 0.8228571428571428 0.6164079822616408 0.8285714285714286 0.6164079822616408 0.8342857142857143 0.6108647450110865 0.8342857142857143 0.6008869179600886 0.8297142857142857 0.5964523281596452
0 0.848 0.5975609756097561 0.8411428571428572 0.6019955654101996 0.8422857142857143 0.6130820399113082 0.8491428571428571 0.6197339246119734 0.8571428571428571 0.6175166297117517 0.8605714285714285 0.6108647450110865 0.8605714285714285 0.6019955654101996 0.8548571428571429 0.5975609756097561
0 0.8365714285714285 0.573170731707317 0.8308571428571428 0.5776053215077606 0.8285714285714286 0.5875831485587583 0.8377142857142857 0.5942350332594235 0.8514285714285714 0.5853658536585366 0.8491428571428571 0.5787139689578714 0.8411428571428572 0.573170731707317
0 0.8548571428571429 0.5576496674057649 0.848 0.5620842572062085 0.8491428571428571 0.5709534368070953 0.8548571428571429 0.5753880266075388 0.864 0.5753880266075388 0.8697142857142857 0.5698447893569845 0.8697142857142857 0.5631929046563193 0.8571428571428571 0.5576496674057649
0 0.8297142857142857 0.5565410199556541 0.8274285714285714 0.5576496674057649 0.8251428571428572 0.5620842572062085 0.8251428571428572 0.5643015521064302 0.8274285714285714 0.5687361419068736 0.8297142857142857 0.5698447893569845 0.8377142857142857 0.5698447893569845 0.8411428571428572 0.5665188470066519 0.8422857142857143 0.5620842572062085 0.84 0.5587583148558758 0.8354285714285714 0.5565410199556541
0 0.8137142857142857 0.5188470066518847 0.8068571428571428 0.5188470066518847 0.8045714285714286 0.5210643015521065 0.8034285714285714 0.5210643015521065 0.7977142857142857 0.5266075388026608 0.7954285714285714 0.5310421286031042 0.7954285714285714 0.5343680709534369 0.7942857142857143 0.5354767184035477 0.7942857142857143 0.5421286031042128 0.7954285714285714 0.5443458980044346 0.8022857142857143 0.5509977827050998 0.8034285714285714 0.5509977827050998 0.808 0.5543237250554324 0.8205714285714286 0.5543237250554324 0.8217142857142857 0.5532150776053215 0.824 0.5532150776053215 0.8285714285714286 0.5487804878048781 0.8308571428571428 0.5443458980044346 0.8308571428571428 0.541019955654102 0.832 0.5399113082039911 0.832 0.532150776053215 0.8308571428571428 0.5310421286031042 0.8308571428571428 0.5288248337028825 0.8285714285714286 0.524390243902439 0.824 0.5199556541019955 0.8217142857142857 0.5199556541019955 0.8205714285714286 0.5188470066518847
0 0.7771428571428571 0.5454545454545454 0.776 0.5465631929046563 0.7714285714285715 0.5465631929046563 0.7691428571428571 0.5476718403547672 0.7634285714285715 0.5532150776053215 0.7634285714285715 0.5554323725055432 0.7622857142857142 0.5565410199556541 0.7622857142857142 0.5643015521064302 0.7645714285714286 0.5687361419068736 0.768 0.5720620842572062 0.7725714285714286 0.5720620842572062 0.7737142857142857 0.573170731707317 0.7805714285714286 0.573170731707317 0.7828571428571428 0.5720620842572062 0.7874285714285715 0.5676274944567627 0.792 0.5598669623059866 0.792 0.5554323725055432 0.7908571428571428 0.5543237250554324 0.7897142857142857 0.549889135254989 0.7851428571428571 0.5465631929046563 0.7805714285714286 0.5465631929046563 0.7794285714285715 0.5454545454545454
0 0.7337142857142858 0.5598669623059866 0.728 0.5631929046563193 0.7245714285714285 0.573170731707317 0.7245714285714285 0.5842572062084257 0.7314285714285714 0.5942350332594235 0.7451428571428571 0.5920177383592018 0.7554285714285714 0.5809312638580931 0.7542857142857143 0.5643015521064302 0.744 0.5598669623059866
0 0.7057142857142857 0.582039911308204 0.6914285714285714 0.5853658536585366 0.6868571428571428 0.5942350332594235 0.688 0.6086474501108647 0.6971428571428572 0.614190687361419 0.7131428571428572 0.6086474501108647 0.7188571428571429 0.5886917960088692 0.712 0.582039911308204
0 0.6434285714285715 0.6330376940133038 0.6354285714285715 0.6419068736141907 0.6365714285714286 0.6574279379157428 0.6445714285714286 0.6651884700665188 0.6582857142857143 0.6651884700665188 0.6685714285714286 0.6574279379157428 0.6708571428571428 0.6452328159645233 0.6651428571428571 0.6374722838137472 0.6525714285714286 0.6330376940133038
0 0.6788571428571428 0.61529933481153 0.672 0.6219512195121951 0.6697142857142857 0.6352549889135255 0.6811428571428572 0.647450110864745 0.6891428571428572 0.6496674057649667 0.6994285714285714 0.6407982261640798 0.7017142857142857 0.6286031042128604 0.696 0.6208425720620843 0.6834285714285714 0.61529933481153
0 0.6422857142857142 0.5665188470066519 0.6297142857142857 0.5720620842572062 0.6217142857142857 0.582039911308204 0.6228571428571429 0.6053215077605322 0.64 0.6197339246119734 0.6594285714285715 0.61529933481153 0.6674285714285715 0.6019955654101996 0.6697142857142857 0.5886917960088692 0.6662857142857143 0.5753880266075388 0.6468571428571429 0.5665188470066519
0 0.5897142857142857 0.5953436807095344 0.5725714285714286 0.6086474501108647 0.5725714285714286 0.6286031042128604 0.5805714285714285 0.6341463414634146 0.6057142857142858 0.6363636363636364 0.6114285714285714 0.6297117516629712 0.6137142857142858 0.61529933481153 0.6114285714285714 0.606430155210643 0.5988571428571429 0.5953436807095344
0 0.6125714285714285 0.6407982261640798 0.5954285714285714 0.6496674057649667 0.5931428571428572 0.6718403547671841 0.6022857142857143 0.6784922394678492 0.6217142857142857 0.6762749445676275 0.6285714285714286 0.6685144124168514 0.6285714285714286 0.6541019955654102 0.616 0.6407982261640798
0 0.5619051428571429 0.6330376940133038 0.5474285714285714 0.6341463414634146 0.536 0.6452328159645233 0.5337142857142857 0.6585365853658537 0.536 0.6662971175166297 0.5462857142857143 0.6762749445676275 0.5565714285714286 0.6829268292682927 0.5702857142857143 0.6840354767184036 0.5851428571428572 0.6718403547671841 0.5862857142857143 0.6518847006651884 0.5794285714285714 0.6407982261640798 0.568 0.6330376940133038
0 0.5108571428571429 0.5920177383592018 0.496 0.6031042128603105 0.4937142857142857 0.623059866962306 0.5051428571428571 0.6396895787139689 0.5177142857142857 0.6407982261640798 0.5302857142857142 0.6385809312638581 0.5417142857142857 0.6297117516629712 0.5394285714285715 0.6008869179600886 0.5337142857142857 0.5953436807095344 0.5211428571428571 0.5920177383592018
0 0.46285714285714286 0.623059866962306 0.4502857142857143 0.6319290465631929 0.4491428571428571 0.6529933481152993 0.456 0.6618625277161863 0.4765714285714286 0.6651884700665188 0.49028571428571427 0.6585365853658537 0.49714285714285716 0.647450110864745 0.49714285714285716 0.6407982261640798 0.488 0.6274944567627494 0.4662857142857143 0.623059866962306
0 0.49028571428571427 0.6751662971175166 0.4765714285714286 0.6807095343680709 0.4662857142857143 0.6917960088691796 0.4662857142857143 0.7028824833702882 0.472 0.7150776053215078 0.47885714285714287 0.7228381374722838 0.488 0.7250554323725056 0.5017142857142857 0.7239467849223947 0.512 0.7106430155210643 0.512 0.6895787139689579 0.4982857142857143 0.6751662971175166
0 0.4754285714285714 0.753880266075388 0.4662857142857143 0.7549889135254989 0.4582857142857143 0.7671840354767184 0.4617142857142857 0.7838137472283814 0.4754285714285714 0.7937915742793792 0.49257142857142855 0.7893569844789357 0.49942857142857144 0.7804878048780488 0.49142857142857144 0.7583148558758315 0.48228571428571426 0.753880266075388
0 0.4582857142857143 0.7195121951219512 0.448 0.7217294900221729 0.4422857142857143 0.729490022172949 0.44457142857142856 0.7450110864745011 0.456 0.7516629711751663 0.46514285714285714 0.7505543237250555 0.472 0.7394678492239468 0.472 0.7305986696230599 0.4617142857142857 0.7195121951219512
0 0.44114285714285717 0.688470066518847 0.43314285714285716 0.6929046563192904 0.43314285714285716 0.70509977827051 0.43542857142857144 0.7106430155210643 0.44571428571428573 0.7150776053215078 0.45257142857142857 0.7117516629711752 0.45714285714285713 0.697339246119734 0.45257142857142857 0.6917960088691796 0.4422857142857143 0.688470066518847
0 0.4217142857142857 0.647450110864745 0.4102857142857143 0.6529933481152993 0.408 0.6718403547671841 0.4205714285714286 0.6829268292682927 0.4342857142857143 0.6829268292682927 0.44114285714285717 0.6762749445676275 0.44571428571428573 0.6607538802660754 0.43885714285714283 0.6507760532150776 0.42628571428571427 0.647450110864745
0 0.49885714285714283 0.8004434589800443 0.4868571428571429 0.8048780487804879 0.48342857142857143 0.8259423503325942 0.49142857142857144 0.8370288248337029 0.5074285714285715 0.8392461197339246 0.5211428571428571 0.8237250554323725 0.5222857142857142 0.8137472283813747 0.5177142857142857 0.8070953436807096 0.5051428571428571 0.8004434589800443
0 0.52 0.8458980044345898 0.5085714285714286 0.8492239467849224 0.5028571428571429 0.8580931263858093 0.5051428571428571 0.8736141906873615 0.5154285714285715 0.8802660753880266 0.5302857142857142 0.876940133037694 0.5382857142857143 0.8636363636363636 0.536 0.8536585365853658 0.5222857142857142 0.8458980044345898
0 0.5268571428571428 0.8924611973392461 0.5154285714285715 0.9002217294900222 0.512 0.9113082039911308 0.52 0.9257206208425721 0.536 0.9290465631929047 0.5462857142857143 0.9201773835920177 0.5485714285714286 0.9079822616407982 0.5451428571428572 0.8991130820399114 0.5337142857142857 0.8924611973392461
0 0.38742857142857146 0.6729490022172949 0.37485714285714283 0.6829268292682927 0.376 0.697339246119734 0.384 0.7062084257206208 0.4 0.7095343680709535 0.408 0.70509977827051 0.4102857142857143 0.6917960088691796 0.4045714285714286 0.6773835920177383 0.3965714285714286 0.6729490022172949
0 0.3702857142857143 0.6407982261640798 0.3554285714285714 0.6441241685144125 0.352 0.6529933481152993 0.35314285714285715 0.664079822616408 0.3657142857142857 0.6707317073170732 0.376 0.6707317073170732 0.38171428571428573 0.6651884700665188 0.38285714285714284 0.6485587583148559 0.376 0.6407982261640798
0 0.416 0.7073170731707317 0.40685714285714286 0.7139689578713969 0.40685714285714286 0.7239467849223947 0.41485714285714287 0.7317073170731707 0.42514285714285716 0.7339246119733924 0.4342857142857143 0.7272727272727273 0.4342857142857143 0.7161862527716186 0.4228571428571429 0.7073170731707317
0 0.43885714285714283 0.7660753880266076 0.43657142857142855 0.7749445676274944 0.44457142857142856 0.7860310421286031 0.4491428571428571 0.7860310421286031 0.45371428571428574 0.7827050997782705 0.45371428571428574 0.7771618625277162 0.4514285714285714 0.7694013303769401 0.44457142857142856 0.7660753880266076
0 0.4662857142857143 0.8126385809312638 0.46285714285714286 0.8215077605321508 0.4697142857142857 0.8292682926829268 0.4765714285714286 0.8215077605321508 0.47085714285714286 0.8126385809312638
0 0.39885714285714285 0.6075388026607539 0.39085714285714285 0.6075388026607539 0.38057142857142856 0.6130820399113082 0.3782857142857143 0.6308203991130821 0.38742857142857146 0.6430155210643016 0.40114285714285713 0.6463414634146342 0.41485714285714287 0.6407982261640798 0.41942857142857143 0.6263858093126385 0.41714285714285715 0.6175166297117517 0.40685714285714286 0.6075388026607539
0 0.42857142857142855 0.5776053215077606 0.4217142857142857 0.5798226164079823 0.41485714285714287 0.5898004434589801 0.4137142857142857 0.6053215077605322 0.41942857142857143 0.614190687361419 0.4308571428571429 0.6208425720620843 0.45257142857142857 0.6208425720620843 0.4605714285714286 0.6175166297117517 0.46514285714285714 0.5953436807095344 0.46285714285714286 0.5886917960088692 0.4514285714285714 0.5809312638580931 0.4377142857142857 0.5776053215077606
0 0.4845714285714286 0.5454545454545454 0.4742857142857143 0.5465631929046563 0.464 0.5543237250554324 0.4617142857142857 0.5720620842572062 0.47314285714285714 0.5886917960088692 0.4937142857142857 0.5931263858093127 0.504 0.5886917960088692 0.5085714285714286 0.5809312638580931 0.5097142857142857 0.5598669623059866 0.5017142857142857 0.5487804878048781 0.49028571428571427 0.5454545454545454
0 0.528 0.5 0.5154285714285715 0.5033259423503326 0.504 0.5110864745011087 0.5005714285714286 0.5177383592017738 0.5005714285714286 0.5343680709534369 0.5188571428571429 0.5587583148558758 0.5428571428571428 0.5620842572062085 0.5565714285714286 0.5565410199556541 0.5634285714285714 0.5476718403547672 0.5657142857142857 0.5288248337028825 0.56 0.5155210643015521 0.536 0.5
0 0.47085714285714286 0.4490022172949002 0.4502857142857143 0.4534368070953437 0.44342857142857145 0.458980044345898 0.43657142857142855 0.48558758314855877 0.44114285714285717 0.4955654101995565 0.45485714285714285 0.5077605321507761 0.4868571428571429 0.5121951219512195 0.504 0.5044345898004434 0.5097142857142857 0.4789356984478936 0.504 0.46674057649667405 0.48914285714285716 0.4523281596452328 0.47885714285714287 0.4490022172949002
0 0.44571428571428573 0.5133037694013304 0.432 0.5210643015521065 0.4308571428571429 0.5365853658536586 0.43542857142857144 0.5454545454545454 0.45714285714285713 0.5487804878048781 0.4685714285714286 0.5399113082039911 0.4697142857142857 0.5288248337028825 0.46285714285714286 0.516629711751663 0.45257142857142857 0.5133037694013304
0 0.3942857142857143 0.5232815964523282 0.3737142857142857 0.5310421286031042 0.3657142857142857 0.541019955654102 0.37142857142857144 0.5687361419068736 0.37942857142857145 0.5776053215077606 0.38971428571428574 0.5809312638580931 0.4045714285714286 0.5809312638580931 0.41942857142857143 0.5753880266075388 0.42857142857142855 0.5543237250554324 0.42514285714285716 0.5388026607538803 0.4102857142857143 0.5266075388026608 0.4 0.5232815964523282
0 0.35428571428571426 0.573170731707317 0.3382857142857143 0.5764966740576497 0.3325714285714286 0.5875831485587583 0.336 0.6119733924611973 0.3474285714285714 0.6197339246119734 0.36914285714285716 0.6164079822616408 0.37714285714285717 0.6086474501108647 0.37942857142857145 0.5864745011086474 0.36457142857142855 0.573170731707317
0 0.31314285714285717 0.6086474501108647 0.304 0.6197339246119734 0.31085714285714283 0.6297117516629712 0.3211428571428571 0.6286031042128604 0.3291428571428571 0.6208425720620843 0.32571428571428573 0.6097560975609756 0.31542857142857145 0.6086474501108647
0 0.3405714285714286 0.6241685144124168 0.3314285714285714 0.6286031042128604 0.3291428571428571 0.6374722838137472 0.33485714285714285 0.6463414634146342 0.34514285714285714 0.647450110864745 0.35314285714285715 0.6374722838137472 0.35314285714285715 0.6297117516629712 0.3497142857142857 0.6252771618625277 0.34285714285714286 0.6241685144124168
0 0.288 0.5864745011086474 0.2765714285714286 0.5920177383592018 0.2742857142857143 0.6053215077605322 0.28114285714285714 0.6130820399113082 0.2925714285714286 0.6175166297117517 0.30514285714285716 0.6075388026607539 0.3062857142857143 0.5964523281596452 0.28914285714285715 0.5864745011086474
0 0.30742857142857144 0.5554323725055432 0.2948571428571429 0.5631929046563193 0.2937142857142857 0.5742793791574279 0.29942857142857143 0.5853658536585366 0.31885714285714284 0.5886917960088692 0.328 0.5842572062084257 0.3314285714285714 0.573170731707317 0.32685714285714285 0.5631929046563193 0.3142857142857143 0.5554323725055432
0 0.3474285714285714 0.5421286031042128 0.33485714285714285 0.5465631929046563 0.3302857142857143 0.5565410199556541 0.33714285714285713 0.573170731707317 0.35314285714285715 0.5698447893569845 0.36228571428571427 0.5631929046563193 0.36 0.5454545454545454 0.35428571428571426 0.5421286031042128
0 0.3417142857142857 0.5 0.3302857142857143 0.5044345898004434 0.32571428571428573 0.5155210643015521 0.328 0.5254988913525499 0.33714285714285713 0.5365853658536586 0.36228571428571427 0.5376940133037694 0.3657142857142857 0.5288248337028825 0.36457142857142855 0.5155210643015521 0.3565714285714286 0.5066518847006651 0.344 0.5
0 0.4045714285714286 0.4811529933481153 0.3942857142857143 0.49002217294900224 0.39085714285714285 0.5066518847006651 0.3954285714285714 0.5155210643015521 0.41828571428571426 0.5199556541019955 0.432 0.5055432372505543 0.4342857142857143 0.49667405764966743 0.42742857142857144 0.4866962305986696 0.4114285714285714 0.4811529933481153
0 0.4045714285714286 0.4079822616407982 0.3965714285714286 0.41352549889135254 0.392 0.4246119733924612 0.3931428571428571 0.4356984478935698 0.4022857142857143 0.44789356984478934 0.4125714285714286 0.4534368070953437 0.44342857142857145 0.4490022172949002 0.44342857142857145 0.4212860310421286 0.432 0.4124168514412417 0.4114285714285714 0.4079822616407982
0 0.37485714285714283 0.44124168514412415 0.36457142857142855 0.4490022172949002 0.36457142857142855 0.4656319290465632 0.38057142857142856 0.4778270509977827 0.39885714285714285 0.4778270509977827 0.4034285714285714 0.4556541019955654 0.392 0.4445676274944568 0.38285714285714284 0.44124168514412415
0 0.324 0.4190687361419069 0.3142857142857143 0.42017738359201773 0.3017142857142857 0.4312638580931264 0.3017142857142857 0.4534368070953437 0.30742857142857144 0.4656319290465632 0.32342857142857145 0.47560975609756095 0.33485714285714285 0.47671840354767187 0.352 0.4656319290465632 0.3554285714285714 0.4490022172949002 0.3462857142857143 0.42904656319290463 0.3302857142857143 0.4190687361419069
0 0.3565714285714286 0.4745011086474501 0.3474285714285714 0.48004434589800443 0.3497142857142857 0.49445676274944567 0.36114285714285715 0.5044345898004434 0.368 0.5055432372505543 0.38285714285714284 0.4977827050997783 0.38285714285714284 0.49002217294900224 0.37714285714285717 0.4811529933481153 0.3657142857142857 0.4745011086474501
0 0.2977142857142857 0.4722838137472284 0.2777142857142857 0.47339246119733924 0.27085714285714285 0.4778270509977827 0.26857142857142857 0.4955654101995565 0.2742857142857143 0.5121951219512195 0.29828571428571427 0.5177383592017738 0.31085714285714283 0.5133037694013304 0.32 0.5055432372505543 0.3177142857142857 0.48337028824833705 0.30514285714285716 0.4722838137472284
0 0.28 0.5365853658536586 0.272 0.5388026607538803 0.2674285714285714 0.5465631929046563 0.2674285714285714 0.5576496674057649 0.2742857142857143 0.5643015521064302 0.28914285714285715 0.5620842572062085 0.2937142857142857 0.5543237250554324 0.2925714285714286 0.5399113082039911 0.2834285714285714 0.5365853658536586
0 0.29828571428571427 0.5232815964523282 0.29714285714285715 0.5399113082039911 0.304 0.5509977827050998 0.31885714285714284 0.5509977827050998 0.328 0.5465631929046563 0.3302857142857143 0.5399113082039911 0.32457142857142857 0.5288248337028825 0.31657142857142856 0.5232815964523282 0.30514285714285716 0.5232815964523282
0 0.25142857142857145 0.5620842572062085 0.24 0.5698447893569845 0.23885714285714285 0.5909090909090909 0.24571428571428572 0.5975609756097561 0.2662857142857143 0.5964523281596452 0.27314285714285713 0.5886917960088692 0.26971428571428574 0.5676274944567627 0.26285714285714284 0.5620842572062085 0.25257142857142856 0.5631929046563193
0 0.5497142857142857 0.5676274944567627 0.5417142857142857 0.573170731707317 0.5394285714285715 0.5920177383592018 0.5462857142857143 0.6008869179600886 0.5702857142857143 0.6008869179600886 0.5748571428571428 0.5931263858093127 0.5725714285714286 0.5798226164079823 0.5611428571428572 0.5698447893569845 0.5508571428571428 0.5687361419068736
0 0.5954285714285714 0.5365853658536586 0.5782857142857143 0.5399113082039911 0.5702857142857143 0.5576496674057649 0.5737142857142857 0.5720620842572062 0.5862857142857143 0.5853658536585366 0.6045714285714285 0.5842572062084257 0.616 0.573170731707317 0.616 0.5509977827050998 0.6125714285714285 0.5443458980044346 0.6011428571428571 0.5365853658536586
0 0.6365714285714286 0.508869179600887 0.6251428571428571 0.516629711751663 0.6171428571428571 0.5277161862527716 0.6217142857142857 0.5476718403547672 0.6342857142857142 0.5565410199556541 0.6445714285714286 0.5565410199556541 0.6537142857142857 0.5521064301552107 0.6628571428571428 0.5421286031042128 0.6628571428571428 0.5232815964523282 0.6537142857142857 0.5110864745011087 0.6468571428571429 0.508869179600887
0 0.6977142857142857 0.5210643015521065 0.6857142857142857 0.5232815964523282 0.6708571428571428 0.5454545454545454 0.6777142857142857 0.5698447893569845 0.6857142857142857 0.5742793791574279 0.7062857142857143 0.5709534368070953 0.7142857142857143 0.5643015521064302 0.7188571428571429 0.5421286031042128 0.712 0.5254988913525499 0.7051428571428572 0.5210643015521065
0 0.7428571428571429 0.5066518847006651 0.7268571428571429 0.5144124168514412 0.7222857142857143 0.5254988913525499 0.7234285714285714 0.5332594235033259 0.7268571428571429 0.5432372505543237 0.7337142857142858 0.549889135254989 0.752 0.5521064301552107 0.7645714285714286 0.5399113082039911 0.7657142857142857 0.5232815964523282 0.7542857142857143 0.508869179600887 0.7462857142857143 0.5066518847006651
0 0.784 0.4844789356984479 0.7725714285714286 0.48891352549889133 0.7645714285714286 0.4977827050997783 0.7645714285714286 0.5077605321507761 0.7691428571428571 0.516629711751663 0.7782857142857142 0.5210643015521065 0.7965714285714286 0.5188470066518847 0.8022857142857143 0.5077605321507761 0.8 0.49223946784922396 0.7862857142857143 0.4844789356984479
0 0.7508571428571429 0.4634146341463415 0.7291428571428571 0.46895787139689576 0.7257142857142858 0.47339246119733924 0.7257142857142858 0.4878048780487805 0.7382857142857143 0.4977827050997783 0.752 0.4977827050997783 0.7622857142857142 0.4878048780487805 0.7634285714285715 0.47560975609756095 0.7542857142857143 0.4634146341463415
0 0.7017142857142857 0.4866962305986696 0.696 0.4911308203991131 0.696 0.5022172949002217 0.7028571428571428 0.5110864745011087 0.7131428571428572 0.5144124168514412 0.7211428571428572 0.508869179600887 0.7234285714285714 0.49667405764966743 0.7177142857142857 0.48891352549889133 0.7085714285714285 0.4866962305986696
0 0.6742857142857143 0.49223946784922396 0.6617142857142857 0.5033259423503326 0.6628571428571428 0.5110864745011087 0.6697142857142857 0.5188470066518847 0.6788571428571428 0.5188470066518847 0.6868571428571428 0.5133037694013304 0.6868571428571428 0.49667405764966743 0.6811428571428572 0.49223946784922396
0 0.6388571428571429 0.4490022172949002 0.6262857142857143 0.4567627494456763 0.6217142857142857 0.47117516629711753 0.6228571428571429 0.48337028824833705 0.6365714285714286 0.4955654101995565 0.6548571428571428 0.49223946784922396 0.6651428571428571 0.4778270509977827 0.6605714285714286 0.45787139689578715 0.6457142857142857 0.4490022172949002
0 0.5862857142857143 0.47339246119733924 0.568 0.4844789356984479 0.5634285714285714 0.5044345898004434 0.5691428571428572 0.516629711751663 0.5874285714285714 0.5277161862527716 0.5988571428571429 0.5266075388026608 0.6091428571428571 0.5199556541019955 0.6148571428571429 0.4977827050997783 0.6137142857142858 0.4866962305986696 0.5954285714285714 0.47339246119733924
0 0.536 0.4434589800443459 0.5188571428571429 0.4523281596452328 0.5154285714285715 0.46674057649667405 0.5177142857142857 0.4745011086474501 0.528 0.48558758314855877 0.5417142857142857 0.48891352549889133 0.56 0.4811529933481153 0.5657142857142857 0.46674057649667405 0.5657142857142857 0.45454545454545453 0.5577142857142857 0.4467849223946785 0.5371428571428571 0.4434589800443459
0 0.5965714285714285 0.4157427937915743 0.5782857142857143 0.4223946784922395 0.5702857142857143 0.4356984478935698 0.5737142857142857 0.45454545454545453 0.5794285714285714 0.46008869179600886 0.5931428571428572 0.46452328159645234 0.6125714285714285 0.4567627494456763 0.6205714285714286 0.442350332594235 0.6205714285714286 0.4334811529933481 0.6148571428571429 0.42350332594235035 0.6 0.4157427937915743
0 0.6457142857142857 0.3991130820399113 0.6297142857142857 0.40465631929046564 0.6251428571428571 0.41352549889135254 0.6285714285714286 0.4312638580931264 0.6422857142857142 0.4401330376940133 0.6537142857142857 0.43902439024390244 0.6605714285714286 0.4334811529933481 0.664 0.4223946784922395 0.6594285714285715 0.4057649667405765 0.6468571428571429 0.3991130820399113
0 0.6811428571428572 0.4279379157427938 0.6674285714285715 0.4334811529933481 0.6662857142857143 0.4490022172949002 0.672 0.46008869179600886 0.6902857142857143 0.4634146341463415 0.6982857142857143 0.4556541019955654 0.6994285714285714 0.43902439024390244 0.6857142857142857 0.4279379157427938
0 0.7222857142857143 0.4090909090909091 0.7097142857142857 0.41685144124168516 0.7062857142857143 0.42904656319290463 0.7085714285714285 0.44567627494456763 0.7188571428571429 0.4534368070953437 0.736 0.4490022172949002 0.7462857142857143 0.43680709534368073 0.7474285714285714 0.42904656319290463 0.7428571428571429 0.41685144124168516 0.7314285714285714 0.4090909090909091
0 0.776 0.44124168514412415 0.7702857142857142 0.44124168514412415 0.7622857142857142 0.44789356984478934 0.7611428571428571 0.46008869179600886 0.7645714285714286 0.46452328159645234 0.7782857142857142 0.4656319290465632 0.7874285714285715 0.46008869179600886 0.7885714285714286 0.4490022172949002 0.7817142857142857 0.44124168514412415
0 0.7577142857142857 0.417960088691796 0.7531428571428571 0.4223946784922395 0.7542857142857143 0.4356984478935698 0.7657142857142857 0.43680709534368073 0.7702857142857142 0.43237250554323725 0.7702857142857142 0.42350332594235035 0.7634285714285715 0.417960088691796
0 0.7542857142857143 0.38913525498891355 0.7462857142857143 0.3924611973392461 0.7417142857142857 0.3991130820399113 0.7417142857142857 0.40687361419068735 0.7485714285714286 0.4124168514412417 0.7577142857142857 0.4124168514412417 0.7645714285714286 0.40465631929046564 0.7622857142857142 0.39356984478935697 0.7554285714285714 0.38913525498891355
0 0.7931428571428571 0.46452328159645234 0.7851428571428571 0.47339246119733924 0.792 0.4811529933481153 0.7988571428571428 0.4811529933481153 0.8045714285714286 0.47560975609756095 0.8022857142857143 0.46674057649667405 0.7977142857142857 0.46452328159645234
0 0.8125714285714286 0.4789356984478936 0.8045714285714286 0.4844789356984479 0.8045714285714286 0.49223946784922396 0.8102857142857143 0.49889135254988914 0.824 0.4911308203991131 0.8137142857142857 0.4789356984478936
0 0.8274285714285714 0.4977827050997783 0.824 0.5110864745011087 0.8285714285714286 0.5155210643015521 0.8365714285714285 0.5155210643015521 0.8411428571428572 0.5011086474501109 0.8354285714285714 0.4977827050997783
0 0.7714285714285715 0.5232815964523282 0.7691428571428571 0.5254988913525499 0.7737142857142857 0.5365853658536586 0.7817142857142857 0.5421286031042128 0.7897142857142857 0.5288248337028825 0.7737142857142857 0.5232815964523282
0 0.6508571428571429 0.3436807095343681 0.6411428571428571 0.34478935698447893 0.6331428571428571 0.35033259423503327 0.6274285714285714 0.36585365853658536 0.6331428571428571 0.38470066518847007 0.6525714285714286 0.3924611973392461 0.6651428571428571 0.3869179600886918 0.6754285714285714 0.37250554323725055 0.672 0.35476718403547675 0.6571428571428571 0.3436807095343681
0 0.688 0.38470066518847007 0.6731428571428572 0.3902439024390244 0.6697142857142857 0.3991130820399113 0.6697142857142857 0.4113082039911308 0.6845714285714286 0.4223946784922395 0.6994285714285714 0.4190687361419069 0.7062857142857143 0.4079822616407982 0.7028571428571428 0.3924611973392461 0.6937142857142857 0.38470066518847007
0 0.696 0.3458980044345898 0.6857142857142857 0.352549889135255 0.6822857142857143 0.3647450110864745 0.688 0.37472283813747226 0.6982857142857143 0.3780487804878049 0.7074285714285714 0.37583148558758317 0.7154285714285714 0.36585365853658536 0.7142857142857143 0.35365853658536583 0.7028571428571428 0.3458980044345898
0 0.7245714285714285 0.37250554323725055 0.7131428571428572 0.3802660753880266 0.7097142857142857 0.38802660753880264 0.7165714285714285 0.401330376940133 0.7257142857142858 0.401330376940133 0.736 0.39356984478935697 0.736 0.38137472283813745 0.7268571428571429 0.37250554323725055
0 0.7862857142857143 0.35920177383592017 0.7691428571428571 0.37028824833702884 0.7645714285714286 0.3780487804878049 0.768 0.3902439024390244 0.7794285714285715 0.39800443458980045 0.7931428571428571 0.3968957871396896 0.8011428571428572 0.3902439024390244 0.8034285714285714 0.3835920177383592 0.8045714285714286 0.37583148558758317 0.8 0.36585365853658536 0.7874285714285715 0.35920177383592017
0 0.7657142857142857 0.33148558758314856 0.7542857142857143 0.3370288248337029 0.7474285714285714 0.3458980044345898 0.7474285714285714 0.3558758314855876 0.7554285714285714 0.36363636363636365 0.7702857142857142 0.36363636363636365 0.7851428571428571 0.3514412416851441 0.7805714285714286 0.33813747228381374 0.7702857142857142 0.33148558758314856
0 0.7394285714285714 0.3026607538802661 0.7337142857142858 0.3048780487804878 0.7211428571428572 0.3203991130820399 0.7245714285714285 0.328159645232816 0.7394285714285714 0.3370288248337029 0.7485714285714286 0.33592017738359203 0.7588571428571429 0.3259423503325942 0.7577142857142857 0.311529933481153 0.7451428571428571 0.3026607538802661
0 0.7131428571428572 0.28492239467849223 0.7062857142857143 0.2926829268292683 0.7051428571428572 0.3004434589800443 0.7074285714285714 0.3070953436807095 0.7142857142857143 0.31042128603104213 0.7222857142857143 0.3093126385809313 0.7325714285714285 0.3004434589800443 0.7325714285714285 0.2926829268292683 0.7222857142857143 0.28492239467849223
0 0.6891428571428572 0.27161862527716185 0.68 0.27827050997782704 0.6777142857142857 0.2926829268292683 0.696 0.3004434589800443 0.7062857142857143 0.29046563192904656 0.7062857142857143 0.2793791574279379 0.6902857142857143 0.27161862527716185
0 0.664 0.24501108647450112 0.656 0.25609756097560976 0.6537142857142857 0.26718403547671843 0.6628571428571428 0.2749445676274945 0.672 0.2771618625277162 0.6822857142857143 0.26940133037694014 0.6845714285714286 0.26053215077605324 0.6765714285714286 0.24722838137472283 0.6651428571428571 0.24501108647450112
0 0.6297142857142857 0.2261640798226164 0.6194285714285714 0.23835920177383593 0.6182857142857143 0.25609756097560976 0.6285714285714286 0.26274944567627495 0.6434285714285715 0.26274944567627495 0.6548571428571428 0.2516629711751663 0.6548571428571428 0.23835920177383593 0.6468571428571429 0.22838137472283815 0.6354285714285715 0.2261640798226164
0 0.5937142857142857 0.30598669623059865 0.576 0.3093126385809313 0.5622857142857143 0.3259423503325942 0.5657142857142857 0.3458980044345898 0.5737142857142857 0.35476718403547675 0.5874285714285714 0.3614190687361419 0.6114285714285714 0.35920177383592017 0.6251428571428571 0.34478935698447893 0.6262857142857143 0.33148558758314856 0.6205714285714286 0.31929046563192903 0.6137142857142858 0.311529933481153 0.6 0.30598669623059865
0 0.608 0.37028824833702884 0.592 0.3736141906873614 0.5851428571428572 0.3835920177383592 0.5874285714285714 0.3991130820399113 0.5942857142857143 0.4057649667405765 0.6045714285714285 0.4090909090909091 0.6182857142857143 0.40465631929046564 0.624 0.39578713968957874 0.624 0.38248337028824836 0.6148571428571429 0.37028824833702884
0 0.5558091428571429 0.3802660753880266 0.5348571428571428 0.3835920177383592 0.5268571428571428 0.39578713968957874 0.5268571428571428 0.41685144124168516 0.5417142857142857 0.4279379157427938 0.5577142857142857 0.42904656319290463 0.5748571428571428 0.417960088691796 0.5748571428571428 0.3902439024390244 0.5622857142857143 0.3802660753880266
0 0.5005714285714286 0.4090909090909091 0.48342857142857143 0.41685144124168516 0.47885714285714287 0.42350332594235035 0.48114285714285715 0.4401330376940133 0.49028571428571427 0.4445676274944568 0.5085714285714286 0.4434589800443459 0.5188571428571429 0.43015521064301554 0.5154285714285715 0.41352549889135254 0.5028571428571429 0.4090909090909091
0 0.4937142857142857 0.35920177383592017 0.4777142857142857 0.36807095343680707 0.4742857142857143 0.37915742793791574 0.48228571428571426 0.3968957871396896 0.5051428571428571 0.4035476718403548 0.5222857142857142 0.3902439024390244 0.5245714285714286 0.37472283813747226 0.5188571428571429 0.3625277161862528 0.4948571428571429 0.35920177383592017
0 0.544 0.3425720620842572 0.5348571428571428 0.34478935698447893 0.528 0.35476718403547675 0.5291428571428571 0.3647450110864745 0.5394285714285715 0.37250554323725055 0.5508571428571428 0.3713968957871397 0.56 0.3625277161862528 0.56 0.3492239467849224 0.552 0.3425720620842572
0 0.5234285714285715 0.3026607538802661 0.5177142857142857 0.3026607538802661 0.5097142857142857 0.31042128603104213 0.5108571428571429 0.328159645232816 0.528 0.3370288248337029 0.5462857142857143 0.3348115299334812 0.5531428571428572 0.3215077605321508 0.552 0.3082039911308204 0.5451428571428572 0.30376940133037694 0.5291428571428571 0.3026607538802661
0 0.48838057142857144 0.31929046563192903 0.4697142857142857 0.3203991130820399 0.4594285714285714 0.328159645232816 0.4605714285714286 0.3436807095343681 0.4685714285714286 0.352549889135255 0.4845714285714286 0.35476718403547675 0.4982857142857143 0.35033259423503327 0.5062857142857143 0.33370288248337027 0.5028571428571429 0.3237250554323725 0.4948571428571429 0.31929046563192903
0 0.4845714285714286 0.2638580931263858 0.472 0.2682926829268293 0.45257142857142857 0.2827050997782705 0.4514285714285714 0.29711751662971175 0.456 0.30598669623059865 0.46514285714285714 0.311529933481153 0.47885714285714287 0.3137472283813747 0.5017142857142857 0.31042128603104213 0.5165714285714286 0.2960088691796009 0.5188571428571429 0.2804878048780488 0.5142857142857142 0.2727272727272727 0.49142857142857144 0.2638580931263858
0 0.536 0.27605321507760533 0.5245714285714286 0.28492239467849223 0.5245714285714286 0.29490022172949004 0.528 0.29711751662971175 0.5428571428571428 0.29711751662971175 0.5485714285714286 0.2926829268292683 0.5485714285714286 0.27827050997782704 0.5382857142857143 0.27605321507760533
0 0.5634285714285714 0.27605321507760533 0.5554285714285714 0.28159645232815966 0.552 0.2893569844789357 0.552 0.3004434589800443 0.56 0.3070953436807095 0.5794285714285714 0.2960088691796009 0.5782857142857143 0.2827050997782705 0.5657142857142857 0.27605321507760533
0 0.5977142857142858 0.27605321507760533 0.5885714285714285 0.2793791574279379 0.5851428571428572 0.28492239467849223 0.5851428571428572 0.2926829268292683 0.5965714285714285 0.29933481152993346 0.6057142857142858 0.29711751662971175 0.6114285714285714 0.2893569844789357 0.6114285714285714 0.2827050997782705 0.6022857142857143 0.27605321507760533
0 0.6262857142857143 0.28824833702882485 0.6171428571428571 0.2960088691796009 0.6171428571428571 0.30376940133037694 0.624 0.3093126385809313 0.632 0.3082039911308204 0.6388571428571429 0.3004434589800443 0.6377142857142857 0.2926829268292683 0.6308571428571429 0.28824833702882485
0 0.6445714285714286 0.30598669623059865 0.632 0.3181818181818182 0.6331428571428571 0.32926829268292684 0.64 0.33592017738359203 0.6537142857142857 0.3348115299334812 0.664 0.32483370288248337 0.6617142857142857 0.31263858093126384 0.6525714285714286 0.30598669623059865
0 0.6582857142857143 0.2804878048780488 0.6514285714285715 0.2860310421286031 0.6502857142857142 0.2960088691796009 0.656 0.3004434589800443 0.6662857142857143 0.3004434589800443 0.6731428571428572 0.2960088691796009 0.6731428571428572 0.28713968957871394 0.6605714285714286 0.2804878048780488
0 0.6765714285714286 0.30155210643015523 0.6685714285714286 0.30598669623059865 0.6674285714285715 0.3137472283813747 0.6708571428571428 0.3181818181818182 0.6777142857142857 0.3181818181818182 0.6845714285714286 0.31263858093126384 0.6857142857142857 0.3048780487804878 0.6777142857142857 0.30155210643015523
0 0.6948571428571428 0.30376940133037694 0.6868571428571428 0.3070953436807095 0.6914285714285714 0.3215077605321508 0.6994285714285714 0.3203991130820399 0.7051428571428572 0.3148558758314856 0.704 0.3082039911308204 0.6971428571428572 0.30376940133037694
0 0.68 0.32261640798226165 0.6708571428571428 0.3237250554323725 0.664 0.3348115299334812 0.672 0.3458980044345898 0.6777142857142857 0.34811529933481156 0.6914285714285714 0.3392461197339246 0.6914285714285714 0.3303769401330377 0.6857142857142857 0.32261640798226165
0 0.7314285714285714 0.34700665188470065 0.7245714285714285 0.352549889135255 0.7222857142857143 0.36363636363636365 0.7337142857142858 0.369179600886918 0.744 0.3580931263858093 0.7382857142857143 0.34700665188470065
0 0.744 0.36807095343680707 0.7405714285714285 0.3780487804878049 0.7462857142857143 0.38470066518847007 0.7588571428571429 0.3802660753880266 0.7588571428571429 0.37250554323725055 0.752 0.36807095343680707
0 0.7832022857142857 0.40589246119733924 0.774 0.40571286031042125 0.7697428571428571 0.4095776053215078 0.7701542857142857 0.4166419068736142 0.7752365714285714 0.41850776053215083 0.7803177142857143 0.4166419068736142 0.786224 0.41091130820399113
0 0.7862754285714285 0.4213824833702882 0.7796445714285714 0.424960088691796 0.7756091428571429 0.43167405764966743 0.7800297142857142 0.4354035476718403 0.7863714285714286 0.4350310421286031 0.7900228571428571 0.42813082039911304 0.7888697142857143 0.42384146341463413
0 0.8006891428571428 0.4323359201773836 0.7946834285714285 0.43273170731707317 0.7902628571428572 0.43981818181818183 0.7950674285714285 0.4455986696230599 0.8017942857142858 0.44429379157427934 0.8046765714285714 0.4390720620842572 0.8048697142857143 0.4334767184035477
0 0.8456125714285714 0.5411651884700664 0.841 0.5424966740576497 0.8365794285714285 0.5479057649667406 0.8363874285714287 0.5538725055432373 0.8434982857142858 0.5570432372505543 0.8502251428571429 0.5562971175166297 0.8523382857142857 0.5499567627494456 0.8515702857142857 0.5438026607538803 0.8490719999999999 0.5408181818181818
0 0.38285714285714284 0.3669623059866962 0.3657142857142857 0.37028824833702884 0.36 0.3802660753880266 0.36 0.38913525498891355 0.36914285714285716 0.401330376940133 0.3782857142857143 0.4057649667405765 0.39085714285714285 0.4057649667405765 0.4 0.39800443458980045 0.40114285714285713 0.38248337028824836 0.392 0.3713968957871397 0.384 0.36807095343680707
0 0.31542857142857145 0.3514412416851441 0.3028571428571429 0.35476718403547675 0.296 0.3647450110864745 0.2925714285714286 0.3802660753880266 0.29828571428571427 0.3968957871396896 0.30742857142857144 0.40687361419068735 0.31542857142857145 0.4113082039911308 0.3291428571428571 0.4113082039911308 0.33714285714285713 0.4079822616407982 0.352 0.3902439024390244 0.34514285714285714 0.36807095343680707 0.32457142857142857 0.3514412416851441
0 0.3577142857142857 0.4035476718403548 0.3485714285714286 0.41019955654101997 0.3474285714285714 0.4223946784922395 0.3565714285714286 0.43458980044345896 0.3737142857142857 0.4356984478935698 0.38171428571428573 0.4279379157427938 0.384 0.42017738359201773 0.37714285714285717 0.4113082039911308 0.36342857142857143 0.4035476718403548
0 0.264 0.3902439024390244 0.24457142857142858 0.4079822616407982 0.24342857142857144 0.4190687361419069 0.25485714285714284 0.43458980044345896 0.2754285714285714 0.4401330376940133 0.2937142857142857 0.4312638580931264 0.29828571428571427 0.4212860310421286 0.29828571428571427 0.4079822616407982 0.2937142857142857 0.3991130820399113 0.27314285714285713 0.3902439024390244
0 0.24457142857142858 0.4356984478935698 0.2377142857142857 0.43902439024390244 0.2342857142857143 0.43680709534368073 0.22628571428571428 0.4434589800443459 0.22171428571428572 0.45121951219512196 0.22285714285714286 0.4634146341463415 0.24 0.48004434589800443 0.2651428571428571 0.4778270509977827 0.27085714285714285 0.4656319290465632 0.26971428571428574 0.4501108647450111 0.25942857142857145 0.44124168514412415 0.24571428571428572 0.43680709534368073
0 0.21485714285714286 0.47560975609756095 0.20685714285714285 0.47671840354767187 0.2 0.48226164079822614 0.19657142857142856 0.49002217294900224 0.1977142857142857 0.5044345898004434 0.2057142857142857 0.5144124168514412 0.22742857142857142 0.5177383592017738 0.24 0.5133037694013304 0.24342857142857144 0.5044345898004434 0.2377142857142857 0.48337028824833705 0.224 0.47560975609756095
0 0.16228571428571428 0.43680709534368073 0.14285714285714285 0.4434589800443459 0.128 0.46674057649667405 0.128 0.4778270509977827 0.13485714285714287 0.4933481152993348 0.15771428571428572 0.5033259423503326 0.17142857142857143 0.5022172949002217 0.18171428571428572 0.49667405764966743 0.18971428571428572 0.49002217294900224 0.19314285714285714 0.4811529933481153 0.192 0.4556541019955654 0.17142857142857143 0.43680709534368073
0 0.20457142857142857 0.39135254988913526 0.18171428571428572 0.40687361419068735 0.1782857142857143 0.41685144124168516 0.18171428571428572 0.4356984478935698 0.19657142857142856 0.4467849223946785 0.21485714285714286 0.44567627494456763 0.22285714285714286 0.44124168514412415 0.22857142857142856 0.4356984478935698 0.23314285714285715 0.4223946784922395 0.23085714285714284 0.40687361419068735 0.21142857142857144 0.39135254988913526
0 0.2057142857142857 0.34700665188470065 0.18971428571428572 0.3580931263858093 0.18628571428571428 0.36585365853658536 0.18857142857142858 0.3736141906873614 0.20342857142857143 0.3802660753880266 0.216 0.3780487804878049 0.224 0.3669623059866962 0.224 0.3580931263858093 0.21257142857142858 0.34700665188470065
0 0.26571428571428574 0.34035476718403546 0.24685714285714286 0.3458980044345898 0.23885714285714285 0.3625277161862528 0.24 0.37028824833702884 0.2571428571428571 0.38248337028824836 0.27885714285714286 0.37915742793791574 0.288 0.369179600886918 0.288 0.3558758314855876 0.2822857142857143 0.3458980044345898 0.27314285714285713 0.34035476718403546
0 0.21885714285714286 0.28824833702882485 0.21142857142857144 0.28824833702882485 0.2057142857142857 0.29379157427937913 0.2 0.3070953436807095 0.2 0.3215077605321508 0.2102857142857143 0.33592017738359203 0.22857142857142856 0.34146341463414637 0.25142857142857145 0.3325942350332594 0.2571428571428571 0.32483370288248337 0.2571428571428571 0.3170731707317073 0.25485714285714284 0.30598669623059865 0.24685714285714286 0.29490022172949004 0.2377142857142857 0.2893569844789357 0.22628571428571428 0.28824833702882485
0 0.30057142857142854 0.2804878048780488 0.2834285714285714 0.28159645232815966 0.2754285714285714 0.2860310421286031 0.2662857142857143 0.30598669623059865 0.2674285714285714 0.3215077605321508 0.2742857142857143 0.33370288248337027 0.296 0.34700665188470065 0.32 0.34146341463414637 0.328 0.33370288248337027 0.3314285714285714 0.3215077605321508 0.3291428571428571 0.3026607538802661 0.32342857142857145 0.2926829268292683 0.3062857142857143 0.2804878048780488
0 0.352 0.2660753880266075 0.344 0.27161862527716185 0.3382857142857143 0.28159645232815966 0.3382857142857143 0.3070953436807095 0.3497142857142857 0.31596452328159647 0.3657142857142857 0.3203991130820399 0.38057142857142856 0.3048780487804878 0.38171428571428573 0.29379157427937913 0.376 0.2749445676274945 0.36114285714285715 0.2660753880266075
0 0.35485714285714287 0.32483370288248337 0.3394285714285714 0.3270509977827051 0.33371428571428574 0.3370288248337029 0.33485714285714285 0.3514412416851441 0.3497142857142857 0.3647450110864745 0.36228571428571427 0.36363636363636365 0.3782857142857143 0.34811529933481156 0.3702857142857143 0.32926829268292684 0.36114285714285715 0.32483370288248337
0 0.4022857142857143 0.32483370288248337 0.38857142857142857 0.3325942350332594 0.38742857142857146 0.34146341463414637 0.3977142857142857 0.35033259423503327 0.4205714285714286 0.352549889135255 0.4228571428571429 0.3425720620842572 0.41942857142857143 0.33148558758314856 0.4057142857142857 0.32483370288248337
0 0.45085714285714285 0.35033259423503327 0.4377142857142857 0.3514412416851441 0.4308571428571429 0.35698447893569846 0.4308571428571429 0.3669623059866962 0.43542857142857144 0.37472283813747226 0.448 0.38248337028824836 0.4617142857142857 0.37915742793791574 0.4685714285714286 0.369179600886918 0.4674285714285714 0.35920177383592017 0.45714285714285713 0.35033259423503327
0 0.1977142857142857 0.5188470066518847 0.18514285714285714 0.5288248337028825 0.18857142857142858 0.5443458980044346 0.19542857142857142 0.549889135254989 0.2057142857142857 0.549889135254989 0.21371428571428572 0.5443458980044346 0.21371428571428572 0.524390243902439 0.20342857142857143 0.5188470066518847
0 0.1657142857142857 0.5099778270509978 0.15771428571428572 0.5110864745011087 0.15085714285714286 0.5199556541019955 0.152 0.5299334811529933 0.16 0.5388026607538803 0.17142857142857143 0.5376940133037694 0.17942857142857144 0.5310421286031042 0.1782857142857143 0.5188470066518847 0.17142857142857143 0.5099778270509978
0 0.15428571428571428 0.5421286031042128 0.1462857142857143 0.5476718403547672 0.14285714285714285 0.5609756097560976 0.14742857142857144 0.565410199556541 0.16 0.5676274944567627 0.1657142857142857 0.565410199556541 0.16914285714285715 0.5565410199556541 0.16685714285714287 0.5465631929046563 0.15885714285714286 0.5421286031042128
0 0.448 0.23503325942350334 0.43885714285714283 0.2394678492239468 0.4342857142857143 0.24611973392461198 0.43542857142857144 0.2638580931263858 0.448 0.2749445676274945 0.4662857142857143 0.2682926829268293 0.48 0.25609756097560976 0.4742857142857143 0.24168514412416853 0.45257142857142857 0.23503325942350334
0 0.5257142857142857 0.22505543237250555 0.5177142857142857 0.24057649667405764 0.5211428571428571 0.24944567627494457 0.5428571428571428 0.2549889135254989 0.5542857142857143 0.24501108647450112 0.5542857142857143 0.2328159645232816 0.5348571428571428 0.22505543237250555
0 0.49257142857142855 0.24057649667405764 0.488 0.24501108647450112 0.48914285714285716 0.2572062084257206 0.504 0.2616407982261641 0.512 0.25942350332594233 0.5154285714285715 0.2549889135254989 0.512 0.24611973392461198 0.49714285714285716 0.24057649667405764
0 0.5211428571428571 0.2583148558758315 0.5131428571428571 0.26496674057649666 0.5245714285714286 0.27827050997782704 0.5405714285714286 0.26718403547671843 0.5394285714285715 0.26274944567627495 0.528 0.2583148558758315
0 0.5565714285714286 0.25388026607538805 0.544 0.2638580931263858 0.5497142857142857 0.2727272727272727 0.5588571428571428 0.2727272727272727 0.5657142857142857 0.2682926829268293 0.5668571428571428 0.2572062084257206 0.5634285714285714 0.25388026607538805
0 0.5817142857142857 0.25055432372505543 0.5702857142857143 0.2583148558758315 0.5702857142857143 0.26940133037694014 0.5771428571428572 0.2749445676274945 0.5954285714285714 0.26718403547671843 0.5965714285714285 0.2572062084257206 0.5897142857142857 0.25055432372505543
0 0.5725714285714286 0.2261640798226164 0.5588571428571428 0.23392461197339245 0.56 0.24722838137472283 0.5634285714285714 0.25055432372505543 0.5782857142857143 0.24611973392461198 0.5817142857142857 0.2361419068736142 0.5771428571428572 0.2261640798226164
0 0.5485714285714286 0.164079822616408 0.5371428571428571 0.18736141906873613 0.536 0.20620842572062084 0.5428571428571428 0.21951219512195122 0.56 0.22505543237250555 0.5748571428571428 0.21507760532150777 0.584 0.18403547671840353 0.5737142857142857 0.16851441241685144 0.5588571428571428 0.164079822616408
0 0.31314285714285717 0.2139689578713969 0.3017142857142857 0.21618625277161863 0.2914285714285714 0.2261640798226164 0.288 0.24722838137472283 0.29828571428571427 0.26940133037694014 0.30857142857142855 0.27605321507760533 0.32342857142857145 0.2771618625277162 0.3382857142857143 0.26718403547671843 0.344 0.2516629711751663 0.344 0.23835920177383593 0.3302857142857143 0.21951219512195122 0.3142857142857143 0.2139689578713969
0 0.18857142857142858 0.2394678492239468 0.176 0.2516629711751663 0.1737142857142857 0.26496674057649666 0.18285714285714286 0.2804878048780488 0.19428571428571428 0.2838137472283814 0.21257142857142858 0.2793791574279379 0.21942857142857142 0.2660753880266075 0.21257142857142858 0.24722838137472283 0.19885714285714284 0.2394678492239468
0 0.25142857142857145 0.2328159645232816 0.23885714285714285 0.23835920177383593 0.23542857142857143 0.2616407982261641 0.2422857142857143 0.2771618625277162 0.2582857142857143 0.2838137472283814 0.27314285714285713 0.27605321507760533 0.28114285714285714 0.26496674057649666 0.2822857142857143 0.2572062084257206 0.27314285714285713 0.2394678492239468 0.2662857142857143 0.23503325942350334 0.25257142857142856 0.23392461197339245
0 0.3142857142857143 0.16851441241685144 0.29942857142857143 0.17849223946784923 0.29714285714285715 0.18625277161862527 0.29942857142857143 0.2017738359201774 0.3097142857142857 0.2073170731707317 0.3222857142857143 0.2073170731707317 0.3314285714285714 0.2006651884700665 0.33371428571428574 0.18514412416851442 0.3302857142857143 0.17405764966740578 0.32342857142857145 0.16851441241685144
0 0.3485714285714286 0.1574279379157428 0.3394285714285714 0.16518847006651885 0.3382857142857143 0.18292682926829268 0.34514285714285714 0.188470066518847 0.35428571428571426 0.18957871396895787 0.3657142857142857 0.18403547671840353 0.3668571428571429 0.1696230598669623 0.3588571428571429 0.15964523281596452 0.3497142857142857 0.1574279379157428
0 0.3417142857142857 0.19623059866962306 0.33485714285714285 0.2039911308203991 0.336 0.21729490022172948 0.344 0.22394678492239467 0.35428571428571426 0.22505543237250555 0.36114285714285715 0.21840354767184036 0.36114285714285715 0.20620842572062084 0.3485714285714286 0.19623059866962306
0 0.376 0.18625277161862527 0.368 0.1951219512195122 0.368 0.21286031042128603 0.37142857142857144 0.21951219512195122 0.38285714285714284 0.22283813747228381 0.3931428571428571 0.2139689578713969 0.3954285714285714 0.2017738359201774 0.3851428571428571 0.18736141906873613 0.3782857142857143 0.18625277161862527
0 0.36457142857142855 0.22727272727272727 0.35428571428571426 0.23392461197339245 0.352 0.25277161862527714 0.3577142857142857 0.25942350332594233 0.3657142857142857 0.2616407982261641 0.38285714285714284 0.2516629711751663 0.38057142857142856 0.23392461197339245 0.3702857142857143 0.22727272727272727
0 0.4045714285714286 0.21951219512195122 0.392 0.2261640798226164 0.38971428571428574 0.2394678492239468 0.3954285714285714 0.2516629711751663 0.41485714285714287 0.25942350332594233 0.42628571428571427 0.2516629711751663 0.42628571428571427 0.2361419068736142 0.408 0.21951219512195122
0 0.38857142857142857 0.26053215077605324 0.3851428571428571 0.2616407982261641 0.384 0.2682926829268293 0.3954285714285714 0.2926829268292683 0.4057142857142857 0.29046563192904656 0.4102857142857143 0.2838137472283814 0.40914285714285714 0.2660753880266075 0.3977142857142857 0.26053215077605324
0 0.42514285714285716 0.29711751662971175 0.4137142857142857 0.30598669623059865 0.4137142857142857 0.3148558758314856 0.424 0.3237250554323725 0.44342857142857145 0.3215077605321508 0.4491428571428571 0.3148558758314856 0.448 0.3093126385809313 0.43885714285714283 0.3004434589800443 0.42742857142857144 0.29933481152993346
0 0.45257142857142857 0.38913525498891355 0.44685714285714284 0.38913525498891355 0.44 0.3946784922394678 0.43657142857142855 0.40687361419068735 0.4502857142857143 0.4212860310421286 0.4662857142857143 0.4212860310421286 0.4742857142857143 0.4157427937915743 0.4754285714285714 0.4024390243902439 0.472 0.39578713968957874 0.4582857142857143 0.38913525498891355
0 0.5874285714285714 0.1917960088691796 0.5794285714285714 0.21618625277161863 0.5851428571428572 0.22394678492239467 0.5954285714285714 0.22172949002217296 0.6034285714285714 0.21286031042128603 0.6022857142857143 0.2006651884700665 0.592 0.1917960088691796
0 0.5188571428571429 0.1574279379157428 0.512 0.16186252771618626 0.5051428571428571 0.18181818181818182 0.5085714285714286 0.18957871396895787 0.5165714285714286 0.19401330376940132 0.5222857142857142 0.19401330376940132 0.5337142857142857 0.18403547671840353 0.5405714285714286 0.1674057649667406 0.5382857142857143 0.1607538802660754 0.5234285714285715 0.1574279379157428
0 0.47314285714285714 0.12971175166297116 0.45714285714285713 0.1385809312638581 0.448 0.164079822616408 0.46514285714285714 0.18514412416851442 0.48342857142857143 0.18736141906873613 0.49714285714285716 0.18181818181818182 0.5062857142857143 0.1662971175166297 0.5085714285714286 0.15077605321507762 0.5051428571428571 0.13968957871396895 0.4982857142857143 0.1319290465631929 0.4742857142857143 0.12971175166297116
0 0.4377142857142857 0.12084257206208426 0.4102857142857143 0.1419068736141907 0.408 0.15853658536585366 0.41828571428571426 0.16851441241685144 0.43885714285714283 0.16186252771618626 0.4514285714285714 0.14301552106430154 0.45257142857142857 0.12971175166297116 0.448 0.12305986696230599 0.44 0.12084257206208426
0 0.3977142857142857 0.09090909090909091 0.38857142857142857 0.10199556541019955 0.3851428571428571 0.1197339246119734 0.38857142857142857 0.12971175166297116 0.4045714285714286 0.13303769401330376 0.416 0.1286031042128603 0.42742857142857144 0.11751662971175167 0.4297142857142857 0.10421286031042129 0.4205714285714286 0.0942350332594235 0.40114285714285713 0.09090909090909091
0 0.328 0.13082039911308205 0.3211428571428571 0.13303769401330376 0.31314285714285717 0.14412416851441243 0.31542857142857145 0.15853658536585366 0.32342857142857145 0.1629711751662971 0.33485714285714285 0.15853658536585366 0.3405714285714286 0.14966740576496673 0.3382857142857143 0.1352549889135255 0.3291428571428571 0.13082039911308205
0 0.2857142857142857 0.13968957871396895 0.27314285714285713 0.14745011086474502 0.26857142857142857 0.15853658536585366 0.27085714285714285 0.17184035476718404 0.2857142857142857 0.17849223946784923 0.29714285714285715 0.1729490022172949 0.3062857142857143 0.15853658536585366 0.304 0.14745011086474502 0.2925714285714286 0.13968957871396895
0 0.272 0.18292682926829268 0.264 0.18625277161862527 0.2582857142857143 0.19623059866962306 0.26171428571428573 0.21618625277161863 0.27085714285714285 0.22727272727272727 0.2834285714285714 0.22505543237250555 0.2914285714285714 0.2139689578713969 0.2925714285714286 0.19955654101995565 0.288 0.18957871396895787 0.28 0.18292682926829268
0 0.24457142857142858 0.15631929046563192 0.23542857142857143 0.15964523281596452 0.22742857142857142 0.1696230598669623 0.22628571428571428 0.18292682926829268 0.23657142857142857 0.19068736141906872 0.2537142857142857 0.18736141906873613 0.26057142857142856 0.17960088691796008 0.26057142857142856 0.164079822616408 0.24914285714285714 0.15631929046563192
0 0.21485714285714286 0.19623059866962306 0.20342857142857143 0.2073170731707317 0.20114285714285715 0.22283813747228381 0.20457142857142857 0.229490022172949 0.21371428571428572 0.23503325942350334 0.22742857142857142 0.23503325942350334 0.2342857142857143 0.22727272727272727 0.2342857142857143 0.21286031042128603 0.232 0.2039911308203991 0.22171428571428572 0.19623059866962306
0 0.16742857142857143 0.18736141906873613 0.16 0.18736141906873613 0.14971428571428572 0.19401330376940132 0.14057142857142857 0.20842572062084258 0.14742857142857144 0.2328159645232816 0.16228571428571428 0.23835920177383593 0.18171428571428572 0.23503325942350334 0.192 0.22505543237250555 0.192 0.2017738359201774 0.18285714285714286 0.19068736141906872 0.17485714285714285 0.18736141906873613
0 0.20114285714285715 0.14412416851441243 0.18857142857142858 0.14634146341463414 0.1782857142857143 0.1629711751662971 0.18285714285714286 0.18292682926829268 0.19542857142857142 0.19068736141906872 0.21257142857142858 0.18736141906873613 0.22171428571428572 0.17073170731707318 0.21942857142857142 0.1541019955654102 0.2057142857142857 0.14412416851441243
0 0.14742857142857144 0.33592017738359203 0.1337142857142857 0.34700665188470065 0.13028571428571428 0.35476718403547675 0.13142857142857142 0.36363636363636365 0.14857142857142858 0.3780487804878049 0.16342857142857142 0.3802660753880266 0.17485714285714285 0.37250554323725055 0.1782857142857143 0.3614190687361419 0.1702857142857143 0.34478935698447893 0.15314285714285714 0.33592017738359203
0 0.16 0.2804878048780488 0.15085714285714286 0.28159645232815966 0.1417142857142857 0.2915742793791574 0.13714285714285715 0.29933481152993346 0.13714285714285715 0.3137472283813747 0.144 0.3270509977827051 0.168 0.33148558758314856 0.18514285714285714 0.3215077605321508 0.18857142857142858 0.3026607538802661 0.184 0.28824833702882485 0.16685714285714287 0.2804878048780488
0 0.14857142857142858 0.39356984478935697 0.1337142857142857 0.40022172949002216 0.12571428571428572 0.41352549889135254 0.13028571428571428 0.42572062084257206 0.14285714285714285 0.4356984478935698 0.15657142857142858 0.43237250554323725 0.168 0.42350332594235035 0.17142857142857143 0.4157427937915743 0.17142857142857143 0.4035476718403548 0.15657142857142858 0.39356984478935697
0 0.08114285714285714 0.3902439024390244 0.06857142857142857 0.4035476718403548 0.06857142857142857 0.42350332594235035 0.08457142857142858 0.43680709534368073 0.10628571428571429 0.4356984478935698 0.11771428571428572 0.4223946784922395 0.11542857142857142 0.4113082039911308 0.10171428571428572 0.39800443458980045 0.08685714285714285 0.3902439024390244
0 0.09485714285714286 0.4445676274944568 0.08571428571428572 0.44567627494456763 0.06971428571428571 0.46452328159645234 0.072 0.4789356984478936 0.08457142857142858 0.49223946784922396 0.10285714285714286 0.49223946784922396 0.12 0.4778270509977827 0.11885714285714286 0.458980044345898 0.10171428571428572 0.4445676274944568
0 0.08514285714285715 0.49667405764966743 0.07771428571428571 0.49667405764966743 0.07314285714285715 0.5011086474501109 0.06971428571428571 0.5077605321507761 0.07085714285714285 0.5210643015521065 0.07428571428571429 0.5288248337028825 0.09485714285714286 0.532150776053215 0.10971428571428571 0.5232815964523282 0.112 0.5099778270509978 0.10514285714285715 0.49889135254988914 0.09257142857142857 0.49667405764966743
0 0.04114285714285714 0.49889135254988914 0.02857142857142857 0.5044345898004434 0.027428571428571427 0.5232815964523282 0.03314285714285714 0.5332594235033259 0.052571428571428575 0.5354767184035477 0.061714285714285715 0.5266075388026608 0.064 0.5110864745011087 0.05714285714285714 0.5011086474501109 0.04914285714285714 0.49889135254988914
0 0.12571428571428572 0.5376940133037694 0.11885714285714286 0.5432372505543237 0.11771428571428572 0.5487804878048781 0.128 0.5576496674057649 0.13257142857142856 0.5576496674057649 0.1382857142857143 0.5487804878048781 0.1337142857142857 0.5376940133037694
0 0.04 0.44789356984478934 0.025142857142857144 0.4523281596452328 0.018285714285714287 0.46674057649667405 0.018285714285714287 0.47671840354767187 0.030857142857142857 0.49223946784922396 0.04228571428571429 0.49445676274944567 0.052571428571428575 0.49223946784922396 0.064 0.47671840354767187 0.05942857142857143 0.458980044345898 0.045714285714285714 0.44789356984478934
0 0 0.5022172949002217 0 0.5399113082039911 0.016 0.5332594235033259 0.02057142857142857 0.5254988913525499 0.018285714285714287 0.5144124168514412 0.005714285714285714 0.5022172949002217
0 0 0.45787139689578715 0 0.4955654101995565 0.010285714285714285 0.4789356984478936 0.008 0.4678492239467849 0.001142857142857143 0.45787139689578715
0 0.04 0.39356984478935697 0.02057142857142857 0.39578713968957874 0.011428571428571429 0.41352549889135254 0.011428571428571429 0.4246119733924612 0.024 0.44124168514412415 0.046857142857142854 0.44124168514412415 0.061714285714285715 0.4246119733924612 0.05942857142857143 0.41019955654101997 0.045714285714285714 0.39356984478935697
0 0 0.41352549889135254 0 0.4445676274944568 0.006857142857142857 0.42904656319290463 0.001142857142857143 0.41352549889135254
0 0.026857142857142857 0.34146341463414637 0.009142857142857144 0.34811529933481156 0.0034285714285714284 0.3614190687361419 0.005714285714285714 0.37250554323725055 0.02057142857142857 0.3869179600886918 0.04228571428571429 0.38470066518847007 0.05142857142857143 0.3669623059866962 0.05028571428571429 0.35476718403547675 0.03314285714285714 0.34146341463414637
0 0.09028571428571429 0.3303769401330377 0.06857142857142857 0.3348115299334812 0.05942857142857143 0.35033259423503327 0.061714285714285715 0.36807095343680707 0.07885714285714286 0.37915742793791574 0.10285714285714286 0.37472283813747226 0.112 0.369179600886918 0.11885714285714286 0.35920177383592017 0.11657142857142858 0.3392461197339246 0.09714285714285714 0.3303769401330377
0 0.10514285714285715 0.28492239467849223 0.09142857142857143 0.28824833702882485 0.08457142857142858 0.2960088691796009 0.08228571428571428 0.30598669623059865 0.09371428571428571 0.3215077605321508 0.10857142857142857 0.3270509977827051 0.11885714285714286 0.32483370288248337 0.13028571428571428 0.31042128603104213 0.12914285714285714 0.29711751662971175 0.11314285714285714 0.28492239467849223
0 0.10571428571428572 0.24279379157427938 0.09371428571428571 0.24501108647450112 0.08114285714285714 0.26053215077605324 0.08114285714285714 0.2682926829268293 0.09142857142857143 0.2804878048780488 0.11542857142857142 0.27827050997782704 0.12457142857142857 0.27161862527716185 0.12457142857142857 0.25277161862527714 0.11314285714285714 0.24279379157427938
0 0.14514285714285713 0.24057649667405764 0.13485714285714287 0.24833702882483372 0.13257142857142856 0.26053215077605324 0.13485714285714287 0.26718403547671843 0.14514285714285713 0.2738359201773836 0.15542857142857142 0.2727272727272727 0.1657142857142857 0.2616407982261641 0.16457142857142856 0.24833702882483372 0.15542857142857142 0.24057649667405764
0 0.04914285714285714 0.22283813747228381 0.022857142857142857 0.2361419068736142 0.016 0.24611973392461198 0.014857142857142857 0.2549889135254989 0.019428571428571427 0.270509977827051 0.03314285714285714 0.27827050997782704 0.05942857142857143 0.27605321507760533 0.07085714285714285 0.2638580931263858 0.072 0.24722838137472283 0.06857142857142857 0.23392461197339245 0.064 0.22727272727272727 0.054857142857142854 0.22283813747228381
0 0.05028571428571429 0.28492239467849223 0.036571428571428574 0.2893569844789357 0.024 0.30598669623059865 0.027428571428571427 0.3270509977827051 0.04228571428571429 0.33813747228381374 0.05828571428571429 0.33592017738359203 0.07085714285714285 0.3237250554323725 0.07428571428571429 0.3137472283813747 0.072 0.3004434589800443 0.056 0.28492239467849223
0 0 0.29490022172949004 0 0.3436807095343681 0.009142857142857144 0.3392461197339246 0.019428571428571427 0.32483370288248337 0.017142857142857144 0.30598669623059865 0.001142857142857143 0.29490022172949004
0 0.112 0.17184035476718404 0.10057142857142858 0.17849223946784923 0.09485714285714286 0.19068736141906872 0.09828571428571428 0.2106430155210643 0.11085714285714286 0.21729490022172948 0.128 0.21286031042128603 0.13714285714285715 0.19955654101995565 0.1337142857142857 0.18070953436807094 0.12 0.17184035476718404
0 0.12685714285714286 0.21951219512195122 0.11542857142857142 0.22394678492239467 0.11085714285714286 0.23059866962305986 0.11314285714285714 0.23835920177383593 0.12342857142857143 0.24390243902439024 0.1337142857142857 0.24168514412416853 0.13942857142857143 0.23503325942350334 0.13942857142857143 0.22838137472283815 0.13142857142857142 0.21951219512195122
0 0.08457142857142858 0.21840354767184036 0.07771428571428571 0.22727272727272727 0.08114285714285714 0.2361419068736142 0.088 0.2394678492239468 0.10171428571428572 0.23392461197339245 0.10285714285714286 0.23059866962305986 0.10285714285714286 0.22283813747228381 0.09485714285714286 0.21840354767184036
0 0.060571428571428575 0.17849223946784923 0.05028571428571429 0.18625277161862527 0.045714285714285714 0.2006651884700665 0.04914285714285714 0.21286031042128603 0.056 0.21729490022172948 0.07885714285714286 0.21286031042128603 0.08571428571428572 0.2017738359201774 0.08228571428571428 0.18625277161862527 0.07428571428571429 0.17960088691796008 0.06285714285714286 0.17849223946784923
0 0.018285714285714287 0.17516629711751663 0 0.18403547671840353 0 0.20509977827050999 0.010285714285714285 0.21729490022172948 0.025142857142857144 0.21507760532150777 0.036571428571428574 0.20620842572062084 0.036571428571428574 0.18736141906873613 0.030857142857142857 0.17738359201773837 0.021714285714285714 0.17516629711751663
0 0 0.22172949002217296 0 0.25388026607538805 0.010285714285714285 0.24279379157427938 0.009142857142857144 0.23059866962305986 0.001142857142857143 0.22172949002217296
0 0.08342857142857144 0.14301552106430154 0.07314285714285715 0.15521064301552107 0.07314285714285715 0.16851441241685144 0.08457142857142858 0.17738359201773837 0.09828571428571428 0.1729490022172949 0.104 0.164079822616408 0.104 0.15188470066518847 0.09371428571428571 0.14301552106430154
0 0.11771428571428572 0.14301552106430154 0.11085714285714286 0.15077605321507762 0.11085714285714286 0.16186252771618626 0.11771428571428572 0.1662971175166297 0.12914285714285714 0.16518847006651885 0.1337142857142857 0.15853658536585366 0.13257142857142856 0.14966740576496673 0.12342857142857143 0.14301552106430154
0 0.10285714285714286 0.11419068736141907 0.09142857142857143 0.12305986696230599 0.09028571428571429 0.1286031042128603 0.09371428571428571 0.13747228381374724 0.10285714285714286 0.1419068736141907 0.11085714285714286 0.14079822616407983 0.12 0.1319290465631929 0.11885714285714286 0.12084257206208426 0.10857142857142857 0.11419068736141907
0 0.07428571428571429 0.1130820399113082 0.061714285714285715 0.11862527716186252 0.05942857142857143 0.13636363636363635 0.064 0.1419068736141907 0.07657142857142857 0.14079822616407983 0.08342857142857144 0.13303769401330376 0.08571428571428572 0.12084257206208426 0.07542857142857143 0.11419068736141907
0 0.04342857142857143 0.10975609756097561 0.03542857142857143 0.11197339246119734 0.02857142857142857 0.12195121951219512 0.030857142857142857 0.1319290465631929 0.036571428571428574 0.13747228381374724 0.046857142857142854 0.13747228381374724 0.056 0.1286031042128603 0.05828571428571429 0.1164079822616408 0.05028571428571429 0.10975609756097561
0 0.04342857142857143 0.14301552106430154 0.03314285714285714 0.14855875831485588 0.029714285714285714 0.1607538802660754 0.03542857142857143 0.1729490022172949 0.048 0.17738359201773837 0.05828571428571429 0.1729490022172949 0.06628571428571428 0.1607538802660754 0.061714285714285715 0.14745011086474502 0.053714285714285714 0.14301552106430154
0 0.005714285714285714 0.12527716186252771 0 0.12749445676274945 0.002285714285714286 0.1674057649667406 0.017142857142857144 0.16518847006651885 0.025142857142857144 0.15299334811529933 0.026285714285714287 0.13636363636363635 0.016 0.12527716186252771
0 0.152 0.14745011086474502 0.14514285714285713 0.14966740576496673 0.13942857142857143 0.1574279379157428 0.13942857142857143 0.17405764966740578 0.144 0.18070953436807094 0.15428571428571428 0.18514412416851442 0.16114285714285714 0.18292682926829268 0.17142857142857143 0.16851441241685144 0.17142857142857143 0.15853658536585366 0.16114285714285714 0.14745011086474502
0 0.17485714285714285 0.11086474501108648 0.16457142857142856 0.11419068736141907 0.15885714285714286 0.12195121951219512 0.16114285714285714 0.1385809312638581 0.1737142857142857 0.14523281596452328 0.18514285714285714 0.14412416851441243 0.19314285714285714 0.12971175166297116 0.18971428571428572 0.11529933481152993 0.18171428571428572 0.11086474501108648
0 0.20914285714285713 0.11529933481152993 0.2022857142857143 0.11862527716186252 0.1977142857142857 0.12971175166297116 0.20457142857142857 0.1385809312638581 0.21257142857142858 0.13747228381374724 0.21828571428571428 0.13082039911308205 0.21828571428571428 0.12084257206208426 0.21371428571428572 0.11529933481152993
0 0.22857142857142856 0.12305986696230599 0.21942857142857142 0.13747228381374724 0.22057142857142858 0.14634146341463414 0.22857142857142856 0.15299334811529933 0.24 0.15188470066518847 0.24685714285714286 0.1419068736141907 0.24571428571428572 0.12971175166297116 0.2377142857142857 0.12305986696230599
0 0.2582857142857143 0.1319290465631929 0.2537142857142857 0.1352549889135255 0.2502857142857143 0.14634146341463414 0.2537142857142857 0.1541019955654102 0.26171428571428573 0.15299334811529933 0.26971428571428574 0.14412416851441243 0.26857142857142857 0.13303769401330376 0.25942857142857145 0.1319290465631929
0 0.2777142857142857 0.11086474501108648 0.26971428571428574 0.11529933481152993 0.26857142857142857 0.1286031042128603 0.272 0.13414634146341464 0.27885714285714286 0.1352549889135255 0.28914285714285715 0.1319290465631929 0.2914285714285714 0.12305986696230599 0.29028571428571426 0.1164079822616408 0.2822857142857143 0.11086474501108648
0 0.30057142857142854 0.1130820399113082 0.296 0.11862527716186252 0.296 0.13303769401330376 0.29942857142857143 0.1352549889135255 0.30857142857142855 0.1352549889135255 0.31542857142857145 0.12971175166297116 0.31542857142857145 0.1197339246119734 0.30857142857142855 0.1130820399113082
0 0.2742857142857143 0.0787139689578714 0.2674285714285714 0.08093126385809313 0.26057142857142856 0.09201773835920177 0.26171428571428573 0.09866962305986696 0.26971428571428574 0.10532150776053215 0.2822857142857143 0.10310421286031042 0.28685714285714287 0.09534368070953436 0.2845714285714286 0.08425720620842572 0.2754285714285714 0.0787139689578714
0 0.2937142857142857 0.04656319290465632 0.28914285714285715 0.04988913525498891 0.2834285714285714 0.07427937915742794 0.2925714285714286 0.08980044345898004 0.30742857142857144 0.09090909090909091 0.3177142857142857 0.08536585365853659 0.32 0.06762749445676275 0.3097142857142857 0.0598669623059867 0.30857142857142855 0.050997782705099776 0.2948571428571429 0.04767184035476718
0 0.3325714285714286 0.06984478935698447 0.32 0.08093126385809313 0.32 0.09090909090909091 0.32457142857142857 0.0975609756097561 0.3417142857142857 0.10199556541019955 0.3497142857142857 0.09534368070953436 0.35314285714285715 0.07982261640798226 0.3382857142857143 0.06984478935698447
0 0.4308571428571429 0.1729490022172949 0.4205714285714286 0.17849223946784923 0.41942857142857143 0.1984478935698448 0.42742857142857144 0.20509977827050999 0.44 0.2073170731707317 0.448 0.2039911308203991 0.45371428571428574 0.19401330376940132 0.45257142857142857 0.18514412416851442 0.43885714285714283 0.1729490022172949
0 0.136 0.11419068736141907 0.12571428571428572 0.12527716186252771 0.128 0.14079822616407983 0.136 0.14634146341463414 0.144 0.14412416851441243 0.15085714285714286 0.13414634146341464 0.14971428571428572 0.11862527716186252 0.1382857142857143 0.11419068736141907
0 0.12514285714285714 0.08758314855875832 0.11314285714285714 0.08980044345898004 0.10971428571428571 0.09534368070953436 0.10857142857142857 0.10532150776053215 0.11657142857142858 0.11529933481152993 0.1337142857142857 0.10864745011086474 0.136 0.0942350332594235 0.13257142857142856 0.08758314855875832
0 0.15314285714285714 0.08536585365853659 0.1417142857142857 0.09201773835920177 0.14057142857142857 0.09866962305986696 0.14285714285714285 0.10864745011086474 0.14971428571428572 0.1130820399113082 0.15885714285714286 0.11086474501108648 0.1657142857142857 0.10310421286031042 0.16457142857142856 0.08980044345898004 0.15657142857142858 0.08536585365853659
0 0.09485714285714286 0.08980044345898004 0.08457142857142858 0.09645232815964523 0.08114285714285714 0.10532150776053215 0.08342857142857144 0.11197339246119734 0.09142857142857143 0.11529933481152993 0.10514285714285715 0.10421286031042129 0.10514285714285715 0.09645232815964523 0.096 0.08980044345898004
0 0.060571428571428575 0.082039911308204 0.053714285714285714 0.08869179600886919 0.052571428571428575 0.1008869179600887 0.06285714285714286 0.10864745011086474 0.07085714285714285 0.10753880266075388 0.08 0.09866962305986696 0.07885714285714286 0.08758314855875832 0.06857142857142857 0.082039911308204
0 0.021714285714285714 0.09534368070953436 0.004571428571428572 0.10532150776053215 0.005714285714285714 0.1197339246119734 0.019428571428571427 0.1197339246119734 0.027428571428571427 0.11529933481152993 0.030857142857142857 0.10199556541019955 0.02857142857142857 0.09534368070953436 0.022857142857142857 0.09534368070953436
0 0.018285714285714287 0.07206208425720621 0.013714285714285714 0.07760532150776053 0.014857142857142857 0.09201773835920177 0.026285714285714287 0.09090909090909091 0.03314285714285714 0.08425720620842572 0.03314285714285714 0.07649667405764966 0.026285714285714287 0.07206208425720621
0 0.04342857142857143 0.06984478935698447 0.03542857142857143 0.07538802660753881 0.03542857142857143 0.082039911308204 0.04342857142857143 0.08536585365853659 0.05142857142857143 0.07982261640798226 0.048 0.06984478935698447
0 0.03542857142857143 0.03215077605321508 0.022857142857142857 0.038802660753880266 0.017142857142857144 0.04656319290465632 0.02057142857142857 0.06762749445676275 0.03428571428571429 0.06873614190687362 0.045714285714285714 0.06097560975609756 0.045714285714285714 0.043237250554323724 0.036571428571428574 0.03215077605321508
0 0 0.03991130820399113 0 0.0787139689578714 0.008 0.07538802660753881 0.016 0.06319290465631928 0.012571428571428572 0.04656319290465632 0.002285714285714286 0.03991130820399113
0 0.07428571428571429 0.03436807095343681 0.05714285714285714 0.038802660753880266 0.05142857142857143 0.04767184035476718 0.052571428571428575 0.06430155210643015 0.06857142857142857 0.07538802660753881 0.08 0.07538802660753881 0.08914285714285715 0.06651884700665188 0.09142857142857143 0.04878048780487805 0.08114285714285714 0.03436807095343681
0 0.112 0.03436807095343681 0.09485714285714286 0.04212860310421286 0.09371428571428571 0.06208425720620843 0.10171428571428572 0.07095343680709534 0.11771428571428572 0.06762749445676275 0.12685714285714286 0.0598669623059867 0.12457142857142857 0.0565410199556541 0.12914285714285714 0.04988913525498891 0.11542857142857142 0.03436807095343681
0 0.264 0.03991130820399113 0.25142857142857145 0.04656319290465632 0.24685714285714286 0.06208425720620843 0.2502857142857143 0.07317073170731707 0.26057142857142856 0.07760532150776053 0.2777142857142857 0.07317073170731707 0.2845714285714286 0.057649667405764965 0.28114285714285714 0.05432372505543237 0.2822857142857143 0.04988913525498891 0.27085714285714285 0.03991130820399113
0 0.22628571428571428 0.03547671840354767 0.21371428571428572 0.038802660753880266 0.21142857142857144 0.05543237250554324 0.21942857142857142 0.06651884700665188 0.2342857142857143 0.06873614190687362 0.24342857142857144 0.06208425720620843 0.24571428571428572 0.052106430155210645 0.2422857142857143 0.041019955654102 0.2297142857142857 0.03547671840354767
0 0.1737142857142857 0.07982261640798226 0.168 0.08758314855875832 0.17142857142857143 0.0975609756097561 0.18514285714285714 0.09312638580931264 0.18514285714285714 0.08314855875831485 0.17942857142857144 0.07982261640798226
0 0.1977142857142857 0.08425720620842572 0.19085714285714286 0.09090909090909091 0.18857142857142858 0.10199556541019955 0.19657142857142856 0.11086474501108648 0.2057142857142857 0.10975609756097561 0.21371428571428572 0.10310421286031042 0.21371428571428572 0.09090909090909091 0.2057142857142857 0.08425720620842572
0 0.23085714285714284 0.09201773835920177 0.22171428571428572 0.09534368070953436 0.21942857142857142 0.1008869179600887 0.21942857142857142 0.11197339246119734 0.22628571428571428 0.11862527716186252 0.2422857142857143 0.10975609756097561 0.2422857142857143 0.0975609756097561 0.23314285714285715 0.09201773835920177
0 0.25142857142857145 0.10310421286031042 0.24571428571428572 0.1164079822616408 0.2537142857142857 0.12527716186252771 0.264 0.11529933481152993 0.264 0.10864745011086474 0.2582857142857143 0.10310421286031042
0 0.40114285714285713 0.1662971175166297 0.3942857142857143 0.1696230598669623 0.39085714285714285 0.17960088691796008 0.3931428571428571 0.188470066518847 0.3977142857142857 0.1917960088691796 0.40685714285714286 0.1917960088691796 0.4125714285714286 0.18403547671840353 0.4125714285714286 0.1729490022172949 0.4057142857142857 0.1662971175166297
0 0.7542857142857143 0.9035476718403548 0.7451428571428571 0.9113082039911308 0.7405714285714285 0.9223946784922394 0.7417142857142857 0.9456762749445676 0.7508571428571429 0.9523281596452328 0.7611428571428571 0.9523281596452328 0.7725714285714286 0.9323725055432373 0.7691428571428571 0.9157427937915743 0.76 0.9035476718403548
0 0.9190079999999999 0.6702993348115299 0.9138160000000001 0.67279933481153 0.9099222857142857 0.6794567627494457 0.9130742857142857 0.6839556541019955 0.9210480000000001 0.6841352549889136 0.9253131428571428 0.6798170731707318 0.9254982857142857 0.672980044345898
0 0.9243348571428571 0.8475399113082039 0.9173737142857142 0.8489024390243903 0.9134274285714286 0.8569866962305986 0.91584 0.8618791574279379 0.9248274285714286 0.8623048780487804 0.9333782857142857 0.8559223946784923 0.9338160000000001 0.8480521064301552
0 0.505328 0.20660753880266078 0.492832 0.22109645232815964 0.4915165714285714 0.2340731707317073 0.505328 0.23917960088691798 0.5184822857142858 0.22790465631929047 0.5219897142857143 0.2159911308203991 0.5136594285714285 0.2064179600886918
0 0.4570971428571428 0.21086141906873615 0.44153257142857144 0.2162039911308204 0.442848 0.2272660753880266 0.45490514285714284 0.23194567627494458 0.4715668571428571 0.2313082039911308 0.4766091428571429 0.2221607538802661 0.47047085714285714 0.21535254988913524
0 0.3874914285714286 0.14094678492239468 0.3819017142857143 0.154589800443459 0.38540914285714284 0.16075942350332595 0.3937394285714286 0.16203547671840354 0.40097485714285713 0.1582062084257206 0.40492 0.14884589800443457 0.401632 0.14140022172949002 0.39264342857142853 0.13948558758314855
0 0.3436457142857143 0.11037472283813748 0.3381645714285714 0.12369844789356983 0.3390411428571429 0.12880376940133037 0.3502217142857143 0.13178270509977827 0.3537302857142857 0.12518736141906872 0.35219542857142855 0.11348669623059866 0.3480297142857143 0.10944567627494457
0 0.3239142857142857 0.10771729490022174 0.3208457142857143 0.11838026607538803 0.3228182857142857 0.1256130820399113 0.32917599999999997 0.12795343680709534 0.3337794285714286 0.12178381374722838 0.33399885714285715 0.11561419068736142 0.33334171428571424 0.10774390243902439
0 0.221424 0.07368957871396896 0.21654628571428572 0.07504212860310422 0.21281942857142858 0.0822760532150776 0.21501142857142855 0.08759423503325943 0.22005371428571427 0.09099778270509977 0.22750742857142855 0.08695565410199556 0.2301382857142857 0.08057317073170732 0.22991885714285715 0.07440465631929047
0 0.24197714285714284 0.07182926829268294 0.23496114285714287 0.07440465631929047 0.23298857142857143 0.08121175166297118 0.23408457142857145 0.08823170731707317 0.24131885714285714 0.08950886917960088 0.24526514285714285 0.08546674057649667 0.24811542857142857 0.07695676274944568 0.24658057142857143 0.072490022172949
0 0.15812114285714285 0.06411973392461197 0.14792685714285714 0.07163858093126385 0.15296914285714286 0.07993569844789357 0.1617382857142857 0.08185033259423502 0.1685337142857143 0.07759534368070953 0.1672182857142857 0.0695110864745011 0.162176 0.06589467849223947
0 0.10249028571428571 0.07501884700665189 0.09914742857142858 0.08008869179600886 0.09914742857142858 0.08689578713968957 0.10265485714285713 0.08966186252771619 0.10923200000000001 0.08966186252771619 0.11295885714285714 0.08561973392461197 0.11383542857142856 0.07817405764966741 0.1112057142857143 0.07498337028824835
0 0.17648114285714284 0.06066407982261641 0.1705622857142857 0.06456873614190688 0.17209714285714287 0.07350443458980045 0.17955085714285715 0.07499334811529934 0.1852502857142857 0.06861086474501109 0.18481257142857144 0.06393126385809313
0 0 0.09921064301552106 0.008824 0.09870066518847008 0.012550857142857141 0.09274390243902439 0.008166857142857142 0.08423392461197339 0 0.08402217294900222 0 0.09189246119733925
0 0.36913142857142855 0.12047671840354768 0.3609097142857143 0.1274079822616408 0.36200571428571426 0.13804545454545455 0.36682857142857145 0.14485254988913526 0.37910628571428573 0.14527827050997782 0.384368 0.13336474501108647 0.3804217142857143 0.11911197339246118
0 0.6259062857142857 0.26668736141906874 0.6181234285714285 0.2671352549889135 0.6163691428571428 0.2756441241685144 0.6163691428571428 0.2826640798226164 0.6242617142857143 0.28436585365853656 0.632592 0.27883481152993345 0.632592 0.2728791574279379
0 0.7075691428571429 0.32570288248337026 0.6991839999999999 0.32763636363636367 0.6976491428571429 0.33486917960088697 0.7040068571428572 0.3433780487804878 0.7110228571428571 0.3399745011086474 0.7171611428571428 0.3318913525498891 0.7129954285714285 0.32550886917960087
0 0.8116765714285714 0.4613392461197339 0.8087245714285715 0.46844235033259424 0.8111611428571428 0.47462527716186254 0.8171577142857144 0.47407982261640796 0.822592 0.4655332594235033 0.8199691428571428 0.463169623059867
0 0.8009005714285714 0.4492949002217295 0.7967314285714285 0.4515310421286031 0.7959817142857143 0.4586230598669623 0.801416 0.46226053215077606 0.8068502857142857 0.458259423503326 0.8068502857142857 0.45389467849223947
0 0.8432994285714285 0.5217838137472284 0.8379588571428572 0.5266219512195122 0.8387085714285715 0.5351696230598669 0.8492034285714286 0.5364423503325942 0.8540754285714286 0.531350332594235 0.8533257142857142 0.5251674057649668
0 0.8896811428571428 0.6047261640798226 0.8834971428571428 0.607059866962306 0.881622857142857 0.6183348115299335 0.8849965714285714 0.6199711751662972 0.8936171428571428 0.6170620842572062 0.8945542857142857 0.6110609756097561 0.8941794285714286 0.6043325942350332
0 0.8728148571428571 0.5976818181818182 0.8685051428571429 0.6032416851441242 0.8692548571428571 0.6123337028824835 0.877688 0.6125155210643016 0.8801245714285715 0.6043325942350332 0.8788125714285715 0.5985133037694014
0 0.5042708571428571 0.9230254988913525 0.4962514285714286 0.9220742793791574 0.49599542857142853 0.933529933481153 0.5036937142857143 0.9352727272727273 0.5093394285714286 0.9300432372505544
0 0.4972137142857143 0.8993758314855875 0.4921451428571429 0.9041452328159645 0.49548114285714284 0.9118647450110864 0.5039508571428571 0.912860310421286 0.5057462857142857 0.9066352549889135 0.5031805714285714 0.9019035476718404
0 0.4924022857142857 0.8757250554323726 0.4862434285714286 0.8834767184035476 0.49086285714285716 0.8914456762749445 0.49830514285714284 0.8879589800443458 0.4988182857142857 0.879990022172949
0 0.48309942857142857 0.8548769401330377 0.48034057142857145 0.8640532150776052 0.4864994285714286 0.8702782705099779 0.49496799999999996 0.8652982261640798 0.4939417142857143 0.8560842572062084
0 0.4731554285714286 0.837139689578714 0.47161485714285717 0.8471319290465632 0.4777748571428571 0.8511164079822616 0.4854731428571428 0.8493725055432373 0.4859862857142857 0.8399101995565411 0.47880114285714287 0.8354279379157429
0 0.4567954285714286 0.7926407982261641 0.45134171428571424 0.7979689578713969 0.458528 0.8064356984478935 0.46596914285714286 0.8086762749445677 0.4690491428571429 0.8014545454545455 0.4644297142857143 0.7959767184035477
0 0.4295291428571429 0.7416064301552107 0.42593600000000004 0.7483625277161863 0.4295291428571429 0.7558337028824833 0.4364571428571428 0.7605654101995565 0.4431302857142857 0.7583237250554324 0.4415897142857143 0.7498569844789357 0.43517485714285714 0.743880266075388
0 0.21942857142857142 0.5953436807095344 0.21828571428571428 0.5997782705099778 0.22057142857142858 0.6053215077605322 0.224 0.6086474501108647 0.22742857142857142 0.6097560975609756 0.23314285714285715 0.6075388026607539 0.23542857142857143 0.6053215077605322 0.23657142857142857 0.6031042128603105 0.23657142857142857 0.5997782705099778 0.2342857142857143 0.5942350332594235 0.232 0.5931263858093127 0.22285714285714286 0.5931263858093127
0 0.11885714285714286 0.508869179600887 0.11771428571428572 0.5121951219512195 0.11771428571428572 0.5199556541019955 0.12228571428571429 0.5266075388026608 0.128 0.5299334811529933 0.13028571428571428 0.5299334811529933 0.13714285714285715 0.5277161862527716 0.1417142857142857 0.524390243902439 0.144 0.5188470066518847 0.144 0.5110864745011087 0.14285714285714285 0.5077605321507761 0.13942857142857143 0.5044345898004434 0.136 0.5022172949002217 0.12914285714285714 0.5011086474501109 0.12114285714285715 0.5055432372505543
0 0.09912228571428572 0.5359157427937916 0.09296342857142857 0.5422272727272728 0.09347657142857144 0.5489512195121952 0.09886514285714286 0.5531840354767183 0.11452 0.5539312638580931 0.11452 0.5454645232815964 0.10656457142857143 0.5397372505543238
0 0.05485371428571428 0.542139689578714 0.04908 0.5467095343680709 0.05138971428571429 0.5521884700665188 0.06293714285714286 0.5529345898004435 0.06755657142857142 0.5484523281596453 0.06293714285714286 0.5422272727272728
0 0.252136 0.602820399113082 0.24341028571428572 0.6045886917960089 0.23981714285714287 0.6105654101995566 0.24700342857142857 0.6185343680709534 0.2606045714285714 0.614549889135255 0.2611177142857143 0.606830376940133
0 0.3057062857142857 0.6314490022172949 0.2954411428571429 0.6322793791574279 0.2936445714285715 0.6387538802660754 0.30493600000000004 0.6439833702882484 0.31417485714285714 0.6399988913525498 0.311096 0.6345210643015521
0 0.5348571428571428 0.9412416851441242 0.5337142857142857 0.9456762749445676 0.5348571428571428 0.9467849223946785 0.5348571428571428 0.9556541019955654 0.536 0.9578713968957872 0.5394285714285715 0.958980044345898 0.5462857142857143 0.9567627494456763 0.5497142857142857 0.9490022172949002 0.5485714285714286 0.9478935698447893 0.5485714285714286 0.9423503325942351 0.5462857142857143 0.9390243902439024 0.5428571428571428 0.9379157427937915 0.5382857142857143 0.9390243902439024
0 0.5737142857142857 0.3625277161862528 0.5657142857142857 0.3669623059866962 0.5657142857142857 0.37583148558758317 0.5714285714285714 0.37915742793791574 0.5817142857142857 0.37250554323725055 0.5805714285714285 0.36585365853658536 0.5748571428571428 0.36363636363636365
0 0.5142857142857142 0.3392461197339246 0.5074285714285715 0.34700665188470065 0.5074285714285715 0.352549889135255 0.512 0.3558758314855876 0.5234285714285715 0.352549889135255 0.5257142857142857 0.3436807095343681 0.5211428571428571 0.3392461197339246
0 0.5291428571428571 0.6718403547671841 0.5165714285714286 0.6784922394678492 0.5188571428571429 0.6917960088691796 0.528 0.7017738359201774 0.5428571428571428 0.7006651884700665 0.5428571428571428 0.6840354767184036 0.5302857142857142 0.6729490022172949
0 0.19335885714285714 0.556109756097561 0.178368 0.5555166297117516 0.17344342857142858 0.5625432372505543 0.178368 0.5782849223946785 0.19024457142857143 0.5785654101995565 0.19893599999999997 0.5749113082039912
0 0.20929142857142857 0.5705110864745011 0.1980662857142857 0.5805332594235033 0.20154285714285713 0.5895288248337028 0.21515771428571429 0.5923392461197339 0.2229782857142857 0.5861552106430155 0.22037142857142855 0.5743492239467849